dimension_id,KEY,NAME,parent_key,ISO,ISCALCULATED
RDS_DICT_REGIONS_NSO,0,Tunisie,,,"4328009, 4328009, 4328009, 4328009, 4328009, 4328009, 4328009, 4328009"
RDS_DICT_REGIONS_NSO,28629509,District de Tunis,0,,
RDS_DICT_REGIONS_NSO,1,Nord Est,0,,"5054839, 5052829, 5053379, 5054739, 5054949, 5055059, 4847719, 4848009, 4847629, 4847809, 4847899, 5049479, 4848099, 5050939, 5156249, 5156249, 4847719, 4848009, 4847629, 4847809, 4847899, 5049479, 4848099, 5052829, 5156599, 5052829, 5054839, 4847719, 4848009, 4847629, 4847809, 4847899, 5049479, 4848099, 5054739, 5054839, 5156249"
RDS_DICT_REGIONS_NSO,11,Gouvernorat de Tunis,1,TN-11,
RDS_DICT_REGIONS_NSO,1151,Délégation de Carthage,11,,
RDS_DICT_REGIONS_NSO,1152,Délégation de La Medina,11,,
RDS_DICT_REGIONS_NSO,27679359,La Medina,1152,,
RDS_DICT_REGIONS_NSO,27679369,El Hafsia,1152,,
RDS_DICT_REGIONS_NSO,27679379,Bab Bénat,1152,,
RDS_DICT_REGIONS_NSO,27679389,Souk El Nhes,1152,,
RDS_DICT_REGIONS_NSO,27679399,El Assouak,1152,,
RDS_DICT_REGIONS_NSO,27679409,Bab Mnara,1152,,
RDS_DICT_REGIONS_NSO,27679419,Tourbet El Bey,1152,,
RDS_DICT_REGIONS_NSO,27679429,El Zraria,1152,,
RDS_DICT_REGIONS_NSO,27679439,Sidi Ali Azouz,1152,,
RDS_DICT_REGIONS_NSO,27679449,El Taoufik,1152,,
RDS_DICT_REGIONS_NSO,27679459,El Sabaghine,1152,,
RDS_DICT_REGIONS_NSO,27679469,Sidi Boumendil,1152,,
RDS_DICT_REGIONS_NSO,1153,Délégation de Bab El Bhar,11,,
RDS_DICT_REGIONS_NSO,27679479,Bab El Bhar,1153,,
RDS_DICT_REGIONS_NSO,27679489,Les Jardins,1153,,
RDS_DICT_REGIONS_NSO,27679499,Lac de Tunis,1153,,
RDS_DICT_REGIONS_NSO,27679509,Mongi Slim,1153,,
RDS_DICT_REGIONS_NSO,27679519,Habib Thameur,1153,,
RDS_DICT_REGIONS_NSO,27679529,Taïeb El M'hiri,1153,,
RDS_DICT_REGIONS_NSO,27679539,Hédi Chaker,1153,,
RDS_DICT_REGIONS_NSO,27679549,Sidi El Bahri,1153,,
RDS_DICT_REGIONS_NSO,1154,Délégation de Bab Souika,11,,
RDS_DICT_REGIONS_NSO,27679559,Tronja,1154,,
RDS_DICT_REGIONS_NSO,27679569,Bab El Khadra,1154,,
RDS_DICT_REGIONS_NSO,27679579,Bab Sâadoun,1154,,
RDS_DICT_REGIONS_NSO,27679589,Borj Zouara,1154,,
RDS_DICT_REGIONS_NSO,27679599,Bab El Assel,1154,,
RDS_DICT_REGIONS_NSO,27679609,El Halfaouine,1154,,
RDS_DICT_REGIONS_NSO,27679619,Bab Souika,1154,,
RDS_DICT_REGIONS_NSO,27679629,Bab Sidi Abdessalem,1154,,
RDS_DICT_REGIONS_NSO,27679639,Zaouiet El Bekria,1154,,
RDS_DICT_REGIONS_NSO,27679649,Hammam El Rmimi,1154,,
RDS_DICT_REGIONS_NSO,27679659,Sidi Djebali,1154,,
RDS_DICT_REGIONS_NSO,1155,Délégation de El Omrane,11,,
RDS_DICT_REGIONS_NSO,27679669,El Omrane,1155,,
RDS_DICT_REGIONS_NSO,27679679,Djebel El Ahmar,1155,,
RDS_DICT_REGIONS_NSO,27679689,Cité des Oliviers,1155,,
RDS_DICT_REGIONS_NSO,27679699,Ras Tabia,1155,,
RDS_DICT_REGIONS_NSO,27679709,Bir Atig,1155,,
RDS_DICT_REGIONS_NSO,27679719,Oued El Sebai,1155,,
RDS_DICT_REGIONS_NSO,1156,Délégation de El Omrane Supérieur,11,,
RDS_DICT_REGIONS_NSO,27679729,Cité Ibn Khaldoun I,1156,,
RDS_DICT_REGIONS_NSO,27679739,El Romana,1156,,
RDS_DICT_REGIONS_NSO,27679749,Cité Ibn Khaldoun II,1156,,
RDS_DICT_REGIONS_NSO,27679759,Cité Ibn Khaldoun VI,1156,,
RDS_DICT_REGIONS_NSO,27679769,Cité El Intilaka,1156,,
RDS_DICT_REGIONS_NSO,27679779,El Omrane Supérieur,1156,,
RDS_DICT_REGIONS_NSO,27679789,El Nassim,1156,,
RDS_DICT_REGIONS_NSO,27679799,Ahmed Tlili,1156,,
RDS_DICT_REGIONS_NSO,27679809,Es-Sadique,1156,,
RDS_DICT_REGIONS_NSO,1157,Délégation de Ettahrir,11,,
RDS_DICT_REGIONS_NSO,27679819,Ettahrir (1),1157,,
RDS_DICT_REGIONS_NSO,27679829,Ettahrir (2),1157,,
RDS_DICT_REGIONS_NSO,27679839,Ettahrir (3),1157,,
RDS_DICT_REGIONS_NSO,27679849,Ettahrir Superieur,1157,,
RDS_DICT_REGIONS_NSO,27679859,El Hadika,1157,,
RDS_DICT_REGIONS_NSO,1158,Délégation de El Menzah,11,,
RDS_DICT_REGIONS_NSO,27679869,1er Juin,1158,,
RDS_DICT_REGIONS_NSO,27679879,El Menzah,1158,,
RDS_DICT_REGIONS_NSO,27679889,El Fath,1158,,
RDS_DICT_REGIONS_NSO,27679899,El Manar,1158,,
RDS_DICT_REGIONS_NSO,27679909,El Manar (1),1158,,
RDS_DICT_REGIONS_NSO,1159,Délégation de Cité El Khadhra,11,,
RDS_DICT_REGIONS_NSO,27679919,Cité El Khadra,1159,,
RDS_DICT_REGIONS_NSO,27679929,Cité Jardin,1159,,
RDS_DICT_REGIONS_NSO,27679939,Ech-Charguia,1159,,
RDS_DICT_REGIONS_NSO,27679949,Khéreiddine Pacha,1159,,
RDS_DICT_REGIONS_NSO,27679959,Ali Belhouane,1159,,
RDS_DICT_REGIONS_NSO,27679969,Farhat Hached,1159,,
RDS_DICT_REGIONS_NSO,27679979,El Bouhaira,1159,,
RDS_DICT_REGIONS_NSO,27679989,Hay es salem,1159,,
RDS_DICT_REGIONS_NSO,1160,Délégation de Le Bardo,11,,
RDS_DICT_REGIONS_NSO,27679999,Le Bardo,1160,,
RDS_DICT_REGIONS_NSO,27680009,Le Bardo Nord,1160,,
RDS_DICT_REGIONS_NSO,27680019,Le Bardo Sud,1160,,
RDS_DICT_REGIONS_NSO,27680029,El Hadika,1160,,
RDS_DICT_REGIONS_NSO,27680039,Bou-Choucha,1160,,
RDS_DICT_REGIONS_NSO,27680049,Bonne Residence,1160,,
RDS_DICT_REGIONS_NSO,27680059,Khaznadar,1160,,
RDS_DICT_REGIONS_NSO,27680069,El Fath,1160,,
RDS_DICT_REGIONS_NSO,27680079,Ksar-Saïd,1160,,
RDS_DICT_REGIONS_NSO,27680089,Ksar-Saïd II,1160,,
RDS_DICT_REGIONS_NSO,27680099,El Bassatine,1160,,
RDS_DICT_REGIONS_NSO,27680109,Es-Säada,1160,,
RDS_DICT_REGIONS_NSO,27680119,Ksar-El Bortal,1160,,
RDS_DICT_REGIONS_NSO,27680129,Ibn Sina,1160,,
RDS_DICT_REGIONS_NSO,1161,Délégation de Sijoumi,11,,
RDS_DICT_REGIONS_NSO,27680139,Cité Helel,1161,,
RDS_DICT_REGIONS_NSO,27680149,Ali Belhouane,1161,,
RDS_DICT_REGIONS_NSO,27680159,En-Najah,1161,,
RDS_DICT_REGIONS_NSO,27680169,CIté des Martyrs,1161,,
RDS_DICT_REGIONS_NSO,27680179,Bir anniba,1161,,
RDS_DICT_REGIONS_NSO,27680189,Mellassine,1161,,
RDS_DICT_REGIONS_NSO,1162,Délégation de Ezzouhour,11,,
RDS_DICT_REGIONS_NSO,27680199,Ezzouhour,1162,,
RDS_DICT_REGIONS_NSO,27680209,Ezzouhour IV,1162,,
RDS_DICT_REGIONS_NSO,27680219,Es-Säada,1162,,
RDS_DICT_REGIONS_NSO,27680229,Es-Soumrane,1162,,
RDS_DICT_REGIONS_NSO,27680239,Cité Tayarane,1162,,
RDS_DICT_REGIONS_NSO,27680249,Bach-Hamba,1162,,
RDS_DICT_REGIONS_NSO,1163,Délégation de El Hrairia,11,,
RDS_DICT_REGIONS_NSO,27680259,El-Hraïria,1163,,
RDS_DICT_REGIONS_NSO,27680269,Ezzouhour V,1163,,
RDS_DICT_REGIONS_NSO,27680279,El Akba,1163,,
RDS_DICT_REGIONS_NSO,27680289,El Akba Supérieur,1163,,
RDS_DICT_REGIONS_NSO,27680299,Ghédir El Golla,1163,,
RDS_DICT_REGIONS_NSO,27680309,El Antit,1163,,
RDS_DICT_REGIONS_NSO,27680319,El Foula,1163,,
RDS_DICT_REGIONS_NSO,27680329,Tarak Ibn Ziad,1163,,
RDS_DICT_REGIONS_NSO,27680339,Ezzahrouni,1163,,
RDS_DICT_REGIONS_NSO,1164,Délégation de Sidi Hassine,11,,
RDS_DICT_REGIONS_NSO,27680349,Borj-Chakir,1164,,
RDS_DICT_REGIONS_NSO,27680359,Sidi Hassine,1164,,
RDS_DICT_REGIONS_NSO,27680369,El Jaïara,1164,,
RDS_DICT_REGIONS_NSO,27680379,Attar,1164,,
RDS_DICT_REGIONS_NSO,27680389,20-mars,1164,,
RDS_DICT_REGIONS_NSO,27680399,Byrine,1164,,
RDS_DICT_REGIONS_NSO,27680409,Meghiret Inzel,1164,,
RDS_DICT_REGIONS_NSO,27680419,25 'juillet,1164,,
RDS_DICT_REGIONS_NSO,27680429,14-janvier,1164,,
RDS_DICT_REGIONS_NSO,1165,Délégation de El Ouardia,11,,
RDS_DICT_REGIONS_NSO,27680439,El Ouardia,1165,,
RDS_DICT_REGIONS_NSO,27680449,Bou-Gatfa,1165,,
RDS_DICT_REGIONS_NSO,27680459,Tahar Sfar,1165,,
RDS_DICT_REGIONS_NSO,27680469,Cité El Izdihar,1165,,
RDS_DICT_REGIONS_NSO,27680479,Cité Mohamed Ali,1165,,
RDS_DICT_REGIONS_NSO,27680489,Sidi Belhassen,1165,,
RDS_DICT_REGIONS_NSO,1166,Délégation de El Kabaria,11,,
RDS_DICT_REGIONS_NSO,27680499,El Kabaria (1),1166,,
RDS_DICT_REGIONS_NSO,27680509,El Kabaria (2),1166,,
RDS_DICT_REGIONS_NSO,27680519,El Kabaria (3),1166,,
RDS_DICT_REGIONS_NSO,27680529,El Kabaria (4),1166,,
RDS_DICT_REGIONS_NSO,27680539,Cité Ennour,1166,,
RDS_DICT_REGIONS_NSO,27680549,Ibn Sina (1),1166,,
RDS_DICT_REGIONS_NSO,27680559,Ibn Sina (2),1166,,
RDS_DICT_REGIONS_NSO,27680569,El Mourouj (2),1166,,
RDS_DICT_REGIONS_NSO,1167,Délégation de Sidi El Béchir,11,,
RDS_DICT_REGIONS_NSO,27680579,Sidi El Béchir,1167,,
RDS_DICT_REGIONS_NSO,27680589,Sidi Mansour,1167,,
RDS_DICT_REGIONS_NSO,27680599,Mâakel Ezzaïm,1167,,
RDS_DICT_REGIONS_NSO,27680609,Farhat Hached,1167,,
RDS_DICT_REGIONS_NSO,27680619,Abulkacem Ech-chebbi,1167,,
RDS_DICT_REGIONS_NSO,27680629,Saïda Manoubia,1167,,
RDS_DICT_REGIONS_NSO,1168,Délégation de Djebel Djelloud,11,,
RDS_DICT_REGIONS_NSO,27680639,Sidi Fathallah,1168,,
RDS_DICT_REGIONS_NSO,27680649,Ali Bach-Hamba,1168,,
RDS_DICT_REGIONS_NSO,27680659,El Garjouma,1168,,
RDS_DICT_REGIONS_NSO,27680669,Cité El Fath,1168,,
RDS_DICT_REGIONS_NSO,27680679,Es-Sebkha,1168,,
RDS_DICT_REGIONS_NSO,27680689,El Afrane,1168,,
RDS_DICT_REGIONS_NSO,27680699,Djebel Djeloud,1168,,
RDS_DICT_REGIONS_NSO,1169,Délégation de La Goulette,11,,
RDS_DICT_REGIONS_NSO,27680709,La Goulette,1169,,
RDS_DICT_REGIONS_NSO,27680719,La Goulette Casino,1169,,
RDS_DICT_REGIONS_NSO,27680729,Khéireddine,1169,,
RDS_DICT_REGIONS_NSO,27680739,Taîeb Mhiri,1169,,
RDS_DICT_REGIONS_NSO,27680749,Cité Essalama,1169,,
RDS_DICT_REGIONS_NSO,1170,Délégation de Le Kram,11,,
RDS_DICT_REGIONS_NSO,27680759,Le Kram Est,1170,,
RDS_DICT_REGIONS_NSO,27680769,Erriadh,1170,,
RDS_DICT_REGIONS_NSO,27680779,El Bouhaïra,1170,,
RDS_DICT_REGIONS_NSO,27680789,Sidi Fredj,1170,,
RDS_DICT_REGIONS_NSO,27680799,Le Kram Ouest,1170,,
RDS_DICT_REGIONS_NSO,27680809,Sidi Amor,1170,,
RDS_DICT_REGIONS_NSO,27680819,Bir El Helou,1170,,
RDS_DICT_REGIONS_NSO,1171,Délégation de La Marsa,11,,
RDS_DICT_REGIONS_NSO,27680829,La Marsa Plage,1171,,
RDS_DICT_REGIONS_NSO,27680839,La Marsa Medina,1171,,
RDS_DICT_REGIONS_NSO,27680849,La Marsa Hadayek,1171,,
RDS_DICT_REGIONS_NSO,27680859,La Marsa Erriadh,1171,,
RDS_DICT_REGIONS_NSO,27680869,Er-Rmila,1171,,
RDS_DICT_REGIONS_NSO,27680879,La Marsa El Montazeh,1171,,
RDS_DICT_REGIONS_NSO,27680889,Gammarth,1171,,
RDS_DICT_REGIONS_NSO,27680899,Gammarth Supérieur,1171,,
RDS_DICT_REGIONS_NSO,27680909,Sidi Daoued,1171,,
RDS_DICT_REGIONS_NSO,27680919,El Bahr El Azrak,1171,,
RDS_DICT_REGIONS_NSO,12,Gouvernorat de L'Ariana,1,TN-12,
RDS_DICT_REGIONS_NSO,1251,Délégation de L'Ariana Ville,12,,
RDS_DICT_REGIONS_NSO,27680929,La nouvelle Ariana,1251,,
RDS_DICT_REGIONS_NSO,27680939,Ariana supérieur,1251,,
RDS_DICT_REGIONS_NSO,27680949,L'Ariana Ville,1251,,
RDS_DICT_REGIONS_NSO,27680959,El Menzah V,1251,,
RDS_DICT_REGIONS_NSO,27680969,El Menzah VI,1251,,
RDS_DICT_REGIONS_NSO,27680979,Etâamir,1251,,
RDS_DICT_REGIONS_NSO,27680989,El Yasmina,1251,,
RDS_DICT_REGIONS_NSO,27680999,Ennasr 1,1251,,
RDS_DICT_REGIONS_NSO,27681009,Ennasr 2,1251,,
RDS_DICT_REGIONS_NSO,1252,Délégation de Soukra,12,,
RDS_DICT_REGIONS_NSO,27681019,Soukra,1252,,
RDS_DICT_REGIONS_NSO,27681029,Dar Fadhal,1252,,
RDS_DICT_REGIONS_NSO,27681039,El Bessatine,1252,,
RDS_DICT_REGIONS_NSO,27681049,Chotrana,1252,,
RDS_DICT_REGIONS_NSO,27681059,Borj El Ouzir,1252,,
RDS_DICT_REGIONS_NSO,27681069,Ennasim,1252,,
RDS_DICT_REGIONS_NSO,27681079,Ettaamir,1252,,
RDS_DICT_REGIONS_NSO,1253,Délégation de Raoued,12,,
RDS_DICT_REGIONS_NSO,27681089,Jaafer,1253,,
RDS_DICT_REGIONS_NSO,27681099,Enkhilet,1253,,
RDS_DICT_REGIONS_NSO,27681109,El Medina El Fadhila,1253,,
RDS_DICT_REGIONS_NSO,27681119,El Ghazala,1253,,
RDS_DICT_REGIONS_NSO,27681129,Raoued,1253,,
RDS_DICT_REGIONS_NSO,27681139,Bourj Ettouil,1253,,
RDS_DICT_REGIONS_NSO,27681149,Sidi Amor Bou Khtioua,1253,,
RDS_DICT_REGIONS_NSO,1254,Délégation de Kalaât El Andalous,12,,
RDS_DICT_REGIONS_NSO,27681159,Kalaat El Andalous Est,1254,,
RDS_DICT_REGIONS_NSO,27681169,Kalaat El Andalous Ouest,1254,,
RDS_DICT_REGIONS_NSO,27681179,Pont de Bizerte,1254,,
RDS_DICT_REGIONS_NSO,27681189,Bou Hanach,1254,,
RDS_DICT_REGIONS_NSO,27681199,El Hessiane,1254,,
RDS_DICT_REGIONS_NSO,27681209,Ennahli,1254,,
RDS_DICT_REGIONS_NSO,1255,Délégation de Sidi Thabet,12,,
RDS_DICT_REGIONS_NSO,27681219,Sidi Thabet,1255,,
RDS_DICT_REGIONS_NSO,27681229,Bejaoua,1255,,
RDS_DICT_REGIONS_NSO,27681239,Mongi Slim,1255,,
RDS_DICT_REGIONS_NSO,27681249,Cebalet Ben Ammar,1255,,
RDS_DICT_REGIONS_NSO,27681259,Chorfech,1255,,
RDS_DICT_REGIONS_NSO,1256,Délégation de Cité Ettadhamen,12,,
RDS_DICT_REGIONS_NSO,27681269,Cité Ettadhamen,1256,,
RDS_DICT_REGIONS_NSO,27681279,Ibn khaldoun,1256,,
RDS_DICT_REGIONS_NSO,27681289,09-avr.,1256,,
RDS_DICT_REGIONS_NSO,27681299,18-janv.,1256,,
RDS_DICT_REGIONS_NSO,27681309,20-mars,1256,,
RDS_DICT_REGIONS_NSO,27681319,Mongi Slim,1256,,
RDS_DICT_REGIONS_NSO,27681329,14 janvier,1256,,
RDS_DICT_REGIONS_NSO,27681339,Abulkassem Ech-Chebbi,1256,,
RDS_DICT_REGIONS_NSO,27681349,Khaireddine Pacha,1256,,
RDS_DICT_REGIONS_NSO,1257,Délégation de El Mnihla,12,,
RDS_DICT_REGIONS_NSO,27681359,El Mnihla,1257,,
RDS_DICT_REGIONS_NSO,27681369,Errafaha,1257,,
RDS_DICT_REGIONS_NSO,27681379,En-Nasr,1257,,
RDS_DICT_REGIONS_NSO,27681389,El-Bassatine,1257,,
RDS_DICT_REGIONS_NSO,27681399,15-oct.,1257,,
RDS_DICT_REGIONS_NSO,13,Gouvernorat de Ben Arous,1,TN-13,
RDS_DICT_REGIONS_NSO,1351,Délégation de Ben Arous,13,,
RDS_DICT_REGIONS_NSO,27681409,Ben Arous Est,1351,,
RDS_DICT_REGIONS_NSO,27681419,Cité Ibn Arafa,1351,,
RDS_DICT_REGIONS_NSO,27681429,El Mehiri,1351,,
RDS_DICT_REGIONS_NSO,27681439,Ben Arous Ouest,1351,,
RDS_DICT_REGIONS_NSO,27681449,Sidi Ben Arous,1351,,
RDS_DICT_REGIONS_NSO,27681459,Cité El Iskane,1351,,
RDS_DICT_REGIONS_NSO,1352,Délégation de La Nouvelle Medina,13,,
RDS_DICT_REGIONS_NSO,27681469,La Nouvelle Medina(1),1352,,
RDS_DICT_REGIONS_NSO,27681479,La Nouvelle Medina(2),1352,,
RDS_DICT_REGIONS_NSO,27681489,Sidi Mosbah,1352,,
RDS_DICT_REGIONS_NSO,27681499,El Yasminet,1352,,
RDS_DICT_REGIONS_NSO,27681509,Errabta,1352,,
RDS_DICT_REGIONS_NSO,1353,Délégation de El Mourouj,13,,
RDS_DICT_REGIONS_NSO,27681519,El Mourouj (1),1353,,
RDS_DICT_REGIONS_NSO,27681529,El Mourouj (3),1353,,
RDS_DICT_REGIONS_NSO,27681539,El Mourouj (4),1353,,
RDS_DICT_REGIONS_NSO,27681549,El Mourouj (5),1353,,
RDS_DICT_REGIONS_NSO,27681559,Bir Kassaa,1353,,
RDS_DICT_REGIONS_NSO,27681569,Farhat Hached,1353,,
RDS_DICT_REGIONS_NSO,1354,Délégation de Hammam Lif,13,,
RDS_DICT_REGIONS_NSO,27681579,Hammam Lif Ville,1354,,
RDS_DICT_REGIONS_NSO,27681589,Hammem Lif Ville 2,1354,,
RDS_DICT_REGIONS_NSO,27681599,Hammem Lif Bou Kornine,1354,,
RDS_DICT_REGIONS_NSO,27681609,Farhat Hached,1354,,
RDS_DICT_REGIONS_NSO,27681619,Hammam Lif El Malaab,1354,,
RDS_DICT_REGIONS_NSO,27681629,Cité Mohamed Ali,1354,,
RDS_DICT_REGIONS_NSO,1355,Délégation de Hammam Chôtt,13,,
RDS_DICT_REGIONS_NSO,27681639,Bir El Bey,1355,,
RDS_DICT_REGIONS_NSO,27681649,Borj Cedria,1355,,
RDS_DICT_REGIONS_NSO,27681659,Hammem Chatt,1355,,
RDS_DICT_REGIONS_NSO,1356,Délégation de Bou Mhel El Bassatine,13,,
RDS_DICT_REGIONS_NSO,27681669,Bou Mhel,1356,,
RDS_DICT_REGIONS_NSO,27681679,El Bassatine,1356,,
RDS_DICT_REGIONS_NSO,27681689,Chêla,1356,,
RDS_DICT_REGIONS_NSO,27681699,El Bassatine El Gharbya,1356,,
RDS_DICT_REGIONS_NSO,1357,Délégation de Ezzahra,13,,
RDS_DICT_REGIONS_NSO,27681709,Ez-Zahra Ville,1357,,
RDS_DICT_REGIONS_NSO,27681719,Cité El Habib,1357,,
RDS_DICT_REGIONS_NSO,27681729,18-janv.,1357,,
RDS_DICT_REGIONS_NSO,27681739,Borj El Louzir,1357,,
RDS_DICT_REGIONS_NSO,1358,Délégation de Radès,13,,
RDS_DICT_REGIONS_NSO,27681749,Rades Ville,1358,,
RDS_DICT_REGIONS_NSO,27681759,Rades Mellaha,1358,,
RDS_DICT_REGIONS_NSO,27681769,Taieb Mehiri,1358,,
RDS_DICT_REGIONS_NSO,27681779,Rades Remada,1358,,
RDS_DICT_REGIONS_NSO,27681789,Mongi Slim,1358,,
RDS_DICT_REGIONS_NSO,27681799,Rades Foret,1358,,
RDS_DICT_REGIONS_NSO,27681809,Rades Meliane,1358,,
RDS_DICT_REGIONS_NSO,27681819,Noubou,1358,,
RDS_DICT_REGIONS_NSO,1359,Délégation de Megrine,13,,
RDS_DICT_REGIONS_NSO,27681829,Megrine Superieure,1359,,
RDS_DICT_REGIONS_NSO,27681839,Megrine Riadh,1359,,
RDS_DICT_REGIONS_NSO,27681849,Jawhara,1359,,
RDS_DICT_REGIONS_NSO,27681859,Menzel Mabrouk,1359,,
RDS_DICT_REGIONS_NSO,27681869,Megrine Chaker,1359,,
RDS_DICT_REGIONS_NSO,27681879,Megrine Chaker(2),1359,,
RDS_DICT_REGIONS_NSO,27681889,Sidi Rezig,1359,,
RDS_DICT_REGIONS_NSO,27681899,Sidi Rezig (2),1359,,
RDS_DICT_REGIONS_NSO,1360,Délégation de Mohamedia,13,,
RDS_DICT_REGIONS_NSO,27681909,Mohamedia,1360,,
RDS_DICT_REGIONS_NSO,27681919,Mongi Selim,1360,,
RDS_DICT_REGIONS_NSO,27681929,Cité Es-Saada,1360,,
RDS_DICT_REGIONS_NSO,27681939,Cité El Nassim,1360,,
RDS_DICT_REGIONS_NSO,27681949,Sidi Frej,1360,,
RDS_DICT_REGIONS_NSO,1361,Délégation de Fouchana,13,,
RDS_DICT_REGIONS_NSO,27681959,Fouchana,1361,,
RDS_DICT_REGIONS_NSO,27681969,Cité El Mostakbel,1361,,
RDS_DICT_REGIONS_NSO,27681979,El Hidhab,1361,,
RDS_DICT_REGIONS_NSO,27681989,El Moghira,1361,,
RDS_DICT_REGIONS_NSO,27681999,Nâassen,1361,,
RDS_DICT_REGIONS_NSO,27682009,Chebeda,1361,,
RDS_DICT_REGIONS_NSO,27682019,Douar ElHouch,1361,,
RDS_DICT_REGIONS_NSO,1362,Délégation de Mornag,13,,
RDS_DICT_REGIONS_NSO,27682029,Mornag,1362,,
RDS_DICT_REGIONS_NSO,27682039,Mornag Ouest,1362,,
RDS_DICT_REGIONS_NSO,27682049,Khelidia,1362,,
RDS_DICT_REGIONS_NSO,27682059,Ez-Zaouia,1362,,
RDS_DICT_REGIONS_NSO,27682069,Djebel Ressas,1362,,
RDS_DICT_REGIONS_NSO,27682079,Sidi Salem El Garsi,1362,,
RDS_DICT_REGIONS_NSO,27682089,Kabouti,1362,,
RDS_DICT_REGIONS_NSO,27682099,Ain Rekad,1362,,
RDS_DICT_REGIONS_NSO,27682109,El Gounna,1362,,
RDS_DICT_REGIONS_NSO,27682119,Sidi Saad,1362,,
RDS_DICT_REGIONS_NSO,27682129,Essalem,1362,,
RDS_DICT_REGIONS_NSO,27682139,Errisala,1362,,
RDS_DICT_REGIONS_NSO,27682149,Oudna,1362,,
RDS_DICT_REGIONS_NSO,27682159,El Kessibi,1362,,
RDS_DICT_REGIONS_NSO,14,Gouvernorat de Manouba,1,TN-14,
RDS_DICT_REGIONS_NSO,1451,Délégation de Mannouba,14,,
RDS_DICT_REGIONS_NSO,27682169,Manouba,1451,,
RDS_DICT_REGIONS_NSO,27682179,Manouba Centre,1451,,
RDS_DICT_REGIONS_NSO,27682189,Sidi Amor,1451,,
RDS_DICT_REGIONS_NSO,27682199,Den- Den,1451,,
RDS_DICT_REGIONS_NSO,27682209,Ksar - Said,1451,,
RDS_DICT_REGIONS_NSO,27682219,Den - Den Sud,1451,,
RDS_DICT_REGIONS_NSO,1452,Délégation de Douar Hicher,14,,
RDS_DICT_REGIONS_NSO,27682229,Douar Hicher,1452,,
RDS_DICT_REGIONS_NSO,27682239,Khaled Ibn El Oualid,1452,,
RDS_DICT_REGIONS_NSO,27682249,Cité Er- Riadh,1452,,
RDS_DICT_REGIONS_NSO,27682259,Cité Ennassim,1452,,
RDS_DICT_REGIONS_NSO,27682269,Cité Ech - Chabeb,1452,,
RDS_DICT_REGIONS_NSO,1453,Délégation de Oued Ellil,14,,
RDS_DICT_REGIONS_NSO,27682279,Oued Ellil,1453,,
RDS_DICT_REGIONS_NSO,27682289,Es Saida,1453,,
RDS_DICT_REGIONS_NSO,27682299,Er Riadh,1453,,
RDS_DICT_REGIONS_NSO,27682309,Cité El Ouerd,1453,,
RDS_DICT_REGIONS_NSO,27682319,Ennajet,1453,,
RDS_DICT_REGIONS_NSO,27682329,Sanhaja,1453,,
RDS_DICT_REGIONS_NSO,27682339,El Kobbâa,1453,,
RDS_DICT_REGIONS_NSO,1454,Délégation de Mornaguia,14,,
RDS_DICT_REGIONS_NSO,27682349,Mornaguia,1454,,
RDS_DICT_REGIONS_NSO,27682359,20-mars,1454,,
RDS_DICT_REGIONS_NSO,27682369,Bouragba,1454,,
RDS_DICT_REGIONS_NSO,27682379,El Fejja,1454,,
RDS_DICT_REGIONS_NSO,27682389,Sidi Ali El Hattab,1454,,
RDS_DICT_REGIONS_NSO,27682399,HmaÏem,1454,,
RDS_DICT_REGIONS_NSO,27682409,El Bassatine,1454,,
RDS_DICT_REGIONS_NSO,27682419,Mornaguia Nord,1454,,
RDS_DICT_REGIONS_NSO,1455,Délégation de Borj Amri,14,,
RDS_DICT_REGIONS_NSO,27682429,Borj El Amri,1455,,
RDS_DICT_REGIONS_NSO,27682439,Menzel Habib,1455,,
RDS_DICT_REGIONS_NSO,27682449,Borj Ennour,1455,,
RDS_DICT_REGIONS_NSO,27682459,El Moussadine,1455,,
RDS_DICT_REGIONS_NSO,1456,Délégation de Djedeida,14,,
RDS_DICT_REGIONS_NSO,27682469,Djedaïda,1456,,
RDS_DICT_REGIONS_NSO,27682479,Djedaïda Hached,1456,,
RDS_DICT_REGIONS_NSO,27682489,Chaouat,1456,,
RDS_DICT_REGIONS_NSO,27682499,El Mansoura,1456,,
RDS_DICT_REGIONS_NSO,27682509,Ez - Zahra,1456,,
RDS_DICT_REGIONS_NSO,27682519,El Habibia,1456,,
RDS_DICT_REGIONS_NSO,1457,Délégation de Tebourba,14,,
RDS_DICT_REGIONS_NSO,27682529,Tebourba,1457,,
RDS_DICT_REGIONS_NSO,27682539,El Ansarine,1457,,
RDS_DICT_REGIONS_NSO,27682549,Edkhila,1457,,
RDS_DICT_REGIONS_NSO,27682559,El Mellaha,1457,,
RDS_DICT_REGIONS_NSO,27682569,Banlieue de Tebourba,1457,,
RDS_DICT_REGIONS_NSO,27682579,Er - Raja,1457,,
RDS_DICT_REGIONS_NSO,27682589,Ech - Chouigui,1457,,
RDS_DICT_REGIONS_NSO,1458,Délégation de El Battane,14,,
RDS_DICT_REGIONS_NSO,27682599,El Battane,1458,,
RDS_DICT_REGIONS_NSO,27682609,Borj Ettoumi,1458,,
RDS_DICT_REGIONS_NSO,27682619,Mehrine,1458,,
RDS_DICT_REGIONS_NSO,27682629,El Aroussia,1458,,
RDS_DICT_REGIONS_NSO,15,Gouvernorat de Nabeul,1,TN-21,
RDS_DICT_REGIONS_NSO,1551,Délégation de Nabeul,15,,
RDS_DICT_REGIONS_NSO,27682639,El Asouak,1551,,
RDS_DICT_REGIONS_NSO,27682649,Ennour,1551,,
RDS_DICT_REGIONS_NSO,27682659,Bir Challouf,1551,,
RDS_DICT_REGIONS_NSO,27682669,Niapolis,1551,,
RDS_DICT_REGIONS_NSO,27682679,El Hadayek,1551,,
RDS_DICT_REGIONS_NSO,27682689,Hedi Chaker,1551,,
RDS_DICT_REGIONS_NSO,1552,Délégation de Dar Châabane El Fehri,15,,
RDS_DICT_REGIONS_NSO,27682699,Dar Châabane,1552,,
RDS_DICT_REGIONS_NSO,27682709,El Fehri,1552,,
RDS_DICT_REGIONS_NSO,27682719,El Frinine,1552,,
RDS_DICT_REGIONS_NSO,27682729,Amroun,1552,,
RDS_DICT_REGIONS_NSO,1553,Délégation de Beni khiar,15,,
RDS_DICT_REGIONS_NSO,27682739,Beni Khiar,1553,,
RDS_DICT_REGIONS_NSO,27682749,Diar Ben Salem,1553,,
RDS_DICT_REGIONS_NSO,27682759,El Mâamoura,1553,,
RDS_DICT_REGIONS_NSO,27682769,Somâa,1553,,
RDS_DICT_REGIONS_NSO,27682779,Halfa,1553,,
RDS_DICT_REGIONS_NSO,1554,Délégation de Korba,15,,
RDS_DICT_REGIONS_NSO,27682789,Beni Ayache,1554,,
RDS_DICT_REGIONS_NSO,27682799,Garâet Sassi,1554,,
RDS_DICT_REGIONS_NSO,27682809,Diar El Hojaj,1554,,
RDS_DICT_REGIONS_NSO,27682819,Korba Est,1554,,
RDS_DICT_REGIONS_NSO,27682829,Korba Ouest,1554,,
RDS_DICT_REGIONS_NSO,27682839,Tazerka,1554,,
RDS_DICT_REGIONS_NSO,27682849,Bou - Jerida,1554,,
RDS_DICT_REGIONS_NSO,27682859,Boulidine,1554,,
RDS_DICT_REGIONS_NSO,1555,Délégation de Menzel Temime,15,,
RDS_DICT_REGIONS_NSO,27682869,El Ouediane,1555,,
RDS_DICT_REGIONS_NSO,27682879,Erâinine,1555,,
RDS_DICT_REGIONS_NSO,27682889,Beni-Abdelaziz,1555,,
RDS_DICT_REGIONS_NSO,27682899,Skalba,1555,,
RDS_DICT_REGIONS_NSO,27682909,Ali Belhaouene,1555,,
RDS_DICT_REGIONS_NSO,27682919,Taieb Mehiri,1555,,
RDS_DICT_REGIONS_NSO,27682929,Menzel Horr,1555,,
RDS_DICT_REGIONS_NSO,27682939,El Asfour,1555,,
RDS_DICT_REGIONS_NSO,27682949,Lezdine,1555,,
RDS_DICT_REGIONS_NSO,1556,Délégation de El Mida,15,,
RDS_DICT_REGIONS_NSO,27682959,Tafelloum,1556,,
RDS_DICT_REGIONS_NSO,27682969,El Mida,1556,,
RDS_DICT_REGIONS_NSO,27682979,Fartouna,1556,,
RDS_DICT_REGIONS_NSO,27682989,Oum Dhouil,1556,,
RDS_DICT_REGIONS_NSO,27682999,Lebna,1556,,
RDS_DICT_REGIONS_NSO,27683009,Korchine,1556,,
RDS_DICT_REGIONS_NSO,1557,Délégation de Kelibia,15,,
RDS_DICT_REGIONS_NSO,27683019,Oued EL Khatf,1557,,
RDS_DICT_REGIONS_NSO,27683029,Melloul,1557,,
RDS_DICT_REGIONS_NSO,27683039,Azmour,1557,,
RDS_DICT_REGIONS_NSO,27683049,Kelibia Est,1557,,
RDS_DICT_REGIONS_NSO,27683059,Kelibia Ouest,1557,,
RDS_DICT_REGIONS_NSO,1558,Délégation de Hammam El Guezaz,15,,
RDS_DICT_REGIONS_NSO,27683069,Hammam El guezaz,1558,,
RDS_DICT_REGIONS_NSO,27683079,Dar Allouch,1558,,
RDS_DICT_REGIONS_NSO,27683089,Harat Ech- Choara,1558,,
RDS_DICT_REGIONS_NSO,27683099,Ouezdra,1558,,
RDS_DICT_REGIONS_NSO,1559,Délégation de El Haouaria,15,,
RDS_DICT_REGIONS_NSO,27683109,El Haouaria Nord,1559,,
RDS_DICT_REGIONS_NSO,27683119,El Haouaria Sud,1559,,
RDS_DICT_REGIONS_NSO,27683129,Saheb El Jebel Nord,1559,,
RDS_DICT_REGIONS_NSO,27683139,Saheb El Jebel Sud,1559,,
RDS_DICT_REGIONS_NSO,27683149,Bou Krim,1559,,
RDS_DICT_REGIONS_NSO,27683159,Tazaghrane Est,1559,,
RDS_DICT_REGIONS_NSO,27683169,Tazaghrane Ouest,1559,,
RDS_DICT_REGIONS_NSO,27683179,Zaouiet El Megaiez,1559,,
RDS_DICT_REGIONS_NSO,1560,Délégation de Takelsa,15,,
RDS_DICT_REGIONS_NSO,27683189,Oued El Abid,1560,,
RDS_DICT_REGIONS_NSO,27683199,Bir Ezzit,1560,,
RDS_DICT_REGIONS_NSO,27683209,El Arima,1560,,
RDS_DICT_REGIONS_NSO,27683219,Takelsa Nord,1560,,
RDS_DICT_REGIONS_NSO,27683229,Takelsa Centre,1560,,
RDS_DICT_REGIONS_NSO,1561,Délégation de Soliman,15,,
RDS_DICT_REGIONS_NSO,27683239,El Mraissa,1561,,
RDS_DICT_REGIONS_NSO,27683249,ECH-Cherifet,1561,,
RDS_DICT_REGIONS_NSO,27683259,Bou Charray,1561,,
RDS_DICT_REGIONS_NSO,27683269,Soliman,1561,,
RDS_DICT_REGIONS_NSO,27683279,Soliman Sud,1561,,
RDS_DICT_REGIONS_NSO,1562,Délégation de Menzel Bouzelfa,15,,
RDS_DICT_REGIONS_NSO,27683289,Damous El Hajja,1562,,
RDS_DICT_REGIONS_NSO,27683299,Errahma,1562,,
RDS_DICT_REGIONS_NSO,27683309,Menzel Bou Zelfa Nord,1562,,
RDS_DICT_REGIONS_NSO,27683319,Menzel Bou Zelfa Sud,1562,,
RDS_DICT_REGIONS_NSO,27683329,Menzel Bou Zelfa Ouest,1562,,
RDS_DICT_REGIONS_NSO,1563,Délégation de Beni Khalled,15,,
RDS_DICT_REGIONS_NSO,27683339,Beni Khalled Nord,1563,,
RDS_DICT_REGIONS_NSO,27683349,Beni Khalled Sud (Toumi),1563,,
RDS_DICT_REGIONS_NSO,27683359,Zaouiet Djedidi,1563,,
RDS_DICT_REGIONS_NSO,27683369,Kobba El Kebira,1563,,
RDS_DICT_REGIONS_NSO,27683379,Bir Drassen,1563,,
RDS_DICT_REGIONS_NSO,27683389,Bni Khaled Echarkya,1563,,
RDS_DICT_REGIONS_NSO,1564,Délégation de Grombalia,15,,
RDS_DICT_REGIONS_NSO,27683399,Fondouk Djedid,1564,,
RDS_DICT_REGIONS_NSO,27683409,Chammes,1564,,
RDS_DICT_REGIONS_NSO,27683419,Nianou,1564,,
RDS_DICT_REGIONS_NSO,27683429,Turki,1564,,
RDS_DICT_REGIONS_NSO,27683439,Khanguet EL Hojjej,1564,,
RDS_DICT_REGIONS_NSO,27683449,Grombalia Est,1564,,
RDS_DICT_REGIONS_NSO,27683459,Grombalia Ouest,1564,,
RDS_DICT_REGIONS_NSO,27683469,Djebel Terif,1564,,
RDS_DICT_REGIONS_NSO,27683479,Aïn Tebournouk,1564,,
RDS_DICT_REGIONS_NSO,1565,Délégation de Bou Argoub,15,,
RDS_DICT_REGIONS_NSO,27683489,Sidi Dhaher,1565,,
RDS_DICT_REGIONS_NSO,27683499,El Machrouha,1565,,
RDS_DICT_REGIONS_NSO,27683509,Borj Hefaied,1565,,
RDS_DICT_REGIONS_NSO,27683519,Bou Argoub Nord,1565,,
RDS_DICT_REGIONS_NSO,27683529,Bou Argoub Sud,1565,,
RDS_DICT_REGIONS_NSO,27683539,Belli,1565,,
RDS_DICT_REGIONS_NSO,27683549,El Kharrouba,1565,,
RDS_DICT_REGIONS_NSO,1566,Délégation de Hammamet,15,,
RDS_DICT_REGIONS_NSO,27683559,Sidi Djedidi,1566,,
RDS_DICT_REGIONS_NSO,27683569,Latrach,1566,,
RDS_DICT_REGIONS_NSO,27683579,Bir Bou Regba,1566,,
RDS_DICT_REGIONS_NSO,27683589,Baraket Es-Sahel,1566,,
RDS_DICT_REGIONS_NSO,27683599,Hammamet Nord,1566,,
RDS_DICT_REGIONS_NSO,27683609,Hammamet Est,1566,,
RDS_DICT_REGIONS_NSO,27683619,Hammamet Ouest,1566,,
RDS_DICT_REGIONS_NSO,27683629,Mrezga,1566,,
RDS_DICT_REGIONS_NSO,27683639,Yasmin hammamet,1566,,
RDS_DICT_REGIONS_NSO,16,Gouvernorat de Zaghouan,1,TN-22,
RDS_DICT_REGIONS_NSO,1651,Délégation de Zaghouan,16,,
RDS_DICT_REGIONS_NSO,27683649,Zaghouan Ville,1651,,
RDS_DICT_REGIONS_NSO,27683659,Zaghouan Nord,1651,,
RDS_DICT_REGIONS_NSO,27683669,Zaghouan Sud,1651,,
RDS_DICT_REGIONS_NSO,27683679,Bir Halima,1651,,
RDS_DICT_REGIONS_NSO,27683689,Mograne,1651,,
RDS_DICT_REGIONS_NSO,27683699,Jimla,1651,,
RDS_DICT_REGIONS_NSO,27683709,El Aïtha,1651,,
RDS_DICT_REGIONS_NSO,27683719,Oued Erremel,1651,,
RDS_DICT_REGIONS_NSO,27683729,Oued Ezzit,1651,,
RDS_DICT_REGIONS_NSO,1652,Délégation de Ez-Zeriba,16,,
RDS_DICT_REGIONS_NSO,27683739,El Jouf Est,1652,,
RDS_DICT_REGIONS_NSO,27683749,El Jouf Ouest,1652,,
RDS_DICT_REGIONS_NSO,27683759,Ez-Zeriba Hammam Sud,1652,,
RDS_DICT_REGIONS_NSO,27683769,Ez-Zriba Hammam Nord,1652,,
RDS_DICT_REGIONS_NSO,27683779,Ez-Zeriba Village,1652,,
RDS_DICT_REGIONS_NSO,27683789,Bou Achir,1652,,
RDS_DICT_REGIONS_NSO,27683799,Jeradou,1652,,
RDS_DICT_REGIONS_NSO,27683809,Aïn El Batria,1652,,
RDS_DICT_REGIONS_NSO,1653,Délégation de Bir Mchergua,16,,
RDS_DICT_REGIONS_NSO,27683819,Bir M'chergua,1653,,
RDS_DICT_REGIONS_NSO,27683829,Bir M'chergua Gare,1653,,
RDS_DICT_REGIONS_NSO,27683839,Daleïl El Arous,1653,,
RDS_DICT_REGIONS_NSO,27683849,Smenja,1653,,
RDS_DICT_REGIONS_NSO,27683859,jebel Oust,1653,,
RDS_DICT_REGIONS_NSO,27683869,Aïn Essafsaf,1653,,
RDS_DICT_REGIONS_NSO,27683879,Boucha,1653,,
RDS_DICT_REGIONS_NSO,27683889,Aïn Asker,1653,,
RDS_DICT_REGIONS_NSO,1654,Délégation de El Fahs,16,,
RDS_DICT_REGIONS_NSO,27683899,Banlieu D'el Fahs,1654,,
RDS_DICT_REGIONS_NSO,27683909,Jouguar,1654,,
RDS_DICT_REGIONS_NSO,27683919,Bir Magra,1654,,
RDS_DICT_REGIONS_NSO,27683929,Oum El Abouab,1654,,
RDS_DICT_REGIONS_NSO,27683939,Ouled Ezzouabi,1654,,
RDS_DICT_REGIONS_NSO,27683949,El Fahs,1654,,
RDS_DICT_REGIONS_NSO,27683959,Ed-Droua,1654,,
RDS_DICT_REGIONS_NSO,27683969,El Ghrifet,1654,,
RDS_DICT_REGIONS_NSO,27683979,Bent Saïdane,1654,,
RDS_DICT_REGIONS_NSO,27683989,El Amiem Nord,1654,,
RDS_DICT_REGIONS_NSO,27683999,El Amiem Sud,1654,,
RDS_DICT_REGIONS_NSO,27684009,Oued El Khadhra,1654,,
RDS_DICT_REGIONS_NSO,27684019,Telil Essalhi,1654,,
RDS_DICT_REGIONS_NSO,1655,Délégation de En-Nadhour,16,,
RDS_DICT_REGIONS_NSO,27684029,En Nadhour,1655,,
RDS_DICT_REGIONS_NSO,27684039,Aïn El Batthoum,1655,,
RDS_DICT_REGIONS_NSO,27684049,Saouar,1655,,
RDS_DICT_REGIONS_NSO,27684059,Bir Chaouch,1655,,
RDS_DICT_REGIONS_NSO,27684069,Sougas,1655,,
RDS_DICT_REGIONS_NSO,1656,Délégation de Saouaf,16,,
RDS_DICT_REGIONS_NSO,27684079,Saouef Est,1656,,
RDS_DICT_REGIONS_NSO,27684089,Saouef Ouest,1656,,
RDS_DICT_REGIONS_NSO,27684099,El Hamira,1656,,
RDS_DICT_REGIONS_NSO,27684109,Deghafla Est,1656,,
RDS_DICT_REGIONS_NSO,27684119,Deghafla Ouest,1656,,
RDS_DICT_REGIONS_NSO,17,Gouvernorat de Bizerte,1,TN-23,
RDS_DICT_REGIONS_NSO,1751,Délégation de Bizerte Nord,17,,
RDS_DICT_REGIONS_NSO,27684129,Hassen Nouri,1751,,
RDS_DICT_REGIONS_NSO,27684139,Habib Bouguatfa,1751,,
RDS_DICT_REGIONS_NSO,27684149,El Korniche,1751,,
RDS_DICT_REGIONS_NSO,27684159,La Medina,1751,,
RDS_DICT_REGIONS_NSO,27684169,Cheik Driss,1751,,
RDS_DICT_REGIONS_NSO,27684179,EL Canal,1751,,
RDS_DICT_REGIONS_NSO,27684189,Bou Baker Bakir,1751,,
RDS_DICT_REGIONS_NSO,27684199,Aïn Mariam,1751,,
RDS_DICT_REGIONS_NSO,27684209,Habib Haddad,1751,,
RDS_DICT_REGIONS_NSO,27684219,El Môtamar,1751,,
RDS_DICT_REGIONS_NSO,27684229,El Hana,1751,,
RDS_DICT_REGIONS_NSO,27684239,15-oct.,1751,,
RDS_DICT_REGIONS_NSO,27684249,L'ile de la Gualite,1751,,
RDS_DICT_REGIONS_NSO,1752,Délégation de Zarzouna,17,,
RDS_DICT_REGIONS_NSO,27684259,Zarzouna Ouest,1752,,
RDS_DICT_REGIONS_NSO,27684269,Zarzouna Est,1752,,
RDS_DICT_REGIONS_NSO,27684279,Zarzouna Nord,1752,,
RDS_DICT_REGIONS_NSO,27684289,Zarzouna Sud,1752,,
RDS_DICT_REGIONS_NSO,1753,Délégation de Bizerte Sud,17,,
RDS_DICT_REGIONS_NSO,27684299,Teskraia,1753,,
RDS_DICT_REGIONS_NSO,27684309,Farhat Hached,1753,,
RDS_DICT_REGIONS_NSO,27684319,Marnissa,1753,,
RDS_DICT_REGIONS_NSO,27684329,Hicher,1753,,
RDS_DICT_REGIONS_NSO,27684339,Sidi Ameur,1753,,
RDS_DICT_REGIONS_NSO,27684349,Louata,1753,,
RDS_DICT_REGIONS_NSO,27684359,Bab Mateur,1753,,
RDS_DICT_REGIONS_NSO,27684369,Cité El Jala,1753,,
RDS_DICT_REGIONS_NSO,27684379,El Massida,1753,,
RDS_DICT_REGIONS_NSO,27684389,Sidi Ahmed,1753,,
RDS_DICT_REGIONS_NSO,1754,Délégation de Sedjnane,17,,
RDS_DICT_REGIONS_NSO,27684399,Sedjnane,1754,,
RDS_DICT_REGIONS_NSO,27684409,EL Mâalia,1754,,
RDS_DICT_REGIONS_NSO,27684419,El Ababssa,1754,,
RDS_DICT_REGIONS_NSO,27684429,El Hachachna,1754,,
RDS_DICT_REGIONS_NSO,27684439,Sehabna,1754,,
RDS_DICT_REGIONS_NSO,27684449,Sidi Mechrek,1754,,
RDS_DICT_REGIONS_NSO,27684459,Amaden,1754,,
RDS_DICT_REGIONS_NSO,27684469,Mechargua,1754,,
RDS_DICT_REGIONS_NSO,1755,Délégation de Djoumine,17,,
RDS_DICT_REGIONS_NSO,27684479,Ouled Ghanem,1755,,
RDS_DICT_REGIONS_NSO,27684489,Essemman,1755,,
RDS_DICT_REGIONS_NSO,27684499,Chenana,1755,,
RDS_DICT_REGIONS_NSO,27684509,Tahent,1755,,
RDS_DICT_REGIONS_NSO,27684519,Kef Ghrab,1755,,
RDS_DICT_REGIONS_NSO,27684529,Berraies,1755,,
RDS_DICT_REGIONS_NSO,27684539,Touajnia,1755,,
RDS_DICT_REGIONS_NSO,27684549,Bazina,1755,,
RDS_DICT_REGIONS_NSO,27684559,Rouaha,1755,,
RDS_DICT_REGIONS_NSO,1756,Délégation de Mateur,17,,
RDS_DICT_REGIONS_NSO,27684569,Mateur,1756,,
RDS_DICT_REGIONS_NSO,27684579,Banlieue De Mateur,1756,,
RDS_DICT_REGIONS_NSO,27684589,Mateur Sud,1756,,
RDS_DICT_REGIONS_NSO,27684599,Cité En Nasr,1756,,
RDS_DICT_REGIONS_NSO,27684609,Nefat,1756,,
RDS_DICT_REGIONS_NSO,27684619,Cité Essadaka,1756,,
RDS_DICT_REGIONS_NSO,27684629,Targuellache,1756,,
RDS_DICT_REGIONS_NSO,27684639,Arab Majour,1756,,
RDS_DICT_REGIONS_NSO,27684649,Behaya,1756,,
RDS_DICT_REGIONS_NSO,27684659,Boumkhila,1756,,
RDS_DICT_REGIONS_NSO,1757,Délégation de Ghezala,17,,
RDS_DICT_REGIONS_NSO,27684669,Ghezala,1757,,
RDS_DICT_REGIONS_NSO,27684679,El Arab,1757,,
RDS_DICT_REGIONS_NSO,27684689,Dheouaouda,1757,,
RDS_DICT_REGIONS_NSO,27684699,Hached,1757,,
RDS_DICT_REGIONS_NSO,27684709,Ouled El May,1757,,
RDS_DICT_REGIONS_NSO,27684719,Sidi Aïssa,1757,,
RDS_DICT_REGIONS_NSO,27684729,Rakb,1757,,
RDS_DICT_REGIONS_NSO,27684739,Bou Jerir,1757,,
RDS_DICT_REGIONS_NSO,27684749,Sidi Mansour,1757,,
RDS_DICT_REGIONS_NSO,1758,Délégation de Menzel Bourguiba,17,,
RDS_DICT_REGIONS_NSO,27684759,En-Najah (1),1758,,
RDS_DICT_REGIONS_NSO,27684769,Gabtna (1),1758,,
RDS_DICT_REGIONS_NSO,27684779,Gabtna (2),1758,,
RDS_DICT_REGIONS_NSO,27684789,Cite Etthaoura,1758,,
RDS_DICT_REGIONS_NSO,27684799,En -Najah (2),1758,,
RDS_DICT_REGIONS_NSO,27684809,El Medina,1758,,
RDS_DICT_REGIONS_NSO,27684819,Chelagmia,1758,,
RDS_DICT_REGIONS_NSO,27684829,Cite Jardins,1758,,
RDS_DICT_REGIONS_NSO,1759,Délégation de Tinja,17,,
RDS_DICT_REGIONS_NSO,27684839,Tinja,1759,,
RDS_DICT_REGIONS_NSO,27684849,Guengla,1759,,
RDS_DICT_REGIONS_NSO,27684859,Ez-Zarour,1759,,
RDS_DICT_REGIONS_NSO,1760,Délégation de Utique,17,,
RDS_DICT_REGIONS_NSO,27684869,Utique,1760,,
RDS_DICT_REGIONS_NSO,27684879,Nouvelle Utique,1760,,
RDS_DICT_REGIONS_NSO,27684889,Besbassia,1760,,
RDS_DICT_REGIONS_NSO,27684899,El Houidh,1760,,
RDS_DICT_REGIONS_NSO,27684909,EL Mabtouh,1760,,
RDS_DICT_REGIONS_NSO,27684919,Aïn Ghelal,1760,,
RDS_DICT_REGIONS_NSO,27684929,Sidi Othman,1760,,
RDS_DICT_REGIONS_NSO,27684939,Bach Hamba,1760,,
RDS_DICT_REGIONS_NSO,1761,Délégation de Ghar El Meleh,17,,
RDS_DICT_REGIONS_NSO,27684949,Ghar El Meleh,1761,,
RDS_DICT_REGIONS_NSO,27684959,Bajou,1761,,
RDS_DICT_REGIONS_NSO,27684969,Ousja,1761,,
RDS_DICT_REGIONS_NSO,27684979,Zouaouine,1761,,
RDS_DICT_REGIONS_NSO,1762,Délégation de Menzel Djemil,17,,
RDS_DICT_REGIONS_NSO,27684989,Menzel Djemil Est,1762,,
RDS_DICT_REGIONS_NSO,27684999,Menzel Djemil Ouest,1762,,
RDS_DICT_REGIONS_NSO,27685009,Menzel Abderrahmen Est,1762,,
RDS_DICT_REGIONS_NSO,27685019,Menzel Abderrahmen Ouest,1762,,
RDS_DICT_REGIONS_NSO,27685029,El Azib,1762,,
RDS_DICT_REGIONS_NSO,1763,Délégation de El Alia,17,,
RDS_DICT_REGIONS_NSO,27685039,Sidi Ali Chabab,1763,,
RDS_DICT_REGIONS_NSO,27685049,El Alia Nord,1763,,
RDS_DICT_REGIONS_NSO,27685059,El Alia Sud,1763,,
RDS_DICT_REGIONS_NSO,27685069,El Khetmine,1763,,
RDS_DICT_REGIONS_NSO,1764,Délégation de Ras Djebel,17,,
RDS_DICT_REGIONS_NSO,27685079,Ras El Djebel Nord,1764,,
RDS_DICT_REGIONS_NSO,27685089,Ras El Djebel Sud,1764,,
RDS_DICT_REGIONS_NSO,27685099,Metline,1764,,
RDS_DICT_REGIONS_NSO,27685109,Metline Ouest,1764,,
RDS_DICT_REGIONS_NSO,27685119,Sounine,1764,,
RDS_DICT_REGIONS_NSO,27685129,Rafraf,1764,,
RDS_DICT_REGIONS_NSO,27685139,El Garia,1764,,
RDS_DICT_REGIONS_NSO,2,Nord Ouest,0,,"5052829, 5053379, 5054839, 5054739, 5054949, 5055059, 4847719, 4848009, 4847629, 4847809, 4847899, 5049479, 4848099, 5050939, 4847719, 4848009, 4847629, 4847809, 4847899, 5049479, 4848099, 5052829, 5156249, 5156599, 5052829, 4847719, 4848009, 4847629, 4847809, 4847899, 5049479, 5049479, 4848099, 5054739, 5054839"
RDS_DICT_REGIONS_NSO,21,Gouvernorat de Bèja,2,TN-31,
RDS_DICT_REGIONS_NSO,2151,Délégation de Béja Nord,21,,
RDS_DICT_REGIONS_NSO,27685149,Béja,2151,,
RDS_DICT_REGIONS_NSO,27685159,El Mzara,2151,,
RDS_DICT_REGIONS_NSO,27685169,Ksar Bardo,2151,,
RDS_DICT_REGIONS_NSO,27685179,Zouabi,2151,,
RDS_DICT_REGIONS_NSO,27685189,El Manar,2151,,
RDS_DICT_REGIONS_NSO,27685199,El Kasba,2151,,
RDS_DICT_REGIONS_NSO,27685209,Azra,2151,,
RDS_DICT_REGIONS_NSO,27685219,El Ghriria,2151,,
RDS_DICT_REGIONS_NSO,27685229,El Mounchar,2151,,
RDS_DICT_REGIONS_NSO,27685239,Ksar Mezouar,2151,,
RDS_DICT_REGIONS_NSO,27685249,Bou Hzam,2151,,
RDS_DICT_REGIONS_NSO,27685259,En-Nakachia,2151,,
RDS_DICT_REGIONS_NSO,27685269,El Ghraba,2151,,
RDS_DICT_REGIONS_NSO,27685279,Aïn Soltane,2151,,
RDS_DICT_REGIONS_NSO,2152,Délégation de Béja Sud,21,,
RDS_DICT_REGIONS_NSO,27685289,Sidi Fredj,2152,,
RDS_DICT_REGIONS_NSO,27685299,EL Haouari,2152,,
RDS_DICT_REGIONS_NSO,27685309,El Mâagoula,2152,,
RDS_DICT_REGIONS_NSO,27685319,Hammam Siala,2152,,
RDS_DICT_REGIONS_NSO,27685329,Sidi Smaîl,2152,,
RDS_DICT_REGIONS_NSO,27685339,Mekhachbia,2152,,
RDS_DICT_REGIONS_NSO,27685349,Sidi Es-Shili,2152,,
RDS_DICT_REGIONS_NSO,27685359,Zouagha,2152,,
RDS_DICT_REGIONS_NSO,27685369,Mestouta,2152,,
RDS_DICT_REGIONS_NSO,2153,Délégation de Amdoun,21,,
RDS_DICT_REGIONS_NSO,27685379,Zahret Medien,2153,,
RDS_DICT_REGIONS_NSO,27685389,Zahret Medien Sud,2153,,
RDS_DICT_REGIONS_NSO,27685399,El Fraîjia,2153,,
RDS_DICT_REGIONS_NSO,27685409,El Ghorfa,2153,,
RDS_DICT_REGIONS_NSO,27685419,Romadhnia,2153,,
RDS_DICT_REGIONS_NSO,27685429,Maghraoua,2153,,
RDS_DICT_REGIONS_NSO,27685439,Sabah,2153,,
RDS_DICT_REGIONS_NSO,27685449,El Mejaless,2153,,
RDS_DICT_REGIONS_NSO,27685459,El Hamra,2153,,
RDS_DICT_REGIONS_NSO,27685469,Ghazia,2153,,
RDS_DICT_REGIONS_NSO,27685479,Malek,2153,,
RDS_DICT_REGIONS_NSO,27685489,Tarhouni,2153,,
RDS_DICT_REGIONS_NSO,27685499,El Goussa,2153,,
RDS_DICT_REGIONS_NSO,27685509,El Djouza,2153,,
RDS_DICT_REGIONS_NSO,2154,Délégation de Nefza,21,,
RDS_DICT_REGIONS_NSO,27685519,Nefza Est,2154,,
RDS_DICT_REGIONS_NSO,27685529,Nefza Ouest,2154,,
RDS_DICT_REGIONS_NSO,27685539,Ouachtata,2154,,
RDS_DICT_REGIONS_NSO,27685549,Kap Négro,2154,,
RDS_DICT_REGIONS_NSO,27685559,Ezzouarâa,2154,,
RDS_DICT_REGIONS_NSO,27685569,Bou-Zenna,2154,,
RDS_DICT_REGIONS_NSO,27685579,Maktâa Hadid,2154,,
RDS_DICT_REGIONS_NSO,27685589,Bellif,2154,,
RDS_DICT_REGIONS_NSO,27685599,Djebel Ediss,2154,,
RDS_DICT_REGIONS_NSO,27685609,Fatnassa,2154,,
RDS_DICT_REGIONS_NSO,27685619,Ghayadha,2154,,
RDS_DICT_REGIONS_NSO,27685629,Zaga,2154,,
RDS_DICT_REGIONS_NSO,27685639,Tebaba,2154,,
RDS_DICT_REGIONS_NSO,27685649,Oued El Mâaden,2154,,
RDS_DICT_REGIONS_NSO,27685659,Djamila,2154,,
RDS_DICT_REGIONS_NSO,27685669,Dehiret,2154,,
RDS_DICT_REGIONS_NSO,2155,Délégation de Teboursouk,21,,
RDS_DICT_REGIONS_NSO,27685679,Teboursouk Ville,2155,,
RDS_DICT_REGIONS_NSO,27685689,Aïn El Karma,2155,,
RDS_DICT_REGIONS_NSO,27685699,El Menchia,2155,,
RDS_DICT_REGIONS_NSO,27685709,Dougga,2155,,
RDS_DICT_REGIONS_NSO,27685719,Rihana,2155,,
RDS_DICT_REGIONS_NSO,27685729,Aïn El Melliti,2155,,
RDS_DICT_REGIONS_NSO,27685739,Fadden Es-Souk,2155,,
RDS_DICT_REGIONS_NSO,27685749,Aïn El Hammam,2155,,
RDS_DICT_REGIONS_NSO,27685759,Aïn Djammala,2155,,
RDS_DICT_REGIONS_NSO,27685769,Bir Ettouta,2155,,
RDS_DICT_REGIONS_NSO,2156,Délégation de Tibar,21,,
RDS_DICT_REGIONS_NSO,27685779,Tibar,2156,,
RDS_DICT_REGIONS_NSO,27685789,Djebba,2156,,
RDS_DICT_REGIONS_NSO,27685799,Aïn Ed-Defali,2156,,
RDS_DICT_REGIONS_NSO,27685809,En-Nechima,2156,,
RDS_DICT_REGIONS_NSO,2157,Délégation de Testour,21,,
RDS_DICT_REGIONS_NSO,27685819,Testour,2157,,
RDS_DICT_REGIONS_NSO,27685829,Ibn Zeydoun,2157,,
RDS_DICT_REGIONS_NSO,27685839,Cité 26 Février,2157,,
RDS_DICT_REGIONS_NSO,27685849,Mezougha,2157,,
RDS_DICT_REGIONS_NSO,27685859,Zeldou,2157,,
RDS_DICT_REGIONS_NSO,27685869,Ouled Salama,2157,,
RDS_DICT_REGIONS_NSO,27685879,Es-Slouguia,2157,,
RDS_DICT_REGIONS_NSO,27685889,Aïn Younes,2157,,
RDS_DICT_REGIONS_NSO,27685899,Es-Sekhira,2157,,
RDS_DICT_REGIONS_NSO,27685909,Oued Ezzargua,2157,,
RDS_DICT_REGIONS_NSO,27685919,Sidi Abdelaziz,2157,,
RDS_DICT_REGIONS_NSO,27685929,Sidi Ameur,2157,,
RDS_DICT_REGIONS_NSO,2158,Délégation de Goubellat,21,,
RDS_DICT_REGIONS_NSO,27685939,Goubellat,2158,,
RDS_DICT_REGIONS_NSO,27685949,El Gammarthi,2158,,
RDS_DICT_REGIONS_NSO,27685959,Guerram,2158,,
RDS_DICT_REGIONS_NSO,27685969,Dour Esmail,2158,,
RDS_DICT_REGIONS_NSO,27685979,Bir El Euch,2158,,
RDS_DICT_REGIONS_NSO,27685989,Kheniguet Ed-Dahane,2158,,
RDS_DICT_REGIONS_NSO,27685999,Khacheb,2158,,
RDS_DICT_REGIONS_NSO,27686009,Cheikh El Ouediane,2158,,
RDS_DICT_REGIONS_NSO,2159,Délégation de Medjez El Bab,21,,
RDS_DICT_REGIONS_NSO,27686019,Medjez El Bab Ville,2159,,
RDS_DICT_REGIONS_NSO,27686029,Medjez El Bab Sud,2159,,
RDS_DICT_REGIONS_NSO,27686039,Sidi Medien,2159,,
RDS_DICT_REGIONS_NSO,27686049,El Ksar,2159,,
RDS_DICT_REGIONS_NSO,27686059,El Heri,2159,,
RDS_DICT_REGIONS_NSO,27686069,Tokaber,2159,,
RDS_DICT_REGIONS_NSO,27686079,Chaouach,2159,,
RDS_DICT_REGIONS_NSO,27686089,Sidi Nasr,2159,,
RDS_DICT_REGIONS_NSO,27686099,Sidi Ahmed El Jedidi,2159,,
RDS_DICT_REGIONS_NSO,27686109,El Gueriâat,2159,,
RDS_DICT_REGIONS_NSO,27686119,Hidouss,2159,,
RDS_DICT_REGIONS_NSO,27686129,El Mouatiss,2159,,
RDS_DICT_REGIONS_NSO,27686139,Guerich El Ouedi,2159,,
RDS_DICT_REGIONS_NSO,27686149,Sidi Erraies,2159,,
RDS_DICT_REGIONS_NSO,22,Gouvernorat de Jendouba,2,TN-32,
RDS_DICT_REGIONS_NSO,2251,Délégation de Jendouba,22,,
RDS_DICT_REGIONS_NSO,27686159,Ezzeghaida,2251,,
RDS_DICT_REGIONS_NSO,27686169,Jendouba Sud,2251,,
RDS_DICT_REGIONS_NSO,27686179,En-Nour,2251,,
RDS_DICT_REGIONS_NSO,27686189,Es-Sâada,2251,,
RDS_DICT_REGIONS_NSO,27686199,El Malga,2251,,
RDS_DICT_REGIONS_NSO,27686209,Ettataouer,2251,,
RDS_DICT_REGIONS_NSO,27686219,Souk Es-Sebt,2251,,
RDS_DICT_REGIONS_NSO,27686229,El Aitha,2251,,
RDS_DICT_REGIONS_NSO,27686239,Aïn Karima,2251,,
RDS_DICT_REGIONS_NSO,27686249,Mâalla,2251,,
RDS_DICT_REGIONS_NSO,27686259,El-Jerif,2251,,
RDS_DICT_REGIONS_NSO,27686269,EL Azima,2251,,
RDS_DICT_REGIONS_NSO,2252,Délégation de Jendouba Nord,22,,
RDS_DICT_REGIONS_NSO,27686279,El Ferdous,2252,,
RDS_DICT_REGIONS_NSO,27686289,El Hédi Ben Hassine,2252,,
RDS_DICT_REGIONS_NSO,27686299,Ezzouhour,2252,,
RDS_DICT_REGIONS_NSO,27686309,El Khadhra,2252,,
RDS_DICT_REGIONS_NSO,27686319,Es-Souani,2252,,
RDS_DICT_REGIONS_NSO,27686329,Bulla-regja,2252,,
RDS_DICT_REGIONS_NSO,27686339,Zatfoura,2252,,
RDS_DICT_REGIONS_NSO,27686349,Chemtou,2252,,
RDS_DICT_REGIONS_NSO,27686359,Ed-Dir,2252,,
RDS_DICT_REGIONS_NSO,27686369,Souk Djemâa,2252,,
RDS_DICT_REGIONS_NSO,2253,Délégation de Bou Salem,22,,
RDS_DICT_REGIONS_NSO,27686379,Bou Salem Nord,2253,,
RDS_DICT_REGIONS_NSO,27686389,Bou Salem Sud,2253,,
RDS_DICT_REGIONS_NSO,27686399,Erroumani,2253,,
RDS_DICT_REGIONS_NSO,27686409,El Brahmi,2253,,
RDS_DICT_REGIONS_NSO,27686419,El Marja,2253,,
RDS_DICT_REGIONS_NSO,27686429,Bir Lakhdar,2253,,
RDS_DICT_REGIONS_NSO,27686439,El Koudia,2253,,
RDS_DICT_REGIONS_NSO,27686449,El Msanghouche,2253,,
RDS_DICT_REGIONS_NSO,27686459,Sidi Abid,2253,,
RDS_DICT_REGIONS_NSO,2254,Délégation de Tabarka,22,,
RDS_DICT_REGIONS_NSO,27686469,Tabarka,2254,,
RDS_DICT_REGIONS_NSO,27686479,Raîhane,2254,,
RDS_DICT_REGIONS_NSO,27686489,El Hamdia,2254,,
RDS_DICT_REGIONS_NSO,27686499,El Hammam,2254,,
RDS_DICT_REGIONS_NSO,27686509,Aïn Es-Sobh,2254,,
RDS_DICT_REGIONS_NSO,27686519,Nadhour,2254,,
RDS_DICT_REGIONS_NSO,27686529,Melloula,2254,,
RDS_DICT_REGIONS_NSO,27686539,Aïn Es-Snoussi,2254,,
RDS_DICT_REGIONS_NSO,2255,Délégation de Ain Draham,22,,
RDS_DICT_REGIONS_NSO,27686549,Aïn Drahem Ville,2255,,
RDS_DICT_REGIONS_NSO,27686559,Aïn Draham Banlieue,2255,,
RDS_DICT_REGIONS_NSO,27686569,Ouled Sedra,2255,,
RDS_DICT_REGIONS_NSO,27686579,El Atatfa,2255,,
RDS_DICT_REGIONS_NSO,27686589,El Homrane,2255,,
RDS_DICT_REGIONS_NSO,27686599,Etbainia,2255,,
RDS_DICT_REGIONS_NSO,27686609,Khemaïria,2255,,
RDS_DICT_REGIONS_NSO,27686619,Selloul,2255,,
RDS_DICT_REGIONS_NSO,27686629,Er-Rouïi,2255,,
RDS_DICT_REGIONS_NSO,27686639,Tegma,2255,,
RDS_DICT_REGIONS_NSO,27686649,Aïn Salam,2255,,
RDS_DICT_REGIONS_NSO,27686659,Oued Ezzan,2255,,
RDS_DICT_REGIONS_NSO,2256,Délégation de Fernana,22,,
RDS_DICT_REGIONS_NSO,27686669,Fernana,2256,,
RDS_DICT_REGIONS_NSO,27686679,Oued Ghrib,2256,,
RDS_DICT_REGIONS_NSO,27686689,Rabiaa,2256,,
RDS_DICT_REGIONS_NSO,27686699,Ouled Mefada,2256,,
RDS_DICT_REGIONS_NSO,27686709,El Gouaïdia,2256,,
RDS_DICT_REGIONS_NSO,27686719,Beni M'tir,2256,,
RDS_DICT_REGIONS_NSO,27686729,Gloub Ethirane,2256,,
RDS_DICT_REGIONS_NSO,27686739,Gloub Ethirane Nord,2256,,
RDS_DICT_REGIONS_NSO,27686749,Hedhil,2256,,
RDS_DICT_REGIONS_NSO,27686759,El Adhar,2256,,
RDS_DICT_REGIONS_NSO,27686769,Jaouaouada,2256,,
RDS_DICT_REGIONS_NSO,27686779,Aïn El Beya,2256,,
RDS_DICT_REGIONS_NSO,27686789,Bou Hertma,2256,,
RDS_DICT_REGIONS_NSO,27686799,Halima,2256,,
RDS_DICT_REGIONS_NSO,27686809,Sidi Ammar,2256,,
RDS_DICT_REGIONS_NSO,2257,Délégation de Ghardimaou,22,,
RDS_DICT_REGIONS_NSO,27686819,Ghardimaou,2257,,
RDS_DICT_REGIONS_NSO,27686829,Ghardimaou Nord,2257,,
RDS_DICT_REGIONS_NSO,27686839,El Mâaden,2257,,
RDS_DICT_REGIONS_NSO,27686849,Er-Rakha,2257,,
RDS_DICT_REGIONS_NSO,27686859,Aîn Soltane,2257,,
RDS_DICT_REGIONS_NSO,27686869,Ouechtata,2257,,
RDS_DICT_REGIONS_NSO,27686879,Ed-Daoura,2257,,
RDS_DICT_REGIONS_NSO,27686889,Es-Sraia,2257,,
RDS_DICT_REGIONS_NSO,27686899,Forgassen,2257,,
RDS_DICT_REGIONS_NSO,27686909,Fej Hassine,2257,,
RDS_DICT_REGIONS_NSO,27686919,Mrassen,2257,,
RDS_DICT_REGIONS_NSO,27686929,El Galâa,2257,,
RDS_DICT_REGIONS_NSO,2258,Délégation de Oued Meliz,22,,
RDS_DICT_REGIONS_NSO,27686939,Oued Meliz Est,2258,,
RDS_DICT_REGIONS_NSO,27686949,Oued Meliz Ouest,2258,,
RDS_DICT_REGIONS_NSO,27686959,Dkhaïlia,2258,,
RDS_DICT_REGIONS_NSO,27686969,Hakim Nord,2258,,
RDS_DICT_REGIONS_NSO,27686979,Hakim Sud,2258,,
RDS_DICT_REGIONS_NSO,2259,Délégation de Balta - Bou Aouane,22,,
RDS_DICT_REGIONS_NSO,27686989,Assila,2259,,
RDS_DICT_REGIONS_NSO,27686999,Ghezala,2259,,
RDS_DICT_REGIONS_NSO,27687009,El Aouaoudha,2259,,
RDS_DICT_REGIONS_NSO,27687019,El Baldia,2259,,
RDS_DICT_REGIONS_NSO,27687029,Cheouaoula,2259,,
RDS_DICT_REGIONS_NSO,27687039,Beni M'hamed,2259,,
RDS_DICT_REGIONS_NSO,27687049,Somrane,2259,,
RDS_DICT_REGIONS_NSO,27687059,Balta,2259,,
RDS_DICT_REGIONS_NSO,27687069,Abdeljaber,2259,,
RDS_DICT_REGIONS_NSO,27687079,Bou Aouane,2259,,
RDS_DICT_REGIONS_NSO,27687089,Oued Kesseb,2259,,
RDS_DICT_REGIONS_NSO,27687099,Boulaaba,2259,,
RDS_DICT_REGIONS_NSO,23,Gouvernorat du Kef,2,TN-33,
RDS_DICT_REGIONS_NSO,2351,Délégation de Kef Ouest,23,,
RDS_DICT_REGIONS_NSO,27687109,Oued Remel Nord,2351,,
RDS_DICT_REGIONS_NSO,27687119,Oued Remel Sud,2351,,
RDS_DICT_REGIONS_NSO,27687129,Haouareth Sud,2351,,
RDS_DICT_REGIONS_NSO,2352,Délégation de Kef Est,23,,
RDS_DICT_REGIONS_NSO,27687139,Charfine,2352,,
RDS_DICT_REGIONS_NSO,27687149,Ben Ainine,2352,,
RDS_DICT_REGIONS_NSO,27687159,Haouareth Nord,2352,,
RDS_DICT_REGIONS_NSO,27687169,Zâafrane,2352,,
RDS_DICT_REGIONS_NSO,27687179,Oued Souani,2352,,
RDS_DICT_REGIONS_NSO,27687189,Oued Souani Sud,2352,,
RDS_DICT_REGIONS_NSO,27687199,Dyr El Kef,2352,,
RDS_DICT_REGIONS_NSO,27687209,Hached,2352,,
RDS_DICT_REGIONS_NSO,2353,Délégation de Nebeur,23,,
RDS_DICT_REGIONS_NSO,27687219,Nebeur,2353,,
RDS_DICT_REGIONS_NSO,27687229,Sarkaouna,2353,,
RDS_DICT_REGIONS_NSO,27687239,Tel El Ghozlane,2353,,
RDS_DICT_REGIONS_NSO,27687249,Sidi Khiar,2353,,
RDS_DICT_REGIONS_NSO,27687259,Mellala,2353,,
RDS_DICT_REGIONS_NSO,27687269,Ledhieb,2353,,
RDS_DICT_REGIONS_NSO,27687279,Touiref,2353,,
RDS_DICT_REGIONS_NSO,27687289,Mellègue,2353,,
RDS_DICT_REGIONS_NSO,27687299,Bahra,2353,,
RDS_DICT_REGIONS_NSO,27687309,Sidi Medien,2353,,
RDS_DICT_REGIONS_NSO,27687319,El Ksar,2353,,
RDS_DICT_REGIONS_NSO,27687329,Chetatla,2353,,
RDS_DICT_REGIONS_NSO,27687339,Oueljet Essedra,2353,,
RDS_DICT_REGIONS_NSO,2354,Délégation de Sakiet Sidi Youssef,23,,
RDS_DICT_REGIONS_NSO,27687349,Sakiet Sidi Youssef,2354,,
RDS_DICT_REGIONS_NSO,27687359,Es-Sefeïa,2354,,
RDS_DICT_REGIONS_NSO,27687369,Aïn Mazer,2354,,
RDS_DICT_REGIONS_NSO,27687379,Djeradou,2354,,
RDS_DICT_REGIONS_NSO,27687389,Forchane,2354,,
RDS_DICT_REGIONS_NSO,27687399,Aïn El Karma,2354,,
RDS_DICT_REGIONS_NSO,27687409,Sidi Rabeh,2354,,
RDS_DICT_REGIONS_NSO,27687419,Et-Tabia,2354,,
RDS_DICT_REGIONS_NSO,2355,Délégation de Tajerouine,23,,
RDS_DICT_REGIONS_NSO,27687429,Tajerouine Nord,2355,,
RDS_DICT_REGIONS_NSO,27687439,Tajerouine Sud,2355,,
RDS_DICT_REGIONS_NSO,27687449,Aïn El Abar,2355,,
RDS_DICT_REGIONS_NSO,27687459,Cité Bourguiba,2355,,
RDS_DICT_REGIONS_NSO,27687469,Sidi M'tir,2355,,
RDS_DICT_REGIONS_NSO,27687479,Ennajet,2355,,
RDS_DICT_REGIONS_NSO,27687489,Sidi Abdelbasset,2355,,
RDS_DICT_REGIONS_NSO,27687499,Jezza,2355,,
RDS_DICT_REGIONS_NSO,27687509,El Houdh,2355,,
RDS_DICT_REGIONS_NSO,27687519,Menzel Salem,2355,,
RDS_DICT_REGIONS_NSO,27687529,Borj Eddiouana,2355,,
RDS_DICT_REGIONS_NSO,27687539,Garn Halfaia,2355,,
RDS_DICT_REGIONS_NSO,2356,Délégation de Kalâat Snan,23,,
RDS_DICT_REGIONS_NSO,27687549,Kalâat Snan,2356,,
RDS_DICT_REGIONS_NSO,27687559,Bou Jabeur,2356,,
RDS_DICT_REGIONS_NSO,27687569,Safsaf,2356,,
RDS_DICT_REGIONS_NSO,27687579,Mzita,2356,,
RDS_DICT_REGIONS_NSO,27687589,El Falta,2356,,
RDS_DICT_REGIONS_NSO,27687599,Sed El Khir,2356,,
RDS_DICT_REGIONS_NSO,27687609,Aïn Snan,2356,,
RDS_DICT_REGIONS_NSO,27687619,El Hamaïma,2356,,
RDS_DICT_REGIONS_NSO,27687629,El Mahjouba,2356,,
RDS_DICT_REGIONS_NSO,2357,Délégation de Kalâat Khasbah,23,,
RDS_DICT_REGIONS_NSO,27687639,Kalâat Khasba,2357,,
RDS_DICT_REGIONS_NSO,27687649,Hentaïa,2357,,
RDS_DICT_REGIONS_NSO,27687659,Sidi Ahmed Essalah,2357,,
RDS_DICT_REGIONS_NSO,27687669,En-Nadhour,2357,,
RDS_DICT_REGIONS_NSO,2358,Délégation de Djerissa,23,,
RDS_DICT_REGIONS_NSO,27687679,Djerissa Centre,2358,,
RDS_DICT_REGIONS_NSO,27687689,Djérissa Nord,2358,,
RDS_DICT_REGIONS_NSO,27687699,Djerissa Sud,2358,,
RDS_DICT_REGIONS_NSO,27687709,Besseriana,2358,,
RDS_DICT_REGIONS_NSO,27687719,Fej Ettameur,2358,,
RDS_DICT_REGIONS_NSO,27687729,Enneayem,2358,,
RDS_DICT_REGIONS_NSO,2359,Délégation de El Ksour,23,,
RDS_DICT_REGIONS_NSO,27687739,El Ksour,2359,,
RDS_DICT_REGIONS_NSO,27687749,Aïn El Ksiba,2359,,
RDS_DICT_REGIONS_NSO,27687759,Banou,2359,,
RDS_DICT_REGIONS_NSO,27687769,Louata,2359,,
RDS_DICT_REGIONS_NSO,27687779,Aïn Fedhil,2359,,
RDS_DICT_REGIONS_NSO,27687789,Ezzitouna,2359,,
RDS_DICT_REGIONS_NSO,2360,Délégation de Dahmani,23,,
RDS_DICT_REGIONS_NSO,27687799,Dahmani,2360,,
RDS_DICT_REGIONS_NSO,27687809,Dahmani Nord,2360,,
RDS_DICT_REGIONS_NSO,27687819,Zouarine,2360,,
RDS_DICT_REGIONS_NSO,27687829,Thermda,2360,,
RDS_DICT_REGIONS_NSO,27687839,Abida,2360,,
RDS_DICT_REGIONS_NSO,27687849,Ebba,2360,,
RDS_DICT_REGIONS_NSO,27687859,El Medeïna,2360,,
RDS_DICT_REGIONS_NSO,27687869,Sidi Baraket Nord,2360,,
RDS_DICT_REGIONS_NSO,27687879,Sidi Baraket Sud,2360,,
RDS_DICT_REGIONS_NSO,2361,Délégation de Es-Sers,23,,
RDS_DICT_REGIONS_NSO,27687889,Es-Sers Nord,2361,,
RDS_DICT_REGIONS_NSO,27687899,Es-Sers Sud,2361,,
RDS_DICT_REGIONS_NSO,27687909,Cité Ennour,2361,,
RDS_DICT_REGIONS_NSO,27687919,Bousliaa,2361,,
RDS_DICT_REGIONS_NSO,27687929,Lorbeus,2361,,
RDS_DICT_REGIONS_NSO,27687939,El Marja,2361,,
RDS_DICT_REGIONS_NSO,27687949,El Abar,2361,,
RDS_DICT_REGIONS_NSO,27687959,El Abar Est,2361,,
RDS_DICT_REGIONS_NSO,27687969,Elles,2361,,
RDS_DICT_REGIONS_NSO,24,Gouvernorat de Siliana,2,TN-34,
RDS_DICT_REGIONS_NSO,2451,Délégation de Siliana Nord,24,,
RDS_DICT_REGIONS_NSO,27687979,Siliana Ville,2451,,
RDS_DICT_REGIONS_NSO,27687989,Siliana Nord,2451,,
RDS_DICT_REGIONS_NSO,27687999,El Arab,2451,,
RDS_DICT_REGIONS_NSO,27688009,Jema,2451,,
RDS_DICT_REGIONS_NSO,27688019,Massouj,2451,,
RDS_DICT_REGIONS_NSO,27688029,El Jouii,2451,,
RDS_DICT_REGIONS_NSO,27688039,El Khalsa,2451,,
RDS_DICT_REGIONS_NSO,27688049,Aïn Ed-Dissa,2451,,
RDS_DICT_REGIONS_NSO,2452,Délégation de Siliana Sud,24,,
RDS_DICT_REGIONS_NSO,27688059,Siliana Sud,2452,,
RDS_DICT_REGIONS_NSO,27688069,Marj Mokaddem,2452,,
RDS_DICT_REGIONS_NSO,27688079,Es-Sefina,2452,,
RDS_DICT_REGIONS_NSO,27688089,Sidi Morched,2452,,
RDS_DICT_REGIONS_NSO,27688099,Sidi Mansour,2452,,
RDS_DICT_REGIONS_NSO,27688109,Sidi Hmada,2452,,
RDS_DICT_REGIONS_NSO,27688119,Sejja,2452,,
RDS_DICT_REGIONS_NSO,27688129,Ouled Zenag,2452,,
RDS_DICT_REGIONS_NSO,27688139,El Kabel,2452,,
RDS_DICT_REGIONS_NSO,2453,Délégation de Bou Arada,24,,
RDS_DICT_REGIONS_NSO,27688149,Banlieue De Bouarada,2453,,
RDS_DICT_REGIONS_NSO,27688159,Bouarada,2453,,
RDS_DICT_REGIONS_NSO,27688169,Fatis,2453,,
RDS_DICT_REGIONS_NSO,27688179,Henchir Er-Roman,2453,,
RDS_DICT_REGIONS_NSO,27688189,Sidi Abdennour,2453,,
RDS_DICT_REGIONS_NSO,27688199,Tarf Ech-chena,2453,,
RDS_DICT_REGIONS_NSO,2454,Délégation de Gaâfour,24,,
RDS_DICT_REGIONS_NSO,27688209,Gâafour Est,2454,,
RDS_DICT_REGIONS_NSO,27688219,Gâafour Ouest,2454,,
RDS_DICT_REGIONS_NSO,27688229,El khouat,2454,,
RDS_DICT_REGIONS_NSO,27688239,Aïn Zerig,2454,,
RDS_DICT_REGIONS_NSO,27688249,El Ahouez Nord,2454,,
RDS_DICT_REGIONS_NSO,27688259,El Ahouez Sud,2454,,
RDS_DICT_REGIONS_NSO,27688269,El Aksab,2454,,
RDS_DICT_REGIONS_NSO,2455,Délégation de El  Krib,24,,
RDS_DICT_REGIONS_NSO,27688279,El Krib Nord,2455,,
RDS_DICT_REGIONS_NSO,27688289,El Krib Sud,2455,,
RDS_DICT_REGIONS_NSO,27688299,Dokhania,2455,,
RDS_DICT_REGIONS_NSO,27688309,Hammam Biadha Nord,2455,,
RDS_DICT_REGIONS_NSO,27688319,Hammam Biadha Sud,2455,,
RDS_DICT_REGIONS_NSO,27688329,Borj El Messaoudi Nord,2455,,
RDS_DICT_REGIONS_NSO,27688339,Borj El Messaoudi Sud,2455,,
RDS_DICT_REGIONS_NSO,2456,Délégation de Bourouis,24,,
RDS_DICT_REGIONS_NSO,27688349,Bourouis Nord,2456,,
RDS_DICT_REGIONS_NSO,27688359,Bourouis Sud,2456,,
RDS_DICT_REGIONS_NSO,27688369,Ettricha,2456,,
RDS_DICT_REGIONS_NSO,27688379,El Abbassi,2456,,
RDS_DICT_REGIONS_NSO,27688389,Aïn Achour,2456,,
RDS_DICT_REGIONS_NSO,27688399,El Krib Gare,2456,,
RDS_DICT_REGIONS_NSO,2457,Délégation de Makthar,24,,
RDS_DICT_REGIONS_NSO,27688409,Makthar Nord,2457,,
RDS_DICT_REGIONS_NSO,27688419,Makthar Sud,2457,,
RDS_DICT_REGIONS_NSO,27688429,Sayar,2457,,
RDS_DICT_REGIONS_NSO,27688439,El Garâa,2457,,
RDS_DICT_REGIONS_NSO,27688449,Bez,2457,,
RDS_DICT_REGIONS_NSO,27688459,Beni Hazem,2457,,
RDS_DICT_REGIONS_NSO,27688469,Ras El Ouedi,2457,,
RDS_DICT_REGIONS_NSO,27688479,Saddine,2457,,
RDS_DICT_REGIONS_NSO,27688489,Chouarnia,2457,,
RDS_DICT_REGIONS_NSO,27688499,Sened El Haddad,2457,,
RDS_DICT_REGIONS_NSO,27688509,Soualem,2457,,
RDS_DICT_REGIONS_NSO,2458,Délégation de Er-Rouhia,24,,
RDS_DICT_REGIONS_NSO,27688519,El Hababsa Nord,2458,,
RDS_DICT_REGIONS_NSO,27688529,El Hababsa Sud,2458,,
RDS_DICT_REGIONS_NSO,27688539,El Jamilet,2458,,
RDS_DICT_REGIONS_NSO,27688549,Es-Semiret Nord,2458,,
RDS_DICT_REGIONS_NSO,27688559,Es-Semirat Sud,2458,,
RDS_DICT_REGIONS_NSO,27688569,El Messahla,2458,,
RDS_DICT_REGIONS_NSO,27688579,El Haria,2458,,
RDS_DICT_REGIONS_NSO,27688589,Er-Rouhia,2458,,
RDS_DICT_REGIONS_NSO,27688599,El Hamaïma,2458,,
RDS_DICT_REGIONS_NSO,27688609,Bou -Ajila,2458,,
RDS_DICT_REGIONS_NSO,2459,Délégation de Kesra,24,,
RDS_DICT_REGIONS_NSO,27688619,Kesra,2459,,
RDS_DICT_REGIONS_NSO,27688629,El Hammam,2459,,
RDS_DICT_REGIONS_NSO,27688639,El Mansoura Nord,2459,,
RDS_DICT_REGIONS_NSO,27688649,El Mansoura Sud,2459,,
RDS_DICT_REGIONS_NSO,27688659,Bou Abdallah,2459,,
RDS_DICT_REGIONS_NSO,27688669,El Karia Nord,2459,,
RDS_DICT_REGIONS_NSO,27688679,El Karia Sud,2459,,
RDS_DICT_REGIONS_NSO,27688689,El Foudhoul,2459,,
RDS_DICT_REGIONS_NSO,27688699,El louza,2459,,
RDS_DICT_REGIONS_NSO,2460,Délégation de Bargou,24,,
RDS_DICT_REGIONS_NSO,27688709,Bargou,2460,,
RDS_DICT_REGIONS_NSO,27688719,Banlieue Bargou,2460,,
RDS_DICT_REGIONS_NSO,27688729,Ouled Fredj,2460,,
RDS_DICT_REGIONS_NSO,27688739,Sidi Saïd,2460,,
RDS_DICT_REGIONS_NSO,27688749,Aïn Fourna,2460,,
RDS_DICT_REGIONS_NSO,27688759,Aïn Bous Sâadia,2460,,
RDS_DICT_REGIONS_NSO,27688769,Ed-Derija,2460,,
RDS_DICT_REGIONS_NSO,27688779,El Behirin,2460,,
RDS_DICT_REGIONS_NSO,2461,Délégation de El Aroussa,24,,
RDS_DICT_REGIONS_NSO,27688789,El Aroussa,2461,,
RDS_DICT_REGIONS_NSO,27688799,Bou Jlida,2461,,
RDS_DICT_REGIONS_NSO,27688809,Er Remil,2461,,
RDS_DICT_REGIONS_NSO,27688819,Mousrata,2461,,
RDS_DICT_REGIONS_NSO,27688829,Sidi Ayed,2461,,
RDS_DICT_REGIONS_NSO,3,Centre Est,0,,"5054839, 5052829, 5052829, 5053379, 5054839, 5054739, 5054949, 5055059, 4847719, 4848009, 4847629, 4847809, 4847899, 4847899, 5049479, 4848099, 5050939, 5156249, 5156249, 5156249, 4847719, 4847719, 4847719, 4847719, 4848009, 4847629, 4847809, 4847899, 4847899, 5049479, 4848099, 5052829, 5156599, 5054839, 4847719, 4847719, 4847719, 4847629, 4847809, 4847899, 4848099, 4848099, 5054739, 5054839, 5156249"
RDS_DICT_REGIONS_NSO,31,Gouvernorat de Sousse,3,TN-51,
RDS_DICT_REGIONS_NSO,3151,Délégation de Sousse Medina,31,,
RDS_DICT_REGIONS_NSO,27688839,Bou Jâafer,3151,,
RDS_DICT_REGIONS_NSO,27688849,El Medina,3151,,
RDS_DICT_REGIONS_NSO,27688859,Ali Belhouan,3151,,
RDS_DICT_REGIONS_NSO,27688869,Mohamed Mâarouf,3151,,
RDS_DICT_REGIONS_NSO,27688879,Khezama,3151,,
RDS_DICT_REGIONS_NSO,3152,Délégation de Sousse Riadh,31,,
RDS_DICT_REGIONS_NSO,27688889,Ezzouhour,3152,,
RDS_DICT_REGIONS_NSO,27688899,Cité Er-Riadh,3152,,
RDS_DICT_REGIONS_NSO,27688909,El Ahd El Jadid,3152,,
RDS_DICT_REGIONS_NSO,3153,Délégation de Sousse Jawhara,31,,
RDS_DICT_REGIONS_NSO,27688919,Oued Blibane,3153,,
RDS_DICT_REGIONS_NSO,27688929,Hached,3153,,
RDS_DICT_REGIONS_NSO,27688939,Hédi Chaker,3153,,
RDS_DICT_REGIONS_NSO,27688949,Bou Hassina,3153,,
RDS_DICT_REGIONS_NSO,27688959,Mohamed El Karoui,3153,,
RDS_DICT_REGIONS_NSO,27688969,Sahloul,3153,,
RDS_DICT_REGIONS_NSO,3154,Délégation de Sousse Sidi Abdelhamid,31,,
RDS_DICT_REGIONS_NSO,27688979,Taieb M'hiri,3154,,
RDS_DICT_REGIONS_NSO,27688989,Ibn Khaldoun,3154,,
RDS_DICT_REGIONS_NSO,27688999,Ksibet Ech-Chatt,3154,,
RDS_DICT_REGIONS_NSO,27689009,Sidi Abdelhamid,3154,,
RDS_DICT_REGIONS_NSO,3155,Délégation de Hammam Sousse,31,,
RDS_DICT_REGIONS_NSO,27689019,EL Medina,3155,,
RDS_DICT_REGIONS_NSO,27689029,El Kantaoui,3155,,
RDS_DICT_REGIONS_NSO,27689039,Bir Moussa,3155,,
RDS_DICT_REGIONS_NSO,27689049,Sahloul,3155,,
RDS_DICT_REGIONS_NSO,27689059,El Gharabi,3155,,
RDS_DICT_REGIONS_NSO,3156,Délégation de Akouda,31,,
RDS_DICT_REGIONS_NSO,27689069,Akouda Est,3156,,
RDS_DICT_REGIONS_NSO,27689079,Akouda Ouest,3156,,
RDS_DICT_REGIONS_NSO,27689089,Chott Meriam,3156,,
RDS_DICT_REGIONS_NSO,27689099,Chott Er-Romane,3156,,
RDS_DICT_REGIONS_NSO,27689109,EL Fokaïa,3156,,
RDS_DICT_REGIONS_NSO,27689119,Ettantana,3156,,
RDS_DICT_REGIONS_NSO,3157,Délégation de Kalaâ Kebira,31,,
RDS_DICT_REGIONS_NSO,27689129,El Jarabâa,3157,,
RDS_DICT_REGIONS_NSO,27689139,Zearna Ouest,3157,,
RDS_DICT_REGIONS_NSO,27689149,Zearna Est,3157,,
RDS_DICT_REGIONS_NSO,27689159,Ouled Mhamed,3157,,
RDS_DICT_REGIONS_NSO,27689169,Essed Ouest,3157,,
RDS_DICT_REGIONS_NSO,27689179,Balaoum,3157,,
RDS_DICT_REGIONS_NSO,3158,Délégation de Sidi Bou Ali,31,,
RDS_DICT_REGIONS_NSO,27689189,Sidi Bou Ali,3158,,
RDS_DICT_REGIONS_NSO,27689199,Essed Sud,3158,,
RDS_DICT_REGIONS_NSO,27689209,Essed Nord (Essateh),3158,,
RDS_DICT_REGIONS_NSO,27689219,Ech-Chouicha,3158,,
RDS_DICT_REGIONS_NSO,27689229,Ouriemma,3158,,
RDS_DICT_REGIONS_NSO,27689239,Menzel EL Mahatta,3158,,
RDS_DICT_REGIONS_NSO,27689249,Mehadhba,3158,,
RDS_DICT_REGIONS_NSO,3159,Délégation de Hergla,31,,
RDS_DICT_REGIONS_NSO,27689259,Hergla,3159,,
RDS_DICT_REGIONS_NSO,27689269,El Aribet,3159,,
RDS_DICT_REGIONS_NSO,27689279,Essouieh,3159,,
RDS_DICT_REGIONS_NSO,3160,Délégation de Enfidha,31,,
RDS_DICT_REGIONS_NSO,27689289,Enfidha,3160,,
RDS_DICT_REGIONS_NSO,27689299,EL Frada,3160,,
RDS_DICT_REGIONS_NSO,27689309,Gerimet est,3160,,
RDS_DICT_REGIONS_NSO,27689319,Gerimet Ouest,3160,,
RDS_DICT_REGIONS_NSO,27689329,Chégarnia,3160,,
RDS_DICT_REGIONS_NSO,27689339,Ouled Abdellah,3160,,
RDS_DICT_REGIONS_NSO,27689349,Takrouna,3160,,
RDS_DICT_REGIONS_NSO,27689359,Menzel Fateh,3160,,
RDS_DICT_REGIONS_NSO,27689369,EL Garci,3160,,
RDS_DICT_REGIONS_NSO,27689379,Aïn Medhaker,3160,,
RDS_DICT_REGIONS_NSO,27689389,Hicher,3160,,
RDS_DICT_REGIONS_NSO,27689399,Menzel Dar Belouar,3160,,
RDS_DICT_REGIONS_NSO,27689409,M'rabet Hached,3160,,
RDS_DICT_REGIONS_NSO,3161,Délégation de Bouficha,31,,
RDS_DICT_REGIONS_NSO,27689419,Bouficha,3161,,
RDS_DICT_REGIONS_NSO,27689429,Oued El Kharroub,3161,,
RDS_DICT_REGIONS_NSO,27689439,Sidi Khalifa,3161,,
RDS_DICT_REGIONS_NSO,27689449,Essafha,3161,,
RDS_DICT_REGIONS_NSO,27689459,Sidi Saïd,3161,,
RDS_DICT_REGIONS_NSO,27689469,Aïn Errahma,3161,,
RDS_DICT_REGIONS_NSO,27689479,El Methalit,3161,,
RDS_DICT_REGIONS_NSO,27689489,Esselloum,3161,,
RDS_DICT_REGIONS_NSO,27689499,Sidi M'tir,3161,,
RDS_DICT_REGIONS_NSO,3162,Délégation de Kondar,31,,
RDS_DICT_REGIONS_NSO,27689509,Kondar,3162,,
RDS_DICT_REGIONS_NSO,27689519,Bir El Jedid,3162,,
RDS_DICT_REGIONS_NSO,27689529,Belalma,3162,,
RDS_DICT_REGIONS_NSO,27689539,Bechachma,3162,,
RDS_DICT_REGIONS_NSO,27689549,Ouled EL Abed,3162,,
RDS_DICT_REGIONS_NSO,27689559,Gmata,3162,,
RDS_DICT_REGIONS_NSO,27689569,Ouled Ameur,3162,,
RDS_DICT_REGIONS_NSO,3163,Délégation de Sidi El Héni,31,,
RDS_DICT_REGIONS_NSO,27689579,Sidi El Héni Centre,3163,,
RDS_DICT_REGIONS_NSO,27689589,Sidi El Heni Ouest,3163,,
RDS_DICT_REGIONS_NSO,27689599,Sidi El Heni Sud,3163,,
RDS_DICT_REGIONS_NSO,27689609,Ouled Ali Belhani,3163,,
RDS_DICT_REGIONS_NSO,27689619,Kroussia Ouest,3163,,
RDS_DICT_REGIONS_NSO,27689629,Kroussia Centrale,3163,,
RDS_DICT_REGIONS_NSO,3164,Délégation de M'saken,31,,
RDS_DICT_REGIONS_NSO,27689639,Ettouara Nord,3164,,
RDS_DICT_REGIONS_NSO,27689649,Ettouara Sud,3164,,
RDS_DICT_REGIONS_NSO,27689659,Jedidine,3164,,
RDS_DICT_REGIONS_NSO,27689669,Jebline,3164,,
RDS_DICT_REGIONS_NSO,27689679,Habib Thameur,3164,,
RDS_DICT_REGIONS_NSO,27689689,Mouredine,3164,,
RDS_DICT_REGIONS_NSO,27689699,Mneaema,3164,,
RDS_DICT_REGIONS_NSO,27689709,El Gharbine,3164,,
RDS_DICT_REGIONS_NSO,27689719,El Kenaïes,3164,,
RDS_DICT_REGIONS_NSO,27689729,El Kebline,3164,,
RDS_DICT_REGIONS_NSO,27689739,Ennour,3164,,
RDS_DICT_REGIONS_NSO,27689749,El Frady,3164,,
RDS_DICT_REGIONS_NSO,27689759,Borgine,3164,,
RDS_DICT_REGIONS_NSO,27689769,Beni Rabïaa,3164,,
RDS_DICT_REGIONS_NSO,27689779,Béni Khalthoum,3164,,
RDS_DICT_REGIONS_NSO,27689789,Nejajra,3164,,
RDS_DICT_REGIONS_NSO,27689799,Messâdine,3164,,
RDS_DICT_REGIONS_NSO,3165,Délégation de Kalaâ Seghira,31,,
RDS_DICT_REGIONS_NSO,27689809,Kalâa Seghira Est,3165,,
RDS_DICT_REGIONS_NSO,27689819,Kalâa Seghira Hached,3165,,
RDS_DICT_REGIONS_NSO,27689829,Kalâa Seghira Ville,3165,,
RDS_DICT_REGIONS_NSO,27689839,En-Nagr,3165,,
RDS_DICT_REGIONS_NSO,27689849,Oued Leya,3165,,
RDS_DICT_REGIONS_NSO,3166,Délégation de Zaouia - Ksiba - Thrayet,31,,
RDS_DICT_REGIONS_NSO,27689859,Zaouit Sousse,3166,,
RDS_DICT_REGIONS_NSO,27689869,Ksibet Sousse,3166,,
RDS_DICT_REGIONS_NSO,27689879,Thrayet,3166,,
RDS_DICT_REGIONS_NSO,32,Gouvernorat de Monastir,3,TN-52,
RDS_DICT_REGIONS_NSO,3251,Délégation de Monastir,32,,
RDS_DICT_REGIONS_NSO,27689889,El Medina,3251,,
RDS_DICT_REGIONS_NSO,27689899,EL Medina 2,3251,,
RDS_DICT_REGIONS_NSO,27689909,Bab El Gharbi,3251,,
RDS_DICT_REGIONS_NSO,27689919,Er-Rbat,3251,,
RDS_DICT_REGIONS_NSO,27689929,El Helia,3251,,
RDS_DICT_REGIONS_NSO,27689939,El Halia 2,3251,,
RDS_DICT_REGIONS_NSO,27689949,Skanes,3251,,
RDS_DICT_REGIONS_NSO,27689959,Khenis,3251,,
RDS_DICT_REGIONS_NSO,27689969,Khénis Echamalya,3251,,
RDS_DICT_REGIONS_NSO,3252,Délégation de Ouerdanine,32,,
RDS_DICT_REGIONS_NSO,27689979,Ouerdanine Nord,3252,,
RDS_DICT_REGIONS_NSO,27689989,Ouerdaninie Sud,3252,,
RDS_DICT_REGIONS_NSO,27689999,Menzel Khair,3252,,
RDS_DICT_REGIONS_NSO,27690009,Sidi Bou Othman,3252,,
RDS_DICT_REGIONS_NSO,27690019,Oued El Jebs,3252,,
RDS_DICT_REGIONS_NSO,3253,Délégation de Sahline,32,,
RDS_DICT_REGIONS_NSO,27690029,Sahline Est,3253,,
RDS_DICT_REGIONS_NSO,27690039,Sahline Ouest,3253,,
RDS_DICT_REGIONS_NSO,27690049,Sidi Ameur,3253,,
RDS_DICT_REGIONS_NSO,27690059,Môotmar,3253,,
RDS_DICT_REGIONS_NSO,27690069,Masjed Aïssa,3253,,
RDS_DICT_REGIONS_NSO,3254,Délégation de Zermadine,32,,
RDS_DICT_REGIONS_NSO,27690079,Mezaougha,3254,,
RDS_DICT_REGIONS_NSO,27690089,Menzel Hayet,3254,,
RDS_DICT_REGIONS_NSO,27690099,Melichet,3254,,
RDS_DICT_REGIONS_NSO,27690109,Zéramdine Nord,3254,,
RDS_DICT_REGIONS_NSO,27690119,Zéramdine Sud,3254,,
RDS_DICT_REGIONS_NSO,3255,Délégation de Beni Hassen,32,,
RDS_DICT_REGIONS_NSO,27690129,Beni Hassen Sud,3255,,
RDS_DICT_REGIONS_NSO,27690139,Beni Hassen Nord,3255,,
RDS_DICT_REGIONS_NSO,27690149,Hatem,3255,,
RDS_DICT_REGIONS_NSO,27690159,EL Jnaïha,3255,,
RDS_DICT_REGIONS_NSO,27690169,Ghnada,3255,,
RDS_DICT_REGIONS_NSO,3256,Délégation de Jammel,32,,
RDS_DICT_REGIONS_NSO,27690179,Jamel Sud,3256,,
RDS_DICT_REGIONS_NSO,27690189,Jamel Nord,3256,,
RDS_DICT_REGIONS_NSO,27690199,Jamel Est,3256,,
RDS_DICT_REGIONS_NSO,27690209,Jamel Ouest,3256,,
RDS_DICT_REGIONS_NSO,27690219,Zaouiet Kontoch,3256,,
RDS_DICT_REGIONS_NSO,27690229,Bir Taïeb,3256,,
RDS_DICT_REGIONS_NSO,27690239,Menzel Kamel,3256,,
RDS_DICT_REGIONS_NSO,27690249,El Hdadra,3256,,
RDS_DICT_REGIONS_NSO,27690259,Et-Teyaïra,3256,,
RDS_DICT_REGIONS_NSO,3257,Délégation de Bembla,32,,
RDS_DICT_REGIONS_NSO,27690269,Bembla,3257,,
RDS_DICT_REGIONS_NSO,27690279,Bembla Ouest,3257,,
RDS_DICT_REGIONS_NSO,27690289,El Manara,3257,,
RDS_DICT_REGIONS_NSO,27690299,Menzel En-Nour,3257,,
RDS_DICT_REGIONS_NSO,27690309,EL Masdour,3257,,
RDS_DICT_REGIONS_NSO,27690319,Menzel Harb,3257,,
RDS_DICT_REGIONS_NSO,3258,Délégation de Moknine,32,,
RDS_DICT_REGIONS_NSO,27690329,Moknine Est,3258,,
RDS_DICT_REGIONS_NSO,27690339,Moknine Sud,3258,,
RDS_DICT_REGIONS_NSO,27690349,Moknine Nord,3258,,
RDS_DICT_REGIONS_NSO,27690359,Ras El Ouad,3258,,
RDS_DICT_REGIONS_NSO,27690369,Moknine Ouest,3258,,
RDS_DICT_REGIONS_NSO,27690379,Khéredine,3258,,
RDS_DICT_REGIONS_NSO,27690389,Sidi Bennour,3258,,
RDS_DICT_REGIONS_NSO,27690399,Menzel Farsi,3258,,
RDS_DICT_REGIONS_NSO,27690409,Chérahil,3258,,
RDS_DICT_REGIONS_NSO,27690419,Amiret El Fehoul,3258,,
RDS_DICT_REGIONS_NSO,27690429,Amiret El Hojjaj,3258,,
RDS_DICT_REGIONS_NSO,27690439,Amiret Touazra,3258,,
RDS_DICT_REGIONS_NSO,27690449,Amiret Touazra Sud,3258,,
RDS_DICT_REGIONS_NSO,3259,Délégation de Bekalta,32,,
RDS_DICT_REGIONS_NSO,27690459,Bekalta Nord,3259,,
RDS_DICT_REGIONS_NSO,27690469,Beklta Sud,3259,,
RDS_DICT_REGIONS_NSO,27690479,El Baghdadi,3259,,
RDS_DICT_REGIONS_NSO,27690489,El Bekalta Echarkya,3259,,
RDS_DICT_REGIONS_NSO,3260,Délégation de Teboulba,32,,
RDS_DICT_REGIONS_NSO,27690499,Houmet Essouk,3260,,
RDS_DICT_REGIONS_NSO,27690509,El Fadhline,3260,,
RDS_DICT_REGIONS_NSO,27690519,El Aïaïcha,3260,,
RDS_DICT_REGIONS_NSO,27690529,Sokrine,3260,,
RDS_DICT_REGIONS_NSO,27690539,Bou-driss,3260,,
RDS_DICT_REGIONS_NSO,3261,Délégation de Ksar Helal,32,,
RDS_DICT_REGIONS_NSO,27690549,Ayed,3261,,
RDS_DICT_REGIONS_NSO,27690559,Soua,3261,,
RDS_DICT_REGIONS_NSO,27690569,Bouzouita,3261,,
RDS_DICT_REGIONS_NSO,27690579,Cité Erriadh,3261,,
RDS_DICT_REGIONS_NSO,3262,Délégation de Ksibet El Mediouni,32,,
RDS_DICT_REGIONS_NSO,27690589,Ksibet El Mediouni,3262,,
RDS_DICT_REGIONS_NSO,27690599,Touza,3262,,
RDS_DICT_REGIONS_NSO,27690609,Benen Sud,3262,,
RDS_DICT_REGIONS_NSO,27690619,Benen Nord,3262,,
RDS_DICT_REGIONS_NSO,27690629,Bodher,3262,,
RDS_DICT_REGIONS_NSO,3263,Délégation de Sayada-Lamta Bou-Hjar,32,,
RDS_DICT_REGIONS_NSO,27690639,Sayada Est,3263,,
RDS_DICT_REGIONS_NSO,27690649,Sayada Ouest,3263,,
RDS_DICT_REGIONS_NSO,27690659,Lamta,3263,,
RDS_DICT_REGIONS_NSO,27690669,Bou-hjar,3263,,
RDS_DICT_REGIONS_NSO,33,Gouvernorat de Mahdia,3,TN-53,
RDS_DICT_REGIONS_NSO,3351,Délégation de Mahdia,33,,
RDS_DICT_REGIONS_NSO,27690679,Mahdia,3351,,
RDS_DICT_REGIONS_NSO,27690689,Zouila,3351,,
RDS_DICT_REGIONS_NSO,27690699,Zouila Sud,3351,,
RDS_DICT_REGIONS_NSO,27690709,Rejiche,3351,,
RDS_DICT_REGIONS_NSO,27690719,Réjiche Sud,3351,,
RDS_DICT_REGIONS_NSO,27690729,Chiba,3351,,
RDS_DICT_REGIONS_NSO,27690739,Es-Sâad,3351,,
RDS_DICT_REGIONS_NSO,27690749,Jaouaouda,3351,,
RDS_DICT_REGIONS_NSO,27690759,Ez-Zahra,3351,,
RDS_DICT_REGIONS_NSO,27690769,Zegana,3351,,
RDS_DICT_REGIONS_NSO,27690779,Hiboun,3351,,
RDS_DICT_REGIONS_NSO,27690789,Er-Remal,3351,,
RDS_DICT_REGIONS_NSO,27690799,El Hekaima Est,3351,,
RDS_DICT_REGIONS_NSO,27690809,Hekaima Ouest,3351,,
RDS_DICT_REGIONS_NSO,3352,Délégation de Bou Merdès,33,,
RDS_DICT_REGIONS_NSO,27690819,Bou Merdes,3352,,
RDS_DICT_REGIONS_NSO,27690829,El Houes,3352,,
RDS_DICT_REGIONS_NSO,27690839,Kerker,3352,,
RDS_DICT_REGIONS_NSO,27690849,Zerata,3352,,
RDS_DICT_REGIONS_NSO,27690859,Er-Rouadhi,3352,,
RDS_DICT_REGIONS_NSO,27690869,Ech-Chouariaa,3352,,
RDS_DICT_REGIONS_NSO,27690879,Bouhlale El Ali Sud,3352,,
RDS_DICT_REGIONS_NSO,27690889,Bouhlale El Ali Nord,3352,,
RDS_DICT_REGIONS_NSO,27690899,Menzel Hamza,3352,,
RDS_DICT_REGIONS_NSO,3353,Délégation de Ouled Chamekh,33,,
RDS_DICT_REGIONS_NSO,27690909,Ouled Chamekh Sud,3353,,
RDS_DICT_REGIONS_NSO,27690919,Ouled Chamekh Nord,3353,,
RDS_DICT_REGIONS_NSO,27690929,Ouled Amor,3353,,
RDS_DICT_REGIONS_NSO,27690939,Chehimet Nord,3353,,
RDS_DICT_REGIONS_NSO,27690949,El Ajilet,3353,,
RDS_DICT_REGIONS_NSO,27690959,Es-Somra,3353,,
RDS_DICT_REGIONS_NSO,27690969,Bou Slim,3353,,
RDS_DICT_REGIONS_NSO,27690979,Meharza Nord,3353,,
RDS_DICT_REGIONS_NSO,3354,Délégation de Chorbane,33,,
RDS_DICT_REGIONS_NSO,27690989,Chorbane,3354,,
RDS_DICT_REGIONS_NSO,27690999,El Mâati,3354,,
RDS_DICT_REGIONS_NSO,27691009,Ech-Chahda Sud,3354,,
RDS_DICT_REGIONS_NSO,27691019,Ech-Chahda Est,3354,,
RDS_DICT_REGIONS_NSO,27691029,El Gouacem Ouest,3354,,
RDS_DICT_REGIONS_NSO,27691039,El Gouacem Est,3354,,
RDS_DICT_REGIONS_NSO,27691049,Ech- Charaf,3354,,
RDS_DICT_REGIONS_NSO,27691059,El Gradha Ouest,3354,,
RDS_DICT_REGIONS_NSO,27691069,El Gradha Est,3354,,
RDS_DICT_REGIONS_NSO,27691079,Ouled El Hannachi,3354,,
RDS_DICT_REGIONS_NSO,3355,Délégation de Hebira,33,,
RDS_DICT_REGIONS_NSO,27691089,Hebira,3355,,
RDS_DICT_REGIONS_NSO,27691099,Menzel Hached,3355,,
RDS_DICT_REGIONS_NSO,27691109,Regaïgua,3355,,
RDS_DICT_REGIONS_NSO,27691119,Ech-Chahda Ouest,3355,,
RDS_DICT_REGIONS_NSO,27691129,El Maherza Sud,3355,,
RDS_DICT_REGIONS_NSO,3356,Délégation de Essouassi,33,,
RDS_DICT_REGIONS_NSO,27691139,Essouassi,3356,,
RDS_DICT_REGIONS_NSO,27691149,Es-Saïda,3356,,
RDS_DICT_REGIONS_NSO,27691159,Sidi Naceur,3356,,
RDS_DICT_REGIONS_NSO,27691169,Sidi Zid,3356,,
RDS_DICT_REGIONS_NSO,27691179,Bou Helal,3356,,
RDS_DICT_REGIONS_NSO,27691189,Cherichira,3356,,
RDS_DICT_REGIONS_NSO,27691199,El Kesasba,3356,,
RDS_DICT_REGIONS_NSO,27691209,Ez-Zairat,3356,,
RDS_DICT_REGIONS_NSO,27691219,Ouled Moulahem Nord,3356,,
RDS_DICT_REGIONS_NSO,27691229,Ouled Moulahem Ouest,3356,,
RDS_DICT_REGIONS_NSO,27691239,Ech-Chahimet sud,3356,,
RDS_DICT_REGIONS_NSO,3357,Délégation de El Djem,33,,
RDS_DICT_REGIONS_NSO,27691249,Es-Zaouia,3357,,
RDS_DICT_REGIONS_NSO,27691259,El Mourabitine,3357,,
RDS_DICT_REGIONS_NSO,27691269,Riadh Bou Helal,3357,,
RDS_DICT_REGIONS_NSO,27691279,El Aïtha,3357,,
RDS_DICT_REGIONS_NSO,27691289,El Mechalet,3357,,
RDS_DICT_REGIONS_NSO,27691299,Zeghabna,3357,,
RDS_DICT_REGIONS_NSO,27691309,Touahria,3357,,
RDS_DICT_REGIONS_NSO,27691319,EL Ababsa,3357,,
RDS_DICT_REGIONS_NSO,27691329,Talalsa,3357,,
RDS_DICT_REGIONS_NSO,27691339,El Achaba,3357,,
RDS_DICT_REGIONS_NSO,3358,Délégation de Chebba,33,,
RDS_DICT_REGIONS_NSO,27691349,Chebba Nord,3358,,
RDS_DICT_REGIONS_NSO,27691359,Chebba Sud,3358,,
RDS_DICT_REGIONS_NSO,27691369,Es-Sâafet,3358,,
RDS_DICT_REGIONS_NSO,3359,Délégation de Melloulech,33,,
RDS_DICT_REGIONS_NSO,27691379,Melloulech,3359,,
RDS_DICT_REGIONS_NSO,27691389,El Aïtha,3359,,
RDS_DICT_REGIONS_NSO,27691399,El Mansoura,3359,,
RDS_DICT_REGIONS_NSO,27691409,Ben Hssine,3359,,
RDS_DICT_REGIONS_NSO,27691419,Sidi Abdellaziz,3359,,
RDS_DICT_REGIONS_NSO,3360,Délégation de Sidi Alouane,33,,
RDS_DICT_REGIONS_NSO,27691429,Sidi Alouane Ouest,3360,,
RDS_DICT_REGIONS_NSO,27691439,Sidi Alouane Est,3360,,
RDS_DICT_REGIONS_NSO,27691449,Zorda,3360,,
RDS_DICT_REGIONS_NSO,27691459,Sakiet EL Khadem,3360,,
RDS_DICT_REGIONS_NSO,27691469,El Bassatine,3360,,
RDS_DICT_REGIONS_NSO,27691479,Oued Béja Nord,3360,,
RDS_DICT_REGIONS_NSO,27691489,Oued Béja Sud,3360,,
RDS_DICT_REGIONS_NSO,27691499,Zalba Est,3360,,
RDS_DICT_REGIONS_NSO,27691509,Zalba Ouest,3360,,
RDS_DICT_REGIONS_NSO,27691519,En-Nozha,3360,,
RDS_DICT_REGIONS_NSO,27691529,Oued Guellat,3360,,
RDS_DICT_REGIONS_NSO,27691539,Es- Sâada,3360,,
RDS_DICT_REGIONS_NSO,3361,Délégation de Ksour Essef,33,,
RDS_DICT_REGIONS_NSO,27691549,El Ksar,3361,,
RDS_DICT_REGIONS_NSO,27691559,Ksour Essaf Riadh,3361,,
RDS_DICT_REGIONS_NSO,27691569,El Ktanine,3361,,
RDS_DICT_REGIONS_NSO,27691579,Ksour Essaf Ettakaddoum,3361,,
RDS_DICT_REGIONS_NSO,27691589,Salakta,3361,,
RDS_DICT_REGIONS_NSO,27691599,Ghedabna,3361,,
RDS_DICT_REGIONS_NSO,27691609,Ouled Salah,3361,,
RDS_DICT_REGIONS_NSO,27691619,Sidi Assaker Ouest,3361,,
RDS_DICT_REGIONS_NSO,27691629,Recharcha,3361,,
RDS_DICT_REGIONS_NSO,27691639,EL Hessinet,3361,,
RDS_DICT_REGIONS_NSO,27691649,El Bradâa Sud,3361,,
RDS_DICT_REGIONS_NSO,27691659,El Bradâa Nord,3361,,
RDS_DICT_REGIONS_NSO,34,Gouvernorat de Sfax,3,TN-61,
RDS_DICT_REGIONS_NSO,3451,Délégation de Sfax Ville,34,,
RDS_DICT_REGIONS_NSO,27691669,La Medina,3451,,
RDS_DICT_REGIONS_NSO,27691679,Bab El Bhar,3451,,
RDS_DICT_REGIONS_NSO,27691689,Cité El Kairi,3451,,
RDS_DICT_REGIONS_NSO,27691699,El Bassatine,3451,,
RDS_DICT_REGIONS_NSO,27691709,Er-Rbadh,3451,,
RDS_DICT_REGIONS_NSO,27691719,15-nov.,3451,,
RDS_DICT_REGIONS_NSO,27691729,Aïn Chaikh Rouhou,3451,,
RDS_DICT_REGIONS_NSO,27691739,Cité Ettaouidhi,3451,,
RDS_DICT_REGIONS_NSO,27691749,Merkez Kaddour,3451,,
RDS_DICT_REGIONS_NSO,27691759,Merkez El Pacha,3451,,
RDS_DICT_REGIONS_NSO,27691769,Sidi Abbès,3451,,
RDS_DICT_REGIONS_NSO,27691779,Mohamed Ali,3451,,
RDS_DICT_REGIONS_NSO,3452,Délégation de Sfax Ouest,34,,
RDS_DICT_REGIONS_NSO,27691789,Merkez Chaker,3452,,
RDS_DICT_REGIONS_NSO,27691799,Cité El Habib,3452,,
RDS_DICT_REGIONS_NSO,27691809,Soukra,3452,,
RDS_DICT_REGIONS_NSO,27691819,El Alia,3452,,
RDS_DICT_REGIONS_NSO,27691829,Oued Er-Rmel,3452,,
RDS_DICT_REGIONS_NSO,27691839,El Houda,3452,,
RDS_DICT_REGIONS_NSO,27691849,Cité EL Bahri,3452,,
RDS_DICT_REGIONS_NSO,3453,Délégation de Sakiet Ezzit,34,,
RDS_DICT_REGIONS_NSO,27691859,Sakiet Ezzit,3453,,
RDS_DICT_REGIONS_NSO,27691869,Merkez Bouassida,3453,,
RDS_DICT_REGIONS_NSO,27691879,Es-Sedra,3453,,
RDS_DICT_REGIONS_NSO,27691889,Chihia,3453,,
RDS_DICT_REGIONS_NSO,27691899,Teniour,3453,,
RDS_DICT_REGIONS_NSO,27691909,Sidi Salah,3453,,
RDS_DICT_REGIONS_NSO,27691919,El ons,3453,,
RDS_DICT_REGIONS_NSO,3454,Délégation de Sakiet Eddaïer,34,,
RDS_DICT_REGIONS_NSO,27691929,Sakiet Eddaier,3454,,
RDS_DICT_REGIONS_NSO,27691939,Khiria,3454,,
RDS_DICT_REGIONS_NSO,27691949,Merkez Es-Sebaï,3454,,
RDS_DICT_REGIONS_NSO,27691959,Bedarna,3454,,
RDS_DICT_REGIONS_NSO,27691969,Sidi Mansour,3454,,
RDS_DICT_REGIONS_NSO,27691979,Cité Bourguiba,3454,,
RDS_DICT_REGIONS_NSO,27691989,Saltnia,3454,,
RDS_DICT_REGIONS_NSO,27691999,Merkez Kâaniche,3454,,
RDS_DICT_REGIONS_NSO,3455,Délégation de Sfax Sud,34,,
RDS_DICT_REGIONS_NSO,27692009,El Aïn,3455,,
RDS_DICT_REGIONS_NSO,27692019,Gremda,3455,,
RDS_DICT_REGIONS_NSO,27692029,Bouzaïane,3455,,
RDS_DICT_REGIONS_NSO,27692039,El Afrane Nord,3455,,
RDS_DICT_REGIONS_NSO,27692049,Khazanet,3455,,
RDS_DICT_REGIONS_NSO,27692059,El Aouabed,3455,,
RDS_DICT_REGIONS_NSO,27692069,Ayoun El Mayel,3455,,
RDS_DICT_REGIONS_NSO,3456,Délégation de Tina,34,,
RDS_DICT_REGIONS_NSO,27692079,Tina,3456,,
RDS_DICT_REGIONS_NSO,27692089,Sidi Abid,3456,,
RDS_DICT_REGIONS_NSO,27692099,El Hajeb,3456,,
RDS_DICT_REGIONS_NSO,3457,Délégation de Agareb,34,,
RDS_DICT_REGIONS_NSO,27692109,Agareb,3457,,
RDS_DICT_REGIONS_NSO,27692119,Gargour,3457,,
RDS_DICT_REGIONS_NSO,27692129,Bouledhieb,3457,,
RDS_DICT_REGIONS_NSO,27692139,El Mahrouka,3457,,
RDS_DICT_REGIONS_NSO,27692149,Ettorba,3457,,
RDS_DICT_REGIONS_NSO,27692159,Ben Sahloun,3457,,
RDS_DICT_REGIONS_NSO,27692169,Zeliana,3457,,
RDS_DICT_REGIONS_NSO,27692179,Es-Soghar,3457,,
RDS_DICT_REGIONS_NSO,3458,Délégation de Djebeniana,34,,
RDS_DICT_REGIONS_NSO,27692189,Djebeniana,3458,,
RDS_DICT_REGIONS_NSO,27692199,Batria,3458,,
RDS_DICT_REGIONS_NSO,27692209,Baltech,3458,,
RDS_DICT_REGIONS_NSO,27692219,Hazeg,3458,,
RDS_DICT_REGIONS_NSO,27692229,EL Kalelja,3458,,
RDS_DICT_REGIONS_NSO,27692239,El Ajengna,3458,,
RDS_DICT_REGIONS_NSO,27692249,El Louza,3458,,
RDS_DICT_REGIONS_NSO,27692259,El Houdh,3458,,
RDS_DICT_REGIONS_NSO,3459,Délégation de El Amra,34,,
RDS_DICT_REGIONS_NSO,27692269,El Amra,3459,,
RDS_DICT_REGIONS_NSO,27692279,Beliana,3459,,
RDS_DICT_REGIONS_NSO,27692289,El Mesatria,3459,,
RDS_DICT_REGIONS_NSO,27692299,Es Salam,3459,,
RDS_DICT_REGIONS_NSO,27692309,Dherra Beni Ziad,3459,,
RDS_DICT_REGIONS_NSO,27692319,Bou Derbala,3459,,
RDS_DICT_REGIONS_NSO,3460,Délégation de El Hencha,34,,
RDS_DICT_REGIONS_NSO,27692329,El Hencha,3460,,
RDS_DICT_REGIONS_NSO,27692339,En-Nasr,3460,,
RDS_DICT_REGIONS_NSO,27692349,Sidi Hassen Belhaj,3460,,
RDS_DICT_REGIONS_NSO,27692359,Dokhane,3460,,
RDS_DICT_REGIONS_NSO,27692369,Bir Chaaba,3460,,
RDS_DICT_REGIONS_NSO,27692379,Merkez Mosbah,3460,,
RDS_DICT_REGIONS_NSO,27692389,Bir Salah,3460,,
RDS_DICT_REGIONS_NSO,27692399,El Hajjara,3460,,
RDS_DICT_REGIONS_NSO,27692409,Jouaouda,3460,,
RDS_DICT_REGIONS_NSO,3461,Délégation de Menzel Chaker,34,,
RDS_DICT_REGIONS_NSO,27692419,Menzel Chaker,3461,,
RDS_DICT_REGIONS_NSO,27692429,Bou Jarboue,3461,,
RDS_DICT_REGIONS_NSO,27692439,Majel Edarj,3461,,
RDS_DICT_REGIONS_NSO,27692449,Bir Mellouli,3461,,
RDS_DICT_REGIONS_NSO,27692459,Bechka,3461,,
RDS_DICT_REGIONS_NSO,27692469,Bou-Thadi,3461,,
RDS_DICT_REGIONS_NSO,27692479,El Bokâa El Bidha,3461,,
RDS_DICT_REGIONS_NSO,27692489,El Aouadhna,3461,,
RDS_DICT_REGIONS_NSO,27692499,Telil El Ajla,3461,,
RDS_DICT_REGIONS_NSO,27692509,El Achech,3461,,
RDS_DICT_REGIONS_NSO,27692519,El Hadj Kacem,3461,,
RDS_DICT_REGIONS_NSO,27692529,Chaleb,3461,,
RDS_DICT_REGIONS_NSO,3462,Délégation de Ghraiba,34,,
RDS_DICT_REGIONS_NSO,27692539,EL Ghraiba,3462,,
RDS_DICT_REGIONS_NSO,27692549,El Manar,3462,,
RDS_DICT_REGIONS_NSO,27692559,El Hchichina Sud,3462,,
RDS_DICT_REGIONS_NSO,27692569,Hchichina Nord,3462,,
RDS_DICT_REGIONS_NSO,27692579,El Châal,3462,,
RDS_DICT_REGIONS_NSO,3463,Délégation de Bir ali Ben Kelifa,34,,
RDS_DICT_REGIONS_NSO,27692589,Bir Ali Ben Khelifa,3463,,
RDS_DICT_REGIONS_NSO,27692599,Sidi Dhaher,3463,,
RDS_DICT_REGIONS_NSO,27692609,Sidi Ali Belabed,3463,,
RDS_DICT_REGIONS_NSO,27692619,Bou Slim,3463,,
RDS_DICT_REGIONS_NSO,27692629,El Abraj,3463,,
RDS_DICT_REGIONS_NSO,27692639,Sdiret Sud,3463,,
RDS_DICT_REGIONS_NSO,27692649,Sdiret Nord,3463,,
RDS_DICT_REGIONS_NSO,27692659,El Gandoul,3463,,
RDS_DICT_REGIONS_NSO,27692669,Oued Ech-Cheikh,3463,,
RDS_DICT_REGIONS_NSO,27692679,Ouadrane Sud,3463,,
RDS_DICT_REGIONS_NSO,27692689,Ouadrane Nord,3463,,
RDS_DICT_REGIONS_NSO,27692699,En-Nadhour,3463,,
RDS_DICT_REGIONS_NSO,3464,Délégation de Skhira,34,,
RDS_DICT_REGIONS_NSO,27692709,Sbih,3464,,
RDS_DICT_REGIONS_NSO,27692719,El Khadhra,3464,,
RDS_DICT_REGIONS_NSO,27692729,Naoual,3464,,
RDS_DICT_REGIONS_NSO,27692739,Skhira,3464,,
RDS_DICT_REGIONS_NSO,27692749,El Kenitra,3464,,
RDS_DICT_REGIONS_NSO,27692759,Sidi Mohamed,3464,,
RDS_DICT_REGIONS_NSO,27692769,El Hammada,3464,,
RDS_DICT_REGIONS_NSO,3465,Délégation de Mahres,34,,
RDS_DICT_REGIONS_NSO,27692779,Mahrès,3465,,
RDS_DICT_REGIONS_NSO,27692789,Mahres Sud,3465,,
RDS_DICT_REGIONS_NSO,27692799,Chaffar,3465,,
RDS_DICT_REGIONS_NSO,27692809,Sidi Ghrib,3465,,
RDS_DICT_REGIONS_NSO,27692819,Aïthet Chelaia,3465,,
RDS_DICT_REGIONS_NSO,27692829,Es-Smara,3465,,
RDS_DICT_REGIONS_NSO,3466,Délégation de Kerkenah,34,,
RDS_DICT_REGIONS_NSO,27692839,El Ataya,3466,,
RDS_DICT_REGIONS_NSO,27692849,El Ramla,3466,,
RDS_DICT_REGIONS_NSO,27692859,Sidi Frej,3466,,
RDS_DICT_REGIONS_NSO,27692869,Melita,3466,,
RDS_DICT_REGIONS_NSO,27692879,El Kalabine,3466,,
RDS_DICT_REGIONS_NSO,27692889,En-Najet,3466,,
RDS_DICT_REGIONS_NSO,27692899,El Chargui,3466,,
RDS_DICT_REGIONS_NSO,27692909,El Kantra,3466,,
RDS_DICT_REGIONS_NSO,27692919,El Kraten,3466,,
RDS_DICT_REGIONS_NSO,27692929,Ouled Kacem,3466,,
RDS_DICT_REGIONS_NSO,4,Centre Ouest,0,,"5054839, 5052829, 5052829, 5053379, 5054839, 5053379, 5054839, 5054739, 5054949, 5055059, 4847719, 4848009, 4847629, 4847809, 4847899, 4847899, 5049479, 4848099, 5050939, 5156249, 4847719, 4848009, 4847629, 4847809, 4847899, 4848099, 5052829, 5052829, 5052829, 5156599, 5054839, 4847719, 4848009, 4847629, 4847809, 4847899, 5049479, 5049479, 4848099, 5054739, 5054839, 5156249"
RDS_DICT_REGIONS_NSO,41,Gouvernorat de Kairouan,4,TN-41,
RDS_DICT_REGIONS_NSO,4151,Délégation de Kairouan Nord,41,,
RDS_DICT_REGIONS_NSO,27692939,Al Ansar,4151,,
RDS_DICT_REGIONS_NSO,27692949,El Jemâa Nord,4151,,
RDS_DICT_REGIONS_NSO,27692959,El Jemâa Sud,4151,,
RDS_DICT_REGIONS_NSO,27692969,Kebilia Nord,4151,,
RDS_DICT_REGIONS_NSO,27692979,Jeblia Nord,4151,,
RDS_DICT_REGIONS_NSO,27692989,Jeblia Sud,4151,,
RDS_DICT_REGIONS_NSO,27692999,El Menchia,4151,,
RDS_DICT_REGIONS_NSO,27693009,Al Aghalba,4151,,
RDS_DICT_REGIONS_NSO,27693019,Elbaten,4151,,
RDS_DICT_REGIONS_NSO,27693029,Dheraa Ettammar,4151,,
RDS_DICT_REGIONS_NSO,27693039,El Motabasseta,4151,,
RDS_DICT_REGIONS_NSO,27693049,El Ghabet,4151,,
RDS_DICT_REGIONS_NSO,4152,Délégation de Kairouan Sud,41,,
RDS_DICT_REGIONS_NSO,27693059,Elmansoura Nord,4152,,
RDS_DICT_REGIONS_NSO,27693069,Elmansoura Sud,4152,,
RDS_DICT_REGIONS_NSO,27693079,Keblia Sud,4152,,
RDS_DICT_REGIONS_NSO,27693089,Merguellil,4152,,
RDS_DICT_REGIONS_NSO,27693099,Rakada,4152,,
RDS_DICT_REGIONS_NSO,27693109,Zroud,4152,,
RDS_DICT_REGIONS_NSO,27693119,Ettaen,4152,,
RDS_DICT_REGIONS_NSO,27693129,Ouled Nhar,4152,,
RDS_DICT_REGIONS_NSO,27693139,Khazazia,4152,,
RDS_DICT_REGIONS_NSO,27693149,El Makhsouma,4152,,
RDS_DICT_REGIONS_NSO,27693159,Nebech,4152,,
RDS_DICT_REGIONS_NSO,27693169,Zâafrana,4152,,
RDS_DICT_REGIONS_NSO,27693179,El Khadra,4152,,
RDS_DICT_REGIONS_NSO,27693189,El Hamem,4152,,
RDS_DICT_REGIONS_NSO,27693199,Beriket El Argoub,4152,,
RDS_DICT_REGIONS_NSO,4153,Délégation de Echebika,41,,
RDS_DICT_REGIONS_NSO,27693209,Echbika,4153,,
RDS_DICT_REGIONS_NSO,27693219,Jaouaouda,4153,,
RDS_DICT_REGIONS_NSO,27693229,El Aouamria,4153,,
RDS_DICT_REGIONS_NSO,27693239,Errouisset,4153,,
RDS_DICT_REGIONS_NSO,27693249,Abida,4153,,
RDS_DICT_REGIONS_NSO,27693259,Sidi Ali Ben Salem,4153,,
RDS_DICT_REGIONS_NSO,27693269,Hammed,4153,,
RDS_DICT_REGIONS_NSO,27693279,El Karma,4153,,
RDS_DICT_REGIONS_NSO,4154,Délégation de Sbikha,41,,
RDS_DICT_REGIONS_NSO,27693289,Sbikha Centre,4154,,
RDS_DICT_REGIONS_NSO,27693299,Aîn Bou Morra,4154,,
RDS_DICT_REGIONS_NSO,27693309,El Friouet,4154,,
RDS_DICT_REGIONS_NSO,27693319,Sidi Messaoud,4154,,
RDS_DICT_REGIONS_NSO,27693329,Ed-Dekhila,4154,,
RDS_DICT_REGIONS_NSO,27693339,Ed-Dheriaat,4154,,
RDS_DICT_REGIONS_NSO,27693349,El Gfi,4154,,
RDS_DICT_REGIONS_NSO,27693359,El Alam,4154,,
RDS_DICT_REGIONS_NSO,27693369,El Katifa,4154,,
RDS_DICT_REGIONS_NSO,27693379,El Aouitha,4154,,
RDS_DICT_REGIONS_NSO,27693389,Sisseb,4154,,
RDS_DICT_REGIONS_NSO,27693399,Ech-Chorfa,4154,,
RDS_DICT_REGIONS_NSO,27693409,Chogafia,4154,,
RDS_DICT_REGIONS_NSO,27693419,Serdiania,4154,,
RDS_DICT_REGIONS_NSO,27693429,Oued El Khraouia,4154,,
RDS_DICT_REGIONS_NSO,4155,Délégation de EL Ouslatia,41,,
RDS_DICT_REGIONS_NSO,27693439,Mâarouf,4155,,
RDS_DICT_REGIONS_NSO,27693449,El Ooueslatia Est,4155,,
RDS_DICT_REGIONS_NSO,27693459,El Ooueslatia Ouest,4155,,
RDS_DICT_REGIONS_NSO,27693469,El Menzel,4155,,
RDS_DICT_REGIONS_NSO,27693479,Djebel Essarj,4155,,
RDS_DICT_REGIONS_NSO,27693489,Zaghdoud,4155,,
RDS_DICT_REGIONS_NSO,27693499,Djebel Oouestat,4155,,
RDS_DICT_REGIONS_NSO,27693509,Djebel Erreihane,4155,,
RDS_DICT_REGIONS_NSO,27693519,Aîn Djeloula,4155,,
RDS_DICT_REGIONS_NSO,27693529,Oued El Ksab,4155,,
RDS_DICT_REGIONS_NSO,27693539,El Behaîr,4155,,
RDS_DICT_REGIONS_NSO,4156,Délégation de Haffouz,41,,
RDS_DICT_REGIONS_NSO,27693549,Hafouz Centre,4156,,
RDS_DICT_REGIONS_NSO,27693559,Khit El Oued,4156,,
RDS_DICT_REGIONS_NSO,27693569,Oued El Jabbès,4156,,
RDS_DICT_REGIONS_NSO,27693579,El Aîn El Beidha,4156,,
RDS_DICT_REGIONS_NSO,27693589,El Houfia,4156,,
RDS_DICT_REGIONS_NSO,27693599,Cherichira,4156,,
RDS_DICT_REGIONS_NSO,27693609,Traza Sud,4156,,
RDS_DICT_REGIONS_NSO,27693619,Ouled Khalfallah,4156,,
RDS_DICT_REGIONS_NSO,4157,Délégation de El Alâa,41,,
RDS_DICT_REGIONS_NSO,27693629,El Alâa,4157,,
RDS_DICT_REGIONS_NSO,27693639,EL Messaïd,4157,,
RDS_DICT_REGIONS_NSO,27693649,El Guettar,4157,,
RDS_DICT_REGIONS_NSO,27693659,Messiouta El Hanachir,4157,,
RDS_DICT_REGIONS_NSO,27693669,Messiouta Ennaguaz,4157,,
RDS_DICT_REGIONS_NSO,27693679,Sayada Nord,4157,,
RDS_DICT_REGIONS_NSO,27693689,Sayada Sud,4157,,
RDS_DICT_REGIONS_NSO,27693699,Ouled Amor,4157,,
RDS_DICT_REGIONS_NSO,27693709,Tarza Nord,4157,,
RDS_DICT_REGIONS_NSO,4158,Délégation de Hajeb el Ayoun,41,,
RDS_DICT_REGIONS_NSO,27693719,El Hajeb Centre,4158,,
RDS_DICT_REGIONS_NSO,27693729,Ahouaz EL Hajeb,4158,,
RDS_DICT_REGIONS_NSO,27693739,Chaouachi,4158,,
RDS_DICT_REGIONS_NSO,27693749,Esserja,4158,,
RDS_DICT_REGIONS_NSO,27693759,El Kantra,4158,,
RDS_DICT_REGIONS_NSO,27693769,El Hadaya,4158,,
RDS_DICT_REGIONS_NSO,27693779,EL Ghouiba,4158,,
RDS_DICT_REGIONS_NSO,27693789,Oued EL Hajel,4158,,
RDS_DICT_REGIONS_NSO,27693799,Errehima,4158,,
RDS_DICT_REGIONS_NSO,4159,Délégation de Nasrallah,41,,
RDS_DICT_REGIONS_NSO,27693809,Nasrallah Centre,4159,,
RDS_DICT_REGIONS_NSO,27693819,Nasrallah Banlieue,4159,,
RDS_DICT_REGIONS_NSO,27693829,El Hmidet,4159,,
RDS_DICT_REGIONS_NSO,27693839,El Fejij,4159,,
RDS_DICT_REGIONS_NSO,27693849,Ettouila,4159,,
RDS_DICT_REGIONS_NSO,27693859,El Manara,4159,,
RDS_DICT_REGIONS_NSO,27693869,El Kabbara,4159,,
RDS_DICT_REGIONS_NSO,27693879,EL Briket,4159,,
RDS_DICT_REGIONS_NSO,4160,Délégation de Echrarda,41,,
RDS_DICT_REGIONS_NSO,27693889,Echrarda,4160,,
RDS_DICT_REGIONS_NSO,27693899,Bir El Helou,4160,,
RDS_DICT_REGIONS_NSO,27693909,Ouled Farjallah Sud,4160,,
RDS_DICT_REGIONS_NSO,27693919,Cheraitia Sud,4160,,
RDS_DICT_REGIONS_NSO,27693929,El Ksour,4160,,
RDS_DICT_REGIONS_NSO,4161,Délégation de Bouhajla,41,,
RDS_DICT_REGIONS_NSO,27693939,Bouhajla Centre,4161,,
RDS_DICT_REGIONS_NSO,27693949,Bouhajla El Ahouez,4161,,
RDS_DICT_REGIONS_NSO,27693959,Jehina Sud,4161,,
RDS_DICT_REGIONS_NSO,27693969,Jehina Nord,4161,,
RDS_DICT_REGIONS_NSO,27693979,El Ketitir,4161,,
RDS_DICT_REGIONS_NSO,27693989,Ouled Achour,4161,,
RDS_DICT_REGIONS_NSO,27693999,El Fatah,4161,,
RDS_DICT_REGIONS_NSO,27694009,Ouled Fardjallah Nord,4161,,
RDS_DICT_REGIONS_NSO,27694019,Ennasr,4161,,
RDS_DICT_REGIONS_NSO,27694029,Bir Msikine,4161,,
RDS_DICT_REGIONS_NSO,27694039,El Mouisset,4161,,
RDS_DICT_REGIONS_NSO,27694049,Bir Bousari,4161,,
RDS_DICT_REGIONS_NSO,27694059,Cheraitia Nord,4161,,
RDS_DICT_REGIONS_NSO,27694069,Chouamekh,4161,,
RDS_DICT_REGIONS_NSO,42,Gouvernorat de Kasserine,4,TN-42,
RDS_DICT_REGIONS_NSO,4253,Délégation de Ezzouhour,42,,
RDS_DICT_REGIONS_NSO,27694199,Ezzouhour Est(1),4253,,
RDS_DICT_REGIONS_NSO,27694209,Ezzouhour Est (2),4253,,
RDS_DICT_REGIONS_NSO,27694219,Ezzouhour Ouest (1),4253,,
RDS_DICT_REGIONS_NSO,27694229,Ezzouhour Ouest (2),4253,,
RDS_DICT_REGIONS_NSO,27694239,Ezzouhour Ouest (3),4253,,
RDS_DICT_REGIONS_NSO,27694249,Ezzouhour Ouest (4),4253,,
RDS_DICT_REGIONS_NSO,4251,Délégation de Kasserine Nord,42,,
RDS_DICT_REGIONS_NSO,27694079,Ennour Est,4251,,
RDS_DICT_REGIONS_NSO,27694089,Ennour Ouest,4251,,
RDS_DICT_REGIONS_NSO,27694099,EL Bassatine,4251,,
RDS_DICT_REGIONS_NSO,27694109,EL Khadhra,4251,,
RDS_DICT_REGIONS_NSO,27694119,El Arich,4251,,
RDS_DICT_REGIONS_NSO,27694129,Boulâaba,4251,,
RDS_DICT_REGIONS_NSO,4252,Délégation de Kasserine Sud,42,,
RDS_DICT_REGIONS_NSO,27694139,El Aouija,4252,,
RDS_DICT_REGIONS_NSO,27694149,Boulhijet,4252,,
RDS_DICT_REGIONS_NSO,27694159,Meghdoudech,4252,,
RDS_DICT_REGIONS_NSO,27694169,Bouzguam,4252,,
RDS_DICT_REGIONS_NSO,27694179,Eddoghra,4252,,
RDS_DICT_REGIONS_NSO,27694189,Sidi Harreth,4252,,
RDS_DICT_REGIONS_NSO,4254,Délégation de Hassi Ferid,42,,
RDS_DICT_REGIONS_NSO,27694259,Hassi El Ferid,4254,,
RDS_DICT_REGIONS_NSO,27694269,El Hechim,4254,,
RDS_DICT_REGIONS_NSO,27694279,Khanguet Jezia,4254,,
RDS_DICT_REGIONS_NSO,27694289,Essalloum,4254,,
RDS_DICT_REGIONS_NSO,27694299,EL Kamour,4254,,
RDS_DICT_REGIONS_NSO,4255,Délégation de Sbeitla,42,,
RDS_DICT_REGIONS_NSO,27694309,Sbeitla,4255,,
RDS_DICT_REGIONS_NSO,27694319,Cité Essourour,4255,,
RDS_DICT_REGIONS_NSO,27694329,Semama,4255,,
RDS_DICT_REGIONS_NSO,27694339,Errakhmet,4255,,
RDS_DICT_REGIONS_NSO,27694349,El Gounna,4255,,
RDS_DICT_REGIONS_NSO,27694359,Eddouleb,4255,,
RDS_DICT_REGIONS_NSO,27694369,Ech-Charaya,4255,,
RDS_DICT_REGIONS_NSO,27694379,Machrek Ech-Chams,4255,,
RDS_DICT_REGIONS_NSO,27694389,Ouassaia,4255,,
RDS_DICT_REGIONS_NSO,27694399,El Khadhra,4255,,
RDS_DICT_REGIONS_NSO,27694409,EL Athar,4255,,
RDS_DICT_REGIONS_NSO,27694419,EL Mezara,4255,,
RDS_DICT_REGIONS_NSO,27694429,El Garâa El Hamra,4255,,
RDS_DICT_REGIONS_NSO,27694439,EL Ksar,4255,,
RDS_DICT_REGIONS_NSO,4256,Délégation de Sbiba,42,,
RDS_DICT_REGIONS_NSO,27694449,Sbiba,4256,,
RDS_DICT_REGIONS_NSO,27694459,El Ahouaz,4256,,
RDS_DICT_REGIONS_NSO,27694469,Oued El Hatab,4256,,
RDS_DICT_REGIONS_NSO,27694479,Brahim Ezzahhar,4256,,
RDS_DICT_REGIONS_NSO,27694489,Aïn Zaiene,4256,,
RDS_DICT_REGIONS_NSO,27694499,Ethamed,4256,,
RDS_DICT_REGIONS_NSO,27694509,Aïn El Khemaïssia,4256,,
RDS_DICT_REGIONS_NSO,4257,Délégation de Djedeliane,42,,
RDS_DICT_REGIONS_NSO,27694519,Djedliane,4257,,
RDS_DICT_REGIONS_NSO,27694529,Fej Terbah,4257,,
RDS_DICT_REGIONS_NSO,27694539,Aïn El Hamadna,4257,,
RDS_DICT_REGIONS_NSO,27694549,Mehrza,4257,,
RDS_DICT_REGIONS_NSO,27694559,Aïn Oum El Jedour,4257,,
RDS_DICT_REGIONS_NSO,4258,Délégation de El Ayoun,42,,
RDS_DICT_REGIONS_NSO,27694569,El Ayoun,4258,,
RDS_DICT_REGIONS_NSO,27694579,El Grine,4258,,
RDS_DICT_REGIONS_NSO,27694589,El Brek,4258,,
RDS_DICT_REGIONS_NSO,27694599,El Baouajer,4258,,
RDS_DICT_REGIONS_NSO,27694609,Tiwicha,4258,,
RDS_DICT_REGIONS_NSO,27694619,Aïn Esselsela,4258,,
RDS_DICT_REGIONS_NSO,4259,Délégation de Thala,42,,
RDS_DICT_REGIONS_NSO,27694629,Thala Est,4259,,
RDS_DICT_REGIONS_NSO,27694639,Thala Ouest,4259,,
RDS_DICT_REGIONS_NSO,27694649,Eddachra,4259,,
RDS_DICT_REGIONS_NSO,27694659,Aïn Aj-Jadeida,4259,,
RDS_DICT_REGIONS_NSO,27694669,Barmajna,4259,,
RDS_DICT_REGIONS_NSO,27694679,Oued Errachech,4259,,
RDS_DICT_REGIONS_NSO,27694689,El Joua,4259,,
RDS_DICT_REGIONS_NSO,27694699,El Hamed,4259,,
RDS_DICT_REGIONS_NSO,27694709,Zelfane,4259,,
RDS_DICT_REGIONS_NSO,27694719,Boulahnech,4259,,
RDS_DICT_REGIONS_NSO,27694729,Sidi M'hammed,4259,,
RDS_DICT_REGIONS_NSO,27694739,Ouljet Edhel,4259,,
RDS_DICT_REGIONS_NSO,27694749,Ech-Chaffaï,4259,,
RDS_DICT_REGIONS_NSO,4260,Délégation de Hidra,42,,
RDS_DICT_REGIONS_NSO,27694759,Hidra,4260,,
RDS_DICT_REGIONS_NSO,27694769,T'baga,4260,,
RDS_DICT_REGIONS_NSO,27694779,El Mekimen,4260,,
RDS_DICT_REGIONS_NSO,27694789,Lajrad,4260,,
RDS_DICT_REGIONS_NSO,27694799,Es-Sray,4260,,
RDS_DICT_REGIONS_NSO,27694809,Aïn Eddefla,4260,,
RDS_DICT_REGIONS_NSO,4261,Délégation de Foussana,42,,
RDS_DICT_REGIONS_NSO,27694819,Foussana,4261,,
RDS_DICT_REGIONS_NSO,27694829,Foussana Lahouaz,4261,,
RDS_DICT_REGIONS_NSO,27694839,Khmouda Nord,4261,,
RDS_DICT_REGIONS_NSO,27694849,Khmouda Sud,4261,,
RDS_DICT_REGIONS_NSO,27694859,Ouled Mahfoudh,4261,,
RDS_DICT_REGIONS_NSO,27694869,Afrane,4261,,
RDS_DICT_REGIONS_NSO,27694879,El Meziraa,4261,,
RDS_DICT_REGIONS_NSO,27694889,El Aadhira,4261,,
RDS_DICT_REGIONS_NSO,27694899,El Hazza,4261,,
RDS_DICT_REGIONS_NSO,27694909,EL Brika,4261,,
RDS_DICT_REGIONS_NSO,27694919,Bouderiass,4261,,
RDS_DICT_REGIONS_NSO,27694929,Aïn El Jinene,4261,,
RDS_DICT_REGIONS_NSO,27694939,Er-Rtibet,4261,,
RDS_DICT_REGIONS_NSO,4262,Délégation de Feriana,42,,
RDS_DICT_REGIONS_NSO,27694949,Feriana,4262,,
RDS_DICT_REGIONS_NSO,27694959,El Erg,4262,,
RDS_DICT_REGIONS_NSO,27694969,El Ahouach,4262,,
RDS_DICT_REGIONS_NSO,27694979,Es-Skhirat,4262,,
RDS_DICT_REGIONS_NSO,27694989,El Arâar,4262,,
RDS_DICT_REGIONS_NSO,27694999,Hanachi,4262,,
RDS_DICT_REGIONS_NSO,27695009,Garet En-Nâam,4262,,
RDS_DICT_REGIONS_NSO,27695019,Bouchebka,4262,,
RDS_DICT_REGIONS_NSO,27695029,Om Ali,4262,,
RDS_DICT_REGIONS_NSO,27695039,Bouhaya,4262,,
RDS_DICT_REGIONS_NSO,27695049,Telept,4262,,
RDS_DICT_REGIONS_NSO,27695059,Abdeladhim,4262,,
RDS_DICT_REGIONS_NSO,4263,Délégation de Majel Bel Abbès,42,,
RDS_DICT_REGIONS_NSO,27695069,Majel Bel Abbes Nord,4263,,
RDS_DICT_REGIONS_NSO,27695079,Majel Bel Abbes Sud,4263,,
RDS_DICT_REGIONS_NSO,27695089,Oum Laksab,4263,,
RDS_DICT_REGIONS_NSO,27695099,Ennadhour,4263,,
RDS_DICT_REGIONS_NSO,27695109,Henchir Oum El Khir,4263,,
RDS_DICT_REGIONS_NSO,27695119,Soula,4263,,
RDS_DICT_REGIONS_NSO,27695129,Grouâ El Jedra,4263,,
RDS_DICT_REGIONS_NSO,43,Gouvernorat de Sidi Bouzid,4,TN-43,
RDS_DICT_REGIONS_NSO,4351,Délégation de Sidi Bouzid Ouest,43,,
RDS_DICT_REGIONS_NSO,27695139,Sidi Bouzid,4351,,
RDS_DICT_REGIONS_NSO,27695149,Ennour,4351,,
RDS_DICT_REGIONS_NSO,27695159,Sidi Salem,4351,,
RDS_DICT_REGIONS_NSO,27695169,EL Hichria,4351,,
RDS_DICT_REGIONS_NSO,27695179,El Friou,4351,,
RDS_DICT_REGIONS_NSO,27695189,Sadakia,4351,,
RDS_DICT_REGIONS_NSO,27695199,Oum El Adham (1),4351,,
RDS_DICT_REGIONS_NSO,27695209,Oum EL Adham (2),4351,,
RDS_DICT_REGIONS_NSO,27695219,Ettouila,4351,,
RDS_DICT_REGIONS_NSO,27695229,Ennasr,4351,,
RDS_DICT_REGIONS_NSO,27695239,Sidi Bouzid Sud,4351,,
RDS_DICT_REGIONS_NSO,27695249,Sidi Bouzid Ouest,4351,,
RDS_DICT_REGIONS_NSO,4352,Délégation de Sidi Bouzid Est,43,,
RDS_DICT_REGIONS_NSO,27695259,El Ahouaz,4352,,
RDS_DICT_REGIONS_NSO,27695269,Bennour,4352,,
RDS_DICT_REGIONS_NSO,27695279,Faiedh,4352,,
RDS_DICT_REGIONS_NSO,27695289,EL Assouad,4352,,
RDS_DICT_REGIONS_NSO,27695299,EL Amra,4352,,
RDS_DICT_REGIONS_NSO,27695309,El Makarem,4352,,
RDS_DICT_REGIONS_NSO,27695319,EL Makarem Est,4352,,
RDS_DICT_REGIONS_NSO,27695329,El Okla,4352,,
RDS_DICT_REGIONS_NSO,27695339,Aïn Rebaou,4352,,
RDS_DICT_REGIONS_NSO,27695349,El Henia Abazid,4352,,
RDS_DICT_REGIONS_NSO,27695359,Garet hadid,4352,,
RDS_DICT_REGIONS_NSO,27695369,Ezzitouna,4352,,
RDS_DICT_REGIONS_NSO,4353,Délégation de Jilma,43,,
RDS_DICT_REGIONS_NSO,27695379,Jilma Est,4353,,
RDS_DICT_REGIONS_NSO,27695389,Jilma Ouest,4353,,
RDS_DICT_REGIONS_NSO,27695399,Lazirek,4353,,
RDS_DICT_REGIONS_NSO,27695409,Selta,4353,,
RDS_DICT_REGIONS_NSO,27695419,Zoghmar,4353,,
RDS_DICT_REGIONS_NSO,27695429,Ghedir Ezzitoun,4353,,
RDS_DICT_REGIONS_NSO,27695439,Baten Elghézel Sud,4353,,
RDS_DICT_REGIONS_NSO,27695449,Baten Elghézel Nord,4353,,
RDS_DICT_REGIONS_NSO,27695459,El Adhla,4353,,
RDS_DICT_REGIONS_NSO,27695469,El Hamima,4353,,
RDS_DICT_REGIONS_NSO,27695479,El Abaiedh,4353,,
RDS_DICT_REGIONS_NSO,4354,Délégation de Cebalet Ouled Asker,43,,
RDS_DICT_REGIONS_NSO,27695489,Cebalet,4354,,
RDS_DICT_REGIONS_NSO,27695499,El Amra,4354,,
RDS_DICT_REGIONS_NSO,27695509,Essed,4354,,
RDS_DICT_REGIONS_NSO,27695519,Meghila,4354,,
RDS_DICT_REGIONS_NSO,27695529,El Ayoun,4354,,
RDS_DICT_REGIONS_NSO,4355,Délégation de Bir El Hafey,43,,
RDS_DICT_REGIONS_NSO,27695539,Bir El Hafey,4355,,
RDS_DICT_REGIONS_NSO,27695549,El Mohamdia,4355,,
RDS_DICT_REGIONS_NSO,27695559,El Ksar,4355,,
RDS_DICT_REGIONS_NSO,27695569,Bir Amama,4355,,
RDS_DICT_REGIONS_NSO,27695579,El Mezara,4355,,
RDS_DICT_REGIONS_NSO,27695589,Essalama,4355,,
RDS_DICT_REGIONS_NSO,27695599,Ourgha,4355,,
RDS_DICT_REGIONS_NSO,27695609,Rahal,4355,,
RDS_DICT_REGIONS_NSO,27695619,Bir Bousbiaa,4355,,
RDS_DICT_REGIONS_NSO,4356,Délégation de Sidi Ali Ben Aoûn,43,,
RDS_DICT_REGIONS_NSO,27695629,Sidi Ali Ben Aoun,4356,,
RDS_DICT_REGIONS_NSO,27695639,Errabta,4356,,
RDS_DICT_REGIONS_NSO,27695649,Essahla,4356,,
RDS_DICT_REGIONS_NSO,27695659,El Ouaara,4356,,
RDS_DICT_REGIONS_NSO,27695669,Ouled Brahim,4356,,
RDS_DICT_REGIONS_NSO,27695679,El Mansoura Est,4356,,
RDS_DICT_REGIONS_NSO,27695689,El Mansoura Ouest,4356,,
RDS_DICT_REGIONS_NSO,4357,Délégation de Menzel Bouzaïenne,43,,
RDS_DICT_REGIONS_NSO,27695699,Menzel Bouzaïane,4357,,
RDS_DICT_REGIONS_NSO,27695709,En-Nouamer,4357,,
RDS_DICT_REGIONS_NSO,27695719,Kallel,4357,,
RDS_DICT_REGIONS_NSO,27695729,EL Khorchef,4357,,
RDS_DICT_REGIONS_NSO,27695739,El Kharrouba,4357,,
RDS_DICT_REGIONS_NSO,27695749,El Omria,4357,,
RDS_DICT_REGIONS_NSO,27695759,El Omrane,4357,,
RDS_DICT_REGIONS_NSO,4358,Délégation de Meknassy,43,,
RDS_DICT_REGIONS_NSO,27695769,EL Jebbes,4358,,
RDS_DICT_REGIONS_NSO,27695779,Gheris Ouest,4358,,
RDS_DICT_REGIONS_NSO,27695789,Mech,4358,,
RDS_DICT_REGIONS_NSO,27695799,Meknassy Est,4358,,
RDS_DICT_REGIONS_NSO,27695809,Meknassy Ouest,4358,,
RDS_DICT_REGIONS_NSO,27695819,Meknassy Nord,4358,,
RDS_DICT_REGIONS_NSO,27695829,Ezzouarâa,4358,,
RDS_DICT_REGIONS_NSO,27695839,EL Mabrouka,4358,,
RDS_DICT_REGIONS_NSO,27695849,Ennasr,4358,,
RDS_DICT_REGIONS_NSO,4359,Délégation de Souk Jedid,43,,
RDS_DICT_REGIONS_NSO,27695859,Souk Jedid,4359,,
RDS_DICT_REGIONS_NSO,27695869,Ghiriouis,4359,,
RDS_DICT_REGIONS_NSO,27695879,Ksaîra,4359,,
RDS_DICT_REGIONS_NSO,27695889,Sekdal,4359,,
RDS_DICT_REGIONS_NSO,27695899,Erremelia,4359,,
RDS_DICT_REGIONS_NSO,27695909,Ezzafzaf,4359,,
RDS_DICT_REGIONS_NSO,27695919,Bir Badr,4359,,
RDS_DICT_REGIONS_NSO,4360,Délégation de Mezzouna,43,,
RDS_DICT_REGIONS_NSO,27695929,Mezzouna,4360,,
RDS_DICT_REGIONS_NSO,27695939,EL Founi,4360,,
RDS_DICT_REGIONS_NSO,27695949,Bou Hedma,4360,,
RDS_DICT_REGIONS_NSO,27695959,El Gheris Est,4360,,
RDS_DICT_REGIONS_NSO,27695969,Khobna,4360,,
RDS_DICT_REGIONS_NSO,27695979,Eddaouara,4360,,
RDS_DICT_REGIONS_NSO,27695989,EL Khaoui,4360,,
RDS_DICT_REGIONS_NSO,27695999,EL Besbes,4360,,
RDS_DICT_REGIONS_NSO,27696009,Essed,4360,,
RDS_DICT_REGIONS_NSO,4361,Délégation de Regueb,43,,
RDS_DICT_REGIONS_NSO,27696019,Regueb,4361,,
RDS_DICT_REGIONS_NSO,27696029,Khechem Ouest,4361,,
RDS_DICT_REGIONS_NSO,27696039,Essaïda Nord,4361,,
RDS_DICT_REGIONS_NSO,27696049,Ksar El Hammam Est,4361,,
RDS_DICT_REGIONS_NSO,27696059,Gouleb,4361,,
RDS_DICT_REGIONS_NSO,27696069,Erradhâa,4361,,
RDS_DICT_REGIONS_NSO,27696079,Erradhâa Est,4361,,
RDS_DICT_REGIONS_NSO,27696089,Boudinar,4361,,
RDS_DICT_REGIONS_NSO,27696099,Ksar EL Hammam Ouest,4361,,
RDS_DICT_REGIONS_NSO,27696109,Gobrar,4361,,
RDS_DICT_REGIONS_NSO,27696119,Rihana,4361,,
RDS_DICT_REGIONS_NSO,27696129,Essekba,4361,,
RDS_DICT_REGIONS_NSO,27696139,Khechem Est,4361,,
RDS_DICT_REGIONS_NSO,27696149,Essaïda Sud,4361,,
RDS_DICT_REGIONS_NSO,27696159,Essaïda Est,4361,,
RDS_DICT_REGIONS_NSO,27696169,Ferch Gharib,4361,,
RDS_DICT_REGIONS_NSO,27696179,Ouled Ayouni,4361,,
RDS_DICT_REGIONS_NSO,4362,Délégation de Ouled Haffouz,43,,
RDS_DICT_REGIONS_NSO,27696189,Ouled Haffouz,4362,,
RDS_DICT_REGIONS_NSO,27696199,Dheouibet Sud,4362,,
RDS_DICT_REGIONS_NSO,27696209,Sidi Khelif,4362,,
RDS_DICT_REGIONS_NSO,27696219,El Henia,4362,,
RDS_DICT_REGIONS_NSO,27696229,Kassouda,4362,,
RDS_DICT_REGIONS_NSO,27696239,El Mebarkia,4362,,
RDS_DICT_REGIONS_NSO,27696249,Ech-Cheouachia,4362,,
RDS_DICT_REGIONS_NSO,27696259,Sidi Ellafi,4362,,
RDS_DICT_REGIONS_NSO,27696269,Dheouibet Nord,4362,,
RDS_DICT_REGIONS_NSO,5,Sud Est,0,,"5052829, 5052829, 5053379, 5054839, 5054739, 5054949, 5055059, 4847719, 4848009, 4847629, 4847809, 4847899, 4847899, 5049479, 4848099, 5050939, 5156249, 5156249, 5156249, 4847719, 4848009, 4847629, 4847809, 4847899, 5049479, 4848099, 5052829, 5156599, 5052829, 5156599, 4847719, 4848009, 4847629, 4847809, 4847899, 5049479, 4848099, 5054739, 5054839, 5156249, 5156249"
RDS_DICT_REGIONS_NSO,51,Gouvernorat de Gabès,5,TN-81,
RDS_DICT_REGIONS_NSO,5151,Délégation de Gabes Medina,51,,
RDS_DICT_REGIONS_NSO,27696279,Secteur (1),5151,,
RDS_DICT_REGIONS_NSO,27696289,Secteur (2),5151,,
RDS_DICT_REGIONS_NSO,27696299,Secteur (3),5151,,
RDS_DICT_REGIONS_NSO,27696309,Secteur (4),5151,,
RDS_DICT_REGIONS_NSO,27696319,Chott Sidi Abdesselam,5151,,
RDS_DICT_REGIONS_NSO,5152,Délégation de Gabes Ouest,51,,
RDS_DICT_REGIONS_NSO,27696329,Er-Remathi,5152,,
RDS_DICT_REGIONS_NSO,27696339,Bou-Chemma,5152,,
RDS_DICT_REGIONS_NSO,27696349,Nahal,5152,,
RDS_DICT_REGIONS_NSO,27696359,Jaouaoula,5152,,
RDS_DICT_REGIONS_NSO,27696369,Chenini Nord,5152,,
RDS_DICT_REGIONS_NSO,27696379,Chenini Est,5152,,
RDS_DICT_REGIONS_NSO,27696389,Chenini Ouest,5152,,
RDS_DICT_REGIONS_NSO,5153,Délégation de Gabes Sud,51,,
RDS_DICT_REGIONS_NSO,27696399,Teboulbou,5153,,
RDS_DICT_REGIONS_NSO,27696409,Sidi Boulbaba,5153,,
RDS_DICT_REGIONS_NSO,27696419,Zrig Eddakhlania,5153,,
RDS_DICT_REGIONS_NSO,27696429,Secteur (5),5153,,
RDS_DICT_REGIONS_NSO,27696439,El Medou,5153,,
RDS_DICT_REGIONS_NSO,27696449,Limaoua,5153,,
RDS_DICT_REGIONS_NSO,27696459,El Amazir,5153,,
RDS_DICT_REGIONS_NSO,5154,Délégation de Ghanouch,51,,
RDS_DICT_REGIONS_NSO,27696469,Ghanouch Est,5154,,
RDS_DICT_REGIONS_NSO,27696479,Ghanouch Ouest,5154,,
RDS_DICT_REGIONS_NSO,27696489,Ghanouche Sud,5154,,
RDS_DICT_REGIONS_NSO,27696499,Ghanouche Nord,5154,,
RDS_DICT_REGIONS_NSO,5155,Délégation de El Metouia,51,,
RDS_DICT_REGIONS_NSO,27696509,El Metouia Nord,5155,,
RDS_DICT_REGIONS_NSO,27696519,El Metouia Sud,5155,,
RDS_DICT_REGIONS_NSO,27696529,Ouedhref Nord,5155,,
RDS_DICT_REGIONS_NSO,27696539,Ouedhref Sud,5155,,
RDS_DICT_REGIONS_NSO,27696549,El Akarit,5155,,
RDS_DICT_REGIONS_NSO,27696559,El Hicha,5155,,
RDS_DICT_REGIONS_NSO,27696569,El Mida,5155,,
RDS_DICT_REGIONS_NSO,5156,Délégation de Menzel El Habib,51,,
RDS_DICT_REGIONS_NSO,27696579,Oued Ezzitoun,5156,,
RDS_DICT_REGIONS_NSO,27696589,El Fejij,5156,,
RDS_DICT_REGIONS_NSO,27696599,El Mehemla,5156,,
RDS_DICT_REGIONS_NSO,27696609,Es-Saki,5156,,
RDS_DICT_REGIONS_NSO,27696619,Rabiaa Ouali,5156,,
RDS_DICT_REGIONS_NSO,27696629,Zoughrata,5156,,
RDS_DICT_REGIONS_NSO,27696639,Menzel El Habib,5156,,
RDS_DICT_REGIONS_NSO,5157,Délégation de El Hamma,51,,
RDS_DICT_REGIONS_NSO,27696649,Secteur Nord,5157,,
RDS_DICT_REGIONS_NSO,27696659,El Ksar,5157,,
RDS_DICT_REGIONS_NSO,27696669,Secteur Est (1),5157,,
RDS_DICT_REGIONS_NSO,27696679,Secteur Est (2),5157,,
RDS_DICT_REGIONS_NSO,27696689,Secteur Sud,5157,,
RDS_DICT_REGIONS_NSO,27696699,Farhat Hached,5157,,
RDS_DICT_REGIONS_NSO,27696709,Chanchou,5157,,
RDS_DICT_REGIONS_NSO,27696719,El Behaïer,5157,,
RDS_DICT_REGIONS_NSO,27696729,Bechima El Borj,5157,,
RDS_DICT_REGIONS_NSO,27696739,Bechima El Kalb,5157,,
RDS_DICT_REGIONS_NSO,27696749,Bou Attouch,5157,,
RDS_DICT_REGIONS_NSO,27696759,Habib Thameur,5157,,
RDS_DICT_REGIONS_NSO,27696769,Secteur Ouest,5157,,
RDS_DICT_REGIONS_NSO,5158,Délégation de Matmata,51,,
RDS_DICT_REGIONS_NSO,27696779,Matmata,5158,,
RDS_DICT_REGIONS_NSO,27696789,Techine,5158,,
RDS_DICT_REGIONS_NSO,27696799,Tamazrat,5158,,
RDS_DICT_REGIONS_NSO,5159,Délégation de Nouvelle Matmata,51,,
RDS_DICT_REGIONS_NSO,27696809,Nouvelle Matmata,5159,,
RDS_DICT_REGIONS_NSO,27696819,Heddaj,5159,,
RDS_DICT_REGIONS_NSO,27696829,Ez-Zeraoua,5159,,
RDS_DICT_REGIONS_NSO,27696839,Beni Aïssa,5159,,
RDS_DICT_REGIONS_NSO,27696849,Beni Zalten,5159,,
RDS_DICT_REGIONS_NSO,5160,Délégation de Mareth,51,,
RDS_DICT_REGIONS_NSO,27696859,Mareth,5160,,
RDS_DICT_REGIONS_NSO,27696869,Mareth Nord,5160,,
RDS_DICT_REGIONS_NSO,27696879,Sidi Touati,5160,,
RDS_DICT_REGIONS_NSO,27696889,Ez-Zerkine,5160,,
RDS_DICT_REGIONS_NSO,27696899,Ayoun Ez-Zerkine,5160,,
RDS_DICT_REGIONS_NSO,27696909,Ourafinine,5160,,
RDS_DICT_REGIONS_NSO,27696919,Ezzarat,5160,,
RDS_DICT_REGIONS_NSO,27696929,El Alaya,5160,,
RDS_DICT_REGIONS_NSO,27696939,Arram,5160,,
RDS_DICT_REGIONS_NSO,27696949,Ketana,5160,,
RDS_DICT_REGIONS_NSO,27696959,Toujane,5160,,
RDS_DICT_REGIONS_NSO,27696969,Zemarten,5160,,
RDS_DICT_REGIONS_NSO,27696979,Zerig El Ghandri,5160,,
RDS_DICT_REGIONS_NSO,27696989,Aïn Tounine,5160,,
RDS_DICT_REGIONS_NSO,27696999,Dekhilet Toujane,5160,,
RDS_DICT_REGIONS_NSO,52,Gouvernorat de Medenine,5,TN-82,
RDS_DICT_REGIONS_NSO,5251,Délégation de Medenine Nord,52,,
RDS_DICT_REGIONS_NSO,27697009,Beni Ghezaïl,5251,,
RDS_DICT_REGIONS_NSO,27697019,37743,5251,,
RDS_DICT_REGIONS_NSO,27697029,Mednine Ouest,5251,,
RDS_DICT_REGIONS_NSO,27697039,37700,5251,,
RDS_DICT_REGIONS_NSO,27697049,Mednine Nord,5251,,
RDS_DICT_REGIONS_NSO,27697059,Oum Ettameur Ouest,5251,,
RDS_DICT_REGIONS_NSO,27697069,Oum Ettameur est,5251,,
RDS_DICT_REGIONS_NSO,27697079,Koutine,5251,,
RDS_DICT_REGIONS_NSO,5252,Délégation de Medenine Sud,52,,
RDS_DICT_REGIONS_NSO,27697089,Mednine Sud,5252,,
RDS_DICT_REGIONS_NSO,27697099,Mednine Est,5252,,
RDS_DICT_REGIONS_NSO,27697109,El Labba,5252,,
RDS_DICT_REGIONS_NSO,27697119,Hessi Amor,5252,,
RDS_DICT_REGIONS_NSO,27697129,Oued Esseder,5252,,
RDS_DICT_REGIONS_NSO,27697139,Hessi Mednine,5252,,
RDS_DICT_REGIONS_NSO,27697149,Darghoulia,5252,,
RDS_DICT_REGIONS_NSO,27697159,Souitir,5252,,
RDS_DICT_REGIONS_NSO,27697169,Nouvelle Amra,5252,,
RDS_DICT_REGIONS_NSO,27697179,Bou-Ghrara,5252,,
RDS_DICT_REGIONS_NSO,5253,Délégation de Beni Khedech,52,,
RDS_DICT_REGIONS_NSO,27697189,Beni-Khedech,5253,,
RDS_DICT_REGIONS_NSO,27697199,Rahala,5253,,
RDS_DICT_REGIONS_NSO,27697209,Eddekhila,5253,,
RDS_DICT_REGIONS_NSO,27697219,Ouarjijene,5253,,
RDS_DICT_REGIONS_NSO,27697229,Oued El Khil,5253,,
RDS_DICT_REGIONS_NSO,27697239,Zghaya,5253,,
RDS_DICT_REGIONS_NSO,27697249,El Benaina,5253,,
RDS_DICT_REGIONS_NSO,27697259,El Fejij,5253,,
RDS_DICT_REGIONS_NSO,27697269,El Menzela,5253,,
RDS_DICT_REGIONS_NSO,27697279,Zammour,5253,,
RDS_DICT_REGIONS_NSO,27697289,El Hamaïma,5253,,
RDS_DICT_REGIONS_NSO,27697299,El Behira,5253,,
RDS_DICT_REGIONS_NSO,27697309,Ksar El Jedid,5253,,
RDS_DICT_REGIONS_NSO,5254,Délégation de Ben Guerdane,52,,
RDS_DICT_REGIONS_NSO,27697319,Ben Guerdane Nord,5254,,
RDS_DICT_REGIONS_NSO,27697329,Ben Guerdane Sud,5254,,
RDS_DICT_REGIONS_NSO,27697339,Essayah,5254,,
RDS_DICT_REGIONS_NSO,27697349,Jamila,5254,,
RDS_DICT_REGIONS_NSO,27697359,El Mâamerat,5254,,
RDS_DICT_REGIONS_NSO,27697369,El Amria,5254,,
RDS_DICT_REGIONS_NSO,27697379,Ettabaï,5254,,
RDS_DICT_REGIONS_NSO,27697389,Ourasnia,5254,,
RDS_DICT_REGIONS_NSO,27697399,Jallel,5254,,
RDS_DICT_REGIONS_NSO,27697409,Neffatia,5254,,
RDS_DICT_REGIONS_NSO,27697419,Chahbania,5254,,
RDS_DICT_REGIONS_NSO,27697429,Chareb Errajel,5254,,
RDS_DICT_REGIONS_NSO,5255,Délégation de Zarzis,52,,
RDS_DICT_REGIONS_NSO,27697439,zarzis,5255,,
RDS_DICT_REGIONS_NSO,27697449,20 mars,5255,,
RDS_DICT_REGIONS_NSO,27697459,Tahar Sfar,5255,,
RDS_DICT_REGIONS_NSO,27697469,Ejdaria,5255,,
RDS_DICT_REGIONS_NSO,27697479,El Bassatine,5255,,
RDS_DICT_REGIONS_NSO,27697489,Essouihel,5255,,
RDS_DICT_REGIONS_NSO,27697499,Oued Ettieb,5255,,
RDS_DICT_REGIONS_NSO,27697509,Hassi El Jerbi,5255,,
RDS_DICT_REGIONS_NSO,27697519,Khaoui El Ghedir,5255,,
RDS_DICT_REGIONS_NSO,27697529,Hamadi,5255,,
RDS_DICT_REGIONS_NSO,27697539,Hichem E l Hamadi,5255,,
RDS_DICT_REGIONS_NSO,27697549,El Ghorabet,5255,,
RDS_DICT_REGIONS_NSO,27697559,El Grebis,5255,,
RDS_DICT_REGIONS_NSO,27697569,Hamadi Boutoufaha,5255,,
RDS_DICT_REGIONS_NSO,27697579,El Ogla,5255,,
RDS_DICT_REGIONS_NSO,27697589,Chammakh,5255,,
RDS_DICT_REGIONS_NSO,5256,Délégation de Djerba Houmet Souk,52,,
RDS_DICT_REGIONS_NSO,27697599,Taourit,5256,,
RDS_DICT_REGIONS_NSO,27697609,Bou Melel,5256,,
RDS_DICT_REGIONS_NSO,27697619,El Jouamâa,5256,,
RDS_DICT_REGIONS_NSO,27697629,Fatou,5256,,
RDS_DICT_REGIONS_NSO,27697639,Mazraïa,5256,,
RDS_DICT_REGIONS_NSO,27697649,Sedghaiane,5256,,
RDS_DICT_REGIONS_NSO,27697659,Oualeg,5256,,
RDS_DICT_REGIONS_NSO,27697669,Essouani,5256,,
RDS_DICT_REGIONS_NSO,27697679,Erriadh,5256,,
RDS_DICT_REGIONS_NSO,27697689,El Hachene,5256,,
RDS_DICT_REGIONS_NSO,27697699,Mellita,5256,,
RDS_DICT_REGIONS_NSO,5257,Délégation de Djerba Midoun,52,,
RDS_DICT_REGIONS_NSO,27697709,Midoun,5257,,
RDS_DICT_REGIONS_NSO,27697719,Arkou,5257,,
RDS_DICT_REGIONS_NSO,27697729,El Mahboubine,5257,,
RDS_DICT_REGIONS_NSO,27697739,Beni Mâaguel,5257,,
RDS_DICT_REGIONS_NSO,27697749,Sedouikèch,5257,,
RDS_DICT_REGIONS_NSO,27697759,El May,5257,,
RDS_DICT_REGIONS_NSO,27697769,Robbana,5257,,
RDS_DICT_REGIONS_NSO,5258,Délégation de Djerba Ajim,52,,
RDS_DICT_REGIONS_NSO,27697779,Ajim,5258,,
RDS_DICT_REGIONS_NSO,27697789,El Khenensa,5258,,
RDS_DICT_REGIONS_NSO,27697799,Mezrene,5258,,
RDS_DICT_REGIONS_NSO,27697809,Guellala,5258,,
RDS_DICT_REGIONS_NSO,27697819,Oued Ezzebib,5258,,
RDS_DICT_REGIONS_NSO,27697829,El Groa,5258,,
RDS_DICT_REGIONS_NSO,5259,Délégation de Sidi Makhloulf,52,,
RDS_DICT_REGIONS_NSO,27697839,Sidi Makhlouf,5259,,
RDS_DICT_REGIONS_NSO,27697849,El Grine,5259,,
RDS_DICT_REGIONS_NSO,27697859,El Maghzaouia,5259,,
RDS_DICT_REGIONS_NSO,27697869,El Jourf,5259,,
RDS_DICT_REGIONS_NSO,27697879,Bedoui,5259,,
RDS_DICT_REGIONS_NSO,27697889,Amra,5259,,
RDS_DICT_REGIONS_NSO,27697899,Er Ragouba Est,5259,,
RDS_DICT_REGIONS_NSO,27697909,Er Ragouba Ouest,5259,,
RDS_DICT_REGIONS_NSO,27697919,El Ghabai,5259,,
RDS_DICT_REGIONS_NSO,27697929,El Gosba,5259,,
RDS_DICT_REGIONS_NSO,27697939,Darjaoua,5259,,
RDS_DICT_REGIONS_NSO,53,Gouvernorat de Tataouine,5,TN-83,
RDS_DICT_REGIONS_NSO,5351,Délégation de Tataouine Nord,53,,
RDS_DICT_REGIONS_NSO,27697949,En-Nozha,5351,,
RDS_DICT_REGIONS_NSO,27697959,Ettadhamen,5351,,
RDS_DICT_REGIONS_NSO,27697969,En-Nasr,5351,,
RDS_DICT_REGIONS_NSO,27697979,Oued El Gemah,5351,,
RDS_DICT_REGIONS_NSO,27697989,Berourmet,5351,,
RDS_DICT_REGIONS_NSO,27697999,Telelt,5351,,
RDS_DICT_REGIONS_NSO,27698009,Oued El Ghar,5351,,
RDS_DICT_REGIONS_NSO,27698019,El Maouna,5351,,
RDS_DICT_REGIONS_NSO,27698029,Ezzahra,5351,,
RDS_DICT_REGIONS_NSO,27698039,Gattoufa,5351,,
RDS_DICT_REGIONS_NSO,27698049,Khetma,5351,,
RDS_DICT_REGIONS_NSO,27698059,Essâada,5351,,
RDS_DICT_REGIONS_NSO,27698069,El Galâa Est,5351,,
RDS_DICT_REGIONS_NSO,27698079,El Galâa Ouest,5351,,
RDS_DICT_REGIONS_NSO,27698089,Beni Belal,5351,,
RDS_DICT_REGIONS_NSO,5352,Délégation de Tataouine Sud,53,,
RDS_DICT_REGIONS_NSO,27698099,Tataouine Ville,5352,,
RDS_DICT_REGIONS_NSO,27698109,Tataouine Superieure,5352,,
RDS_DICT_REGIONS_NSO,27698119,El Maztouria Sud,5352,,
RDS_DICT_REGIONS_NSO,27698129,El Maztouria Nord,5352,,
RDS_DICT_REGIONS_NSO,27698139,Gharghar,5352,,
RDS_DICT_REGIONS_NSO,27698149,Cité El Barr,5352,,
RDS_DICT_REGIONS_NSO,27698159,Ksar El Moukabala,5352,,
RDS_DICT_REGIONS_NSO,27698169,Nouvelle Chnini,5352,,
RDS_DICT_REGIONS_NSO,27698179,Chenini,5352,,
RDS_DICT_REGIONS_NSO,27698189,Eddouiret,5352,,
RDS_DICT_REGIONS_NSO,27698199,El Mesreb,5352,,
RDS_DICT_REGIONS_NSO,27698209,Erroghba,5352,,
RDS_DICT_REGIONS_NSO,27698219,Ras El Ouedi,5352,,
RDS_DICT_REGIONS_NSO,27698229,Bir Thalathine,5352,,
RDS_DICT_REGIONS_NSO,27698239,Beni Barka - Tounket,5352,,
RDS_DICT_REGIONS_NSO,5353,Délégation de Smâr,53,,
RDS_DICT_REGIONS_NSO,27698249,Kerchaou,5353,,
RDS_DICT_REGIONS_NSO,27698259,Smar,5353,,
RDS_DICT_REGIONS_NSO,27698269,El Ghariani,5353,,
RDS_DICT_REGIONS_NSO,27698279,Errahech,5353,,
RDS_DICT_REGIONS_NSO,27698289,El Morra,5353,,
RDS_DICT_REGIONS_NSO,27698299,Ksar Aoun,5353,,
RDS_DICT_REGIONS_NSO,27698309,Ksar Mehira,5353,,
RDS_DICT_REGIONS_NSO,27698319,Beni Mehira Est,5353,,
RDS_DICT_REGIONS_NSO,5354,Délégation de Bir Lahmar,53,,
RDS_DICT_REGIONS_NSO,27698329,Bir Lahmar Est,5354,,
RDS_DICT_REGIONS_NSO,27698339,Bir Lahmar Ouest,5354,,
RDS_DICT_REGIONS_NSO,27698349,Sened,5354,,
RDS_DICT_REGIONS_NSO,27698359,El Argoub,5354,,
RDS_DICT_REGIONS_NSO,27698369,Grager,5354,,
RDS_DICT_REGIONS_NSO,27698379,El Medina,5354,,
RDS_DICT_REGIONS_NSO,27698389,El Bassatine,5354,,
RDS_DICT_REGIONS_NSO,5355,Délégation de Ghomrassen,53,,
RDS_DICT_REGIONS_NSO,27698399,Ghomrassen,5355,,
RDS_DICT_REGIONS_NSO,27698409,El Ouaha,5355,,
RDS_DICT_REGIONS_NSO,27698419,Ezzouhour,5355,,
RDS_DICT_REGIONS_NSO,27698429,El Ghordhab,5355,,
RDS_DICT_REGIONS_NSO,27698439,El Ferch,5355,,
RDS_DICT_REGIONS_NSO,27698449,Guermassa,5355,,
RDS_DICT_REGIONS_NSO,27698459,Ksar El Haddada,5355,,
RDS_DICT_REGIONS_NSO,27698469,Nouvelle Medina,5355,,
RDS_DICT_REGIONS_NSO,27698479,Ksar El Mourabitine,5355,,
RDS_DICT_REGIONS_NSO,27698489,Oued El Khil,5355,,
RDS_DICT_REGIONS_NSO,5356,Délégation de Dhehiba,53,,
RDS_DICT_REGIONS_NSO,27698499,Dhehbia Est,5356,,
RDS_DICT_REGIONS_NSO,27698509,Dhehbia Ouest,5356,,
RDS_DICT_REGIONS_NSO,5357,Délégation de Remada,53,,
RDS_DICT_REGIONS_NSO,27698519,Rémada Est,5357,,
RDS_DICT_REGIONS_NSO,27698529,Rémada Ouest,5357,,
RDS_DICT_REGIONS_NSO,27698539,Nekrif,5357,,
RDS_DICT_REGIONS_NSO,27698549,Kenbout,5357,,
RDS_DICT_REGIONS_NSO,27698559,Bir Amir,5357,,
RDS_DICT_REGIONS_NSO,27698569,Borj El Khadhra,5357,,
RDS_DICT_REGIONS_NSO,27698579,Meghani,5357,,
RDS_DICT_REGIONS_NSO,6,Sud Ouest,0,,"5052829, 5052829, 5053379, 5054839, 5054739, 5054949, 5055059, 4847719, 4848009, 4847629, 4847809, 4847899, 5049479, 4848099, 5050939, 5156249, 4847719, 4848009, 4847629, 4847809, 4847809, 4847899, 5049479, 4848099, 5052829, 5052829, 5156599, 4847719, 4848009, 4847629, 4847809, 4847899, 5049479, 4848099, 5054739, 5054839"
RDS_DICT_REGIONS_NSO,61,Gouvernorat de Gafsa,6,TN-71,
RDS_DICT_REGIONS_NSO,6151,Délégation de Gafsa Nord,61,,
RDS_DICT_REGIONS_NSO,27698589,Guetis,6151,,
RDS_DICT_REGIONS_NSO,27698599,Er-Rahiba,6151,,
RDS_DICT_REGIONS_NSO,27698609,Er-Rahiba Sud,6151,,
RDS_DICT_REGIONS_NSO,27698619,Ksour El Akhoua,6151,,
RDS_DICT_REGIONS_NSO,27698629,El Mouthidès,6151,,
RDS_DICT_REGIONS_NSO,27698639,Fej,6151,,
RDS_DICT_REGIONS_NSO,27698649,Menzel Mimoun,6151,,
RDS_DICT_REGIONS_NSO,6152,Délégation de Sidi Aïch,61,,
RDS_DICT_REGIONS_NSO,27698659,Sidi Aïch,6152,,
RDS_DICT_REGIONS_NSO,27698669,Sidi Aïch Est,6152,,
RDS_DICT_REGIONS_NSO,27698679,El Amaïma,6152,,
RDS_DICT_REGIONS_NSO,27698689,Menzel Gamoudi,6152,,
RDS_DICT_REGIONS_NSO,27698699,El Karia,6152,,
RDS_DICT_REGIONS_NSO,27698709,Es-Souinia,6152,,
RDS_DICT_REGIONS_NSO,6153,Délégation de El Ksar,61,,
RDS_DICT_REGIONS_NSO,27698719,El Ksar,6153,,
RDS_DICT_REGIONS_NSO,27698729,El Ksar Est,6153,,
RDS_DICT_REGIONS_NSO,27698739,Lala,6153,,
RDS_DICT_REGIONS_NSO,27698749,Cité Hached,6153,,
RDS_DICT_REGIONS_NSO,27698759,Amra,6153,,
RDS_DICT_REGIONS_NSO,27698769,El Matar,6153,,
RDS_DICT_REGIONS_NSO,6154,Délégation de Gafsa Sud,61,,
RDS_DICT_REGIONS_NSO,27698779,Gafsa Ville,6154,,
RDS_DICT_REGIONS_NSO,27698789,Gafsa Est,6154,,
RDS_DICT_REGIONS_NSO,27698799,Cité Essourour,6154,,
RDS_DICT_REGIONS_NSO,27698809,El Assala,6154,,
RDS_DICT_REGIONS_NSO,27698819,Sidi Ahmed Zarrouk,6154,,
RDS_DICT_REGIONS_NSO,27698829,Oued Ailou,6154,,
RDS_DICT_REGIONS_NSO,27698839,El Moula,6154,,
RDS_DICT_REGIONS_NSO,27698849,Cité Ennour,6154,,
RDS_DICT_REGIONS_NSO,27698859,Cité Ech-Chabab,6154,,
RDS_DICT_REGIONS_NSO,27698869,EL Aguila,6154,,
RDS_DICT_REGIONS_NSO,27698879,Kef Derbi,6154,,
RDS_DICT_REGIONS_NSO,27698889,En-Nadhour,6154,,
RDS_DICT_REGIONS_NSO,6155,Délégation de Oum El Araies,61,,
RDS_DICT_REGIONS_NSO,27698899,Oum El Aksab,6155,,
RDS_DICT_REGIONS_NSO,27698909,Sidi Boubaker,6155,,
RDS_DICT_REGIONS_NSO,27698919,Oum El Araies Centre,6155,,
RDS_DICT_REGIONS_NSO,27698929,Oum El Araies Gare,6155,,
RDS_DICT_REGIONS_NSO,27698939,Ech-Channoufia,6155,,
RDS_DICT_REGIONS_NSO,27698949,Es-Souitir,6155,,
RDS_DICT_REGIONS_NSO,27698959,Daouara,6155,,
RDS_DICT_REGIONS_NSO,6156,Délégation de Redeyef,61,,
RDS_DICT_REGIONS_NSO,27698969,Redeyef Centre,6156,,
RDS_DICT_REGIONS_NSO,27698979,Redeyef Nord,6156,,
RDS_DICT_REGIONS_NSO,27698989,Redeyef Sud,6156,,
RDS_DICT_REGIONS_NSO,27698999,Redeyef Gare,6156,,
RDS_DICT_REGIONS_NSO,27699009,Tabdit,6156,,
RDS_DICT_REGIONS_NSO,6157,Délégation de Metlaoui,61,,
RDS_DICT_REGIONS_NSO,27699019,Metlaoui Centre,6157,,
RDS_DICT_REGIONS_NSO,27699029,Metlaoui Gare,6157,,
RDS_DICT_REGIONS_NSO,27699039,El Mzirâa,6157,,
RDS_DICT_REGIONS_NSO,27699049,Krichet Nâam,6157,,
RDS_DICT_REGIONS_NSO,27699059,Cité El Amel Ouest,6157,,
RDS_DICT_REGIONS_NSO,27699069,Cité El Amel Est,6157,,
RDS_DICT_REGIONS_NSO,27699079,Thalja,6157,,
RDS_DICT_REGIONS_NSO,27699089,Oued El Arta,6157,,
RDS_DICT_REGIONS_NSO,27699099,El Magroun,6157,,
RDS_DICT_REGIONS_NSO,27699109,Segui Sud,6157,,
RDS_DICT_REGIONS_NSO,6158,Délégation de Mdhila,61,,
RDS_DICT_REGIONS_NSO,27699119,Mdhila Centre,6158,,
RDS_DICT_REGIONS_NSO,27699129,Cité Des Travailleurs,6158,,
RDS_DICT_REGIONS_NSO,27699139,Sahib,6158,,
RDS_DICT_REGIONS_NSO,27699149,El Segui,6158,,
RDS_DICT_REGIONS_NSO,6159,Délégation de EL Guetar,61,,
RDS_DICT_REGIONS_NSO,27699159,El Guetar Ouest,6159,,
RDS_DICT_REGIONS_NSO,27699169,El Ortos,6159,,
RDS_DICT_REGIONS_NSO,27699179,El Guetar Est,6159,,
RDS_DICT_REGIONS_NSO,27699189,El Ongue,6159,,
RDS_DICT_REGIONS_NSO,27699199,Es-Saket,6159,,
RDS_DICT_REGIONS_NSO,27699209,Bir Sâad,6159,,
RDS_DICT_REGIONS_NSO,6160,Délégation de Belkhir,61,,
RDS_DICT_REGIONS_NSO,27699219,El Ayaïcha,6160,,
RDS_DICT_REGIONS_NSO,27699229,Belkhir,6160,,
RDS_DICT_REGIONS_NSO,27699239,Et-Talh Est,6160,,
RDS_DICT_REGIONS_NSO,27699249,Et-Talh Ouest,6160,,
RDS_DICT_REGIONS_NSO,27699259,Jbilet Ouest,6160,,
RDS_DICT_REGIONS_NSO,27699269,Ouled El Hadj,6160,,
RDS_DICT_REGIONS_NSO,6161,Délégation de Sned,61,,
RDS_DICT_REGIONS_NSO,27699279,Sned,6161,,
RDS_DICT_REGIONS_NSO,27699289,Sned-Nord,6161,,
RDS_DICT_REGIONS_NSO,27699299,Sanouche,6161,,
RDS_DICT_REGIONS_NSO,27699309,Djedida,6161,,
RDS_DICT_REGIONS_NSO,27699319,Abdessadok,6161,,
RDS_DICT_REGIONS_NSO,27699329,Majoura,6161,,
RDS_DICT_REGIONS_NSO,27699339,Alim,6161,,
RDS_DICT_REGIONS_NSO,62,Gouvernorat de Tozeur,6,TN-72,
RDS_DICT_REGIONS_NSO,6251,Délégation de Tozeur,62,,
RDS_DICT_REGIONS_NSO,27699349,Masghouna,6251,,
RDS_DICT_REGIONS_NSO,27699359,Ez-Zebda,6251,,
RDS_DICT_REGIONS_NSO,27699369,El Hebaila,6251,,
RDS_DICT_REGIONS_NSO,27699379,El Haouadef,6251,,
RDS_DICT_REGIONS_NSO,27699389,El Keitna,6251,,
RDS_DICT_REGIONS_NSO,27699399,Ras Drâa-Helba,6251,,
RDS_DICT_REGIONS_NSO,27699409,El Ezdihar,6251,,
RDS_DICT_REGIONS_NSO,27699419,Cité l'aeroport,6251,,
RDS_DICT_REGIONS_NSO,27699429,Ech-Chabia,6251,,
RDS_DICT_REGIONS_NSO,27699439,EL-Hadher,6251,,
RDS_DICT_REGIONS_NSO,6252,Délégation de Degach,62,,
RDS_DICT_REGIONS_NSO,27699449,Degach Nord,6252,,
RDS_DICT_REGIONS_NSO,27699459,Degach Sud,6252,,
RDS_DICT_REGIONS_NSO,27699469,Sebâa Abar,6252,,
RDS_DICT_REGIONS_NSO,27699479,El Mahassen,6252,,
RDS_DICT_REGIONS_NSO,27699489,Bou Helal,6252,,
RDS_DICT_REGIONS_NSO,27699499,El Hamma,6252,,
RDS_DICT_REGIONS_NSO,27699509,Chakmou,6252,,
RDS_DICT_REGIONS_NSO,27699519,Dghoumès,6252,,
RDS_DICT_REGIONS_NSO,27699529,En-Namlat,6252,,
RDS_DICT_REGIONS_NSO,6253,Délégation de Tameghza,62,,
RDS_DICT_REGIONS_NSO,27699539,Tameghza,6253,,
RDS_DICT_REGIONS_NSO,27699549,Chebika,6253,,
RDS_DICT_REGIONS_NSO,27699559,Midas,6253,,
RDS_DICT_REGIONS_NSO,27699569,Aïn El Karma,6253,,
RDS_DICT_REGIONS_NSO,27699579,Foum El Khangua,6253,,
RDS_DICT_REGIONS_NSO,27699589,Er-Remitha,6253,,
RDS_DICT_REGIONS_NSO,6254,Délégation de Nefta,62,,
RDS_DICT_REGIONS_NSO,27699599,Chafaï Ech-Cherif,6254,,
RDS_DICT_REGIONS_NSO,27699609,1er Juin,6254,,
RDS_DICT_REGIONS_NSO,27699619,El Ouaha,6254,,
RDS_DICT_REGIONS_NSO,27699629,Es-Seni,6254,,
RDS_DICT_REGIONS_NSO,27699639,El Ayoun,6254,,
RDS_DICT_REGIONS_NSO,27699649,Ettahir,6254,,
RDS_DICT_REGIONS_NSO,27699659,El-Assil,6254,,
RDS_DICT_REGIONS_NSO,27699669,El Khadar Ben Houssine,6254,,
RDS_DICT_REGIONS_NSO,6255,Délégation de Hazoua,62,,
RDS_DICT_REGIONS_NSO,27699679,Hazoua,6255,,
RDS_DICT_REGIONS_NSO,27699689,Hattem,6255,,
RDS_DICT_REGIONS_NSO,27699699,Ain Ouled El Ggerissi,6255,,
RDS_DICT_REGIONS_NSO,63,Gouvernorat de Kébili,6,TN-73,
RDS_DICT_REGIONS_NSO,6351,Délégation de Kebili Sud,63,,
RDS_DICT_REGIONS_NSO,27699709,Kebili Sud,6351,,
RDS_DICT_REGIONS_NSO,27699719,Bazma,6351,,
RDS_DICT_REGIONS_NSO,27699729,Jemna Nord,6351,,
RDS_DICT_REGIONS_NSO,27699739,jemna Sud,6351,,
RDS_DICT_REGIONS_NSO,27699749,Bechelli,6351,,
RDS_DICT_REGIONS_NSO,27699759,Jersine,6351,,
RDS_DICT_REGIONS_NSO,27699769,El Blidete,6351,,
RDS_DICT_REGIONS_NSO,27699779,Beni Mehemed,6351,,
RDS_DICT_REGIONS_NSO,27699789,Janoura,6351,,
RDS_DICT_REGIONS_NSO,6352,Délégation de Kebeli Nord,63,,
RDS_DICT_REGIONS_NSO,27699799,Kebeli nord,6352,,
RDS_DICT_REGIONS_NSO,27699809,El Mansoura,6352,,
RDS_DICT_REGIONS_NSO,27699819,Errabta,6352,,
RDS_DICT_REGIONS_NSO,27699829,Tonbar,6352,,
RDS_DICT_REGIONS_NSO,27699839,Limagues Estiffimia,6352,,
RDS_DICT_REGIONS_NSO,27699849,Telmine,6352,,
RDS_DICT_REGIONS_NSO,27699859,Tenbib,6352,,
RDS_DICT_REGIONS_NSO,27699869,Saïdane,6352,,
RDS_DICT_REGIONS_NSO,27699879,El Gattaya,6352,,
RDS_DICT_REGIONS_NSO,27699889,Kebeli Est,6352,,
RDS_DICT_REGIONS_NSO,6353,Délégation de Souk El Ahed,63,,
RDS_DICT_REGIONS_NSO,27699899,El Menchia,6353,,
RDS_DICT_REGIONS_NSO,27699909,Bou Abdellah,6353,,
RDS_DICT_REGIONS_NSO,27699919,Oum Essoumâa,6353,,
RDS_DICT_REGIONS_NSO,27699929,Ezzaouaïa,6353,,
RDS_DICT_REGIONS_NSO,27699939,Bèchri,6353,,
RDS_DICT_REGIONS_NSO,27699949,Fatnassa,6353,,
RDS_DICT_REGIONS_NSO,27699959,Negga,6353,,
RDS_DICT_REGIONS_NSO,6354,Délégation de Douz Nord,63,,
RDS_DICT_REGIONS_NSO,27699969,Douz Est,6354,,
RDS_DICT_REGIONS_NSO,27699979,El Golaa,6354,,
RDS_DICT_REGIONS_NSO,27699989,El Aouina Nord,6354,,
RDS_DICT_REGIONS_NSO,27699999,El Aouina Sud,6354,,
RDS_DICT_REGIONS_NSO,27700009,Elabadla,6354,,
RDS_DICT_REGIONS_NSO,6355,Délégation de Douz Sud,63,,
RDS_DICT_REGIONS_NSO,27700019,Douz Ouest,6355,,
RDS_DICT_REGIONS_NSO,27700029,El Adhara,6355,,
RDS_DICT_REGIONS_NSO,27700039,El Aouina Nord,6355,,
RDS_DICT_REGIONS_NSO,27700049,Nouil Nord,6355,,
RDS_DICT_REGIONS_NSO,27700059,Nouil Sud,6355,,
RDS_DICT_REGIONS_NSO,6356,Délégation de Faouar,63,,
RDS_DICT_REGIONS_NSO,27700069,Sabria Ouest,6356,,
RDS_DICT_REGIONS_NSO,27700079,Sabria Est,6356,,
RDS_DICT_REGIONS_NSO,27700089,Gharib,6356,,
RDS_DICT_REGIONS_NSO,27700099,Gueïdma,6356,,
RDS_DICT_REGIONS_NSO,27700109,Rejim Mâatoug,6356,,
RDS_DICT_REGIONS_NSO,27700119,El Matrouha,6356,,
RDS_DICT_REGIONS_NSO,27700129,Bichni - Edarjin,6356,,
