dimension_id,dimension_name,element_key,element_name
RDS_DICT_REGIONS_NSO,Régions,0,Tunisie
RDS_DICT_REGIONS_NSO,Régions,28629509,District de Tunis
RDS_DICT_REGIONS_NSO,Régions,1,Nord Est
RDS_DICT_REGIONS_NSO,Régions,11,Gouvernorat de Tunis
RDS_DICT_REGIONS_NSO,Régions,1151,Délégation de Carthage
RDS_DICT_REGIONS_NSO,Régions,1152,Délégation de La Medina
RDS_DICT_REGIONS_NSO,Régions,27679359,La Medina
RDS_DICT_REGIONS_NSO,Régions,27679369,El Hafsia
RDS_DICT_REGIONS_NSO,Régions,27679379,Bab Bénat
RDS_DICT_REGIONS_NSO,Régions,27679389,Souk El Nhes
RDS_DICT_REGIONS_NSO,Régions,27679399,El Assouak
RDS_DICT_REGIONS_NSO,Régions,27679409,Bab Mnara
RDS_DICT_REGIONS_NSO,Régions,27679419,Tourbet El Bey
RDS_DICT_REGIONS_NSO,Régions,27679429,El Zraria
RDS_DICT_REGIONS_NSO,Régions,27679439,Sidi Ali Azouz
RDS_DICT_REGIONS_NSO,Régions,27679449,El Taoufik
RDS_DICT_REGIONS_NSO,Régions,27679459,El Sabaghine
RDS_DICT_REGIONS_NSO,Régions,27679469,Sidi Boumendil
RDS_DICT_REGIONS_NSO,Régions,1153,Délégation de Bab El Bhar
RDS_DICT_REGIONS_NSO,Régions,27679479,Bab El Bhar
RDS_DICT_REGIONS_NSO,Régions,27679489,Les Jardins
RDS_DICT_REGIONS_NSO,Régions,27679499,Lac de Tunis
RDS_DICT_REGIONS_NSO,Régions,27679509,Mongi Slim
RDS_DICT_REGIONS_NSO,Régions,27679519,Habib Thameur
RDS_DICT_REGIONS_NSO,Régions,27679529,Taïeb El M'hiri
RDS_DICT_REGIONS_NSO,Régions,27679539,Hédi Chaker
RDS_DICT_REGIONS_NSO,Régions,27679549,Sidi El Bahri
RDS_DICT_REGIONS_NSO,Régions,1154,Délégation de Bab Souika
RDS_DICT_REGIONS_NSO,Régions,27679559,Tronja
RDS_DICT_REGIONS_NSO,Régions,27679569,Bab El Khadra
RDS_DICT_REGIONS_NSO,Régions,27679579,Bab Sâadoun
RDS_DICT_REGIONS_NSO,Régions,27679589,Borj Zouara
RDS_DICT_REGIONS_NSO,Régions,27679599,Bab El Assel
RDS_DICT_REGIONS_NSO,Régions,27679609,El Halfaouine
RDS_DICT_REGIONS_NSO,Régions,27679619,Bab Souika
RDS_DICT_REGIONS_NSO,Régions,27679629,Bab Sidi Abdessalem
RDS_DICT_REGIONS_NSO,Régions,27679639,Zaouiet El Bekria
RDS_DICT_REGIONS_NSO,Régions,27679649,Hammam El Rmimi
RDS_DICT_REGIONS_NSO,Régions,27679659,Sidi Djebali
RDS_DICT_REGIONS_NSO,Régions,1155,Délégation de El Omrane
RDS_DICT_REGIONS_NSO,Régions,27679669,El Omrane
RDS_DICT_REGIONS_NSO,Régions,27679679,Djebel El Ahmar
RDS_DICT_REGIONS_NSO,Régions,27679689,Cité des Oliviers
RDS_DICT_REGIONS_NSO,Régions,27679699,Ras Tabia
RDS_DICT_REGIONS_NSO,Régions,27679709,Bir Atig
RDS_DICT_REGIONS_NSO,Régions,27679719,Oued El Sebai
RDS_DICT_REGIONS_NSO,Régions,1156,Délégation de El Omrane Supérieur
RDS_DICT_REGIONS_NSO,Régions,27679729,Cité Ibn Khaldoun I
RDS_DICT_REGIONS_NSO,Régions,27679739,El Romana
RDS_DICT_REGIONS_NSO,Régions,27679749,Cité Ibn Khaldoun II
RDS_DICT_REGIONS_NSO,Régions,27679759,Cité Ibn Khaldoun VI
RDS_DICT_REGIONS_NSO,Régions,27679769,Cité El Intilaka
RDS_DICT_REGIONS_NSO,Régions,27679779,El Omrane Supérieur
RDS_DICT_REGIONS_NSO,Régions,27679789,El Nassim
RDS_DICT_REGIONS_NSO,Régions,27679799,Ahmed Tlili
RDS_DICT_REGIONS_NSO,Régions,27679809,Es-Sadique
RDS_DICT_REGIONS_NSO,Régions,1157,Délégation de Ettahrir
RDS_DICT_REGIONS_NSO,Régions,27679819,Ettahrir (1)
RDS_DICT_REGIONS_NSO,Régions,27679829,Ettahrir (2)
RDS_DICT_REGIONS_NSO,Régions,27679839,Ettahrir (3)
RDS_DICT_REGIONS_NSO,Régions,27679849,Ettahrir Superieur
RDS_DICT_REGIONS_NSO,Régions,27679859,El Hadika
RDS_DICT_REGIONS_NSO,Régions,1158,Délégation de El Menzah
RDS_DICT_REGIONS_NSO,Régions,27679869,1er Juin
RDS_DICT_REGIONS_NSO,Régions,27679879,El Menzah
RDS_DICT_REGIONS_NSO,Régions,27679889,El Fath
RDS_DICT_REGIONS_NSO,Régions,27679899,El Manar
RDS_DICT_REGIONS_NSO,Régions,27679909,El Manar (1)
RDS_DICT_REGIONS_NSO,Régions,1159,Délégation de Cité El Khadhra
RDS_DICT_REGIONS_NSO,Régions,27679919,Cité El Khadra
RDS_DICT_REGIONS_NSO,Régions,27679929,Cité Jardin
RDS_DICT_REGIONS_NSO,Régions,27679939,Ech-Charguia
RDS_DICT_REGIONS_NSO,Régions,27679949,Khéreiddine Pacha
RDS_DICT_REGIONS_NSO,Régions,27679959,Ali Belhouane
RDS_DICT_REGIONS_NSO,Régions,27679969,Farhat Hached
RDS_DICT_REGIONS_NSO,Régions,27679979,El Bouhaira
RDS_DICT_REGIONS_NSO,Régions,27679989,Hay es salem
RDS_DICT_REGIONS_NSO,Régions,1160,Délégation de Le Bardo
RDS_DICT_REGIONS_NSO,Régions,27679999,Le Bardo
RDS_DICT_REGIONS_NSO,Régions,27680009,Le Bardo Nord
RDS_DICT_REGIONS_NSO,Régions,27680019,Le Bardo Sud
RDS_DICT_REGIONS_NSO,Régions,27680029,El Hadika
RDS_DICT_REGIONS_NSO,Régions,27680039,Bou-Choucha
RDS_DICT_REGIONS_NSO,Régions,27680049,Bonne Residence
RDS_DICT_REGIONS_NSO,Régions,27680059,Khaznadar
RDS_DICT_REGIONS_NSO,Régions,27680069,El Fath
RDS_DICT_REGIONS_NSO,Régions,27680079,Ksar-Saïd
RDS_DICT_REGIONS_NSO,Régions,27680089,Ksar-Saïd II
RDS_DICT_REGIONS_NSO,Régions,27680099,El Bassatine
RDS_DICT_REGIONS_NSO,Régions,27680109,Es-Säada
RDS_DICT_REGIONS_NSO,Régions,27680119,Ksar-El Bortal
RDS_DICT_REGIONS_NSO,Régions,27680129,Ibn Sina
RDS_DICT_REGIONS_NSO,Régions,1161,Délégation de Sijoumi
RDS_DICT_REGIONS_NSO,Régions,27680139,Cité Helel
RDS_DICT_REGIONS_NSO,Régions,27680149,Ali Belhouane
RDS_DICT_REGIONS_NSO,Régions,27680159,En-Najah
RDS_DICT_REGIONS_NSO,Régions,27680169,CIté des Martyrs
RDS_DICT_REGIONS_NSO,Régions,27680179,Bir anniba
RDS_DICT_REGIONS_NSO,Régions,27680189,Mellassine
RDS_DICT_REGIONS_NSO,Régions,1162,Délégation de Ezzouhour
RDS_DICT_REGIONS_NSO,Régions,27680199,Ezzouhour
RDS_DICT_REGIONS_NSO,Régions,27680209,Ezzouhour IV
RDS_DICT_REGIONS_NSO,Régions,27680219,Es-Säada
RDS_DICT_REGIONS_NSO,Régions,27680229,Es-Soumrane
RDS_DICT_REGIONS_NSO,Régions,27680239,Cité Tayarane
RDS_DICT_REGIONS_NSO,Régions,27680249,Bach-Hamba
RDS_DICT_REGIONS_NSO,Régions,1163,Délégation de El Hrairia
RDS_DICT_REGIONS_NSO,Régions,27680259,El-Hraïria
RDS_DICT_REGIONS_NSO,Régions,27680269,Ezzouhour V
RDS_DICT_REGIONS_NSO,Régions,27680279,El Akba
RDS_DICT_REGIONS_NSO,Régions,27680289,El Akba Supérieur
RDS_DICT_REGIONS_NSO,Régions,27680299,Ghédir El Golla
RDS_DICT_REGIONS_NSO,Régions,27680309,El Antit
RDS_DICT_REGIONS_NSO,Régions,27680319,El Foula
RDS_DICT_REGIONS_NSO,Régions,27680329,Tarak Ibn Ziad
RDS_DICT_REGIONS_NSO,Régions,27680339,Ezzahrouni
RDS_DICT_REGIONS_NSO,Régions,1164,Délégation de Sidi Hassine
RDS_DICT_REGIONS_NSO,Régions,27680349,Borj-Chakir
RDS_DICT_REGIONS_NSO,Régions,27680359,Sidi Hassine
RDS_DICT_REGIONS_NSO,Régions,27680369,El Jaïara
RDS_DICT_REGIONS_NSO,Régions,27680379,Attar
RDS_DICT_REGIONS_NSO,Régions,27680389,20-mars
RDS_DICT_REGIONS_NSO,Régions,27680399,Byrine
RDS_DICT_REGIONS_NSO,Régions,27680409,Meghiret Inzel
RDS_DICT_REGIONS_NSO,Régions,27680419,25 'juillet
RDS_DICT_REGIONS_NSO,Régions,27680429,14-janvier
RDS_DICT_REGIONS_NSO,Régions,1165,Délégation de El Ouardia
RDS_DICT_REGIONS_NSO,Régions,27680439,El Ouardia
RDS_DICT_REGIONS_NSO,Régions,27680449,Bou-Gatfa
RDS_DICT_REGIONS_NSO,Régions,27680459,Tahar Sfar
RDS_DICT_REGIONS_NSO,Régions,27680469,Cité El Izdihar
RDS_DICT_REGIONS_NSO,Régions,27680479,Cité Mohamed Ali
RDS_DICT_REGIONS_NSO,Régions,27680489,Sidi Belhassen
RDS_DICT_REGIONS_NSO,Régions,1166,Délégation de El Kabaria
RDS_DICT_REGIONS_NSO,Régions,27680499,El Kabaria (1)
RDS_DICT_REGIONS_NSO,Régions,27680509,El Kabaria (2)
RDS_DICT_REGIONS_NSO,Régions,27680519,El Kabaria (3)
RDS_DICT_REGIONS_NSO,Régions,27680529,El Kabaria (4)
RDS_DICT_REGIONS_NSO,Régions,27680539,Cité Ennour
RDS_DICT_REGIONS_NSO,Régions,27680549,Ibn Sina (1)
RDS_DICT_REGIONS_NSO,Régions,27680559,Ibn Sina (2)
RDS_DICT_REGIONS_NSO,Régions,27680569,El Mourouj (2)
RDS_DICT_REGIONS_NSO,Régions,1167,Délégation de Sidi El Béchir
RDS_DICT_REGIONS_NSO,Régions,27680579,Sidi El Béchir
RDS_DICT_REGIONS_NSO,Régions,27680589,Sidi Mansour
RDS_DICT_REGIONS_NSO,Régions,27680599,Mâakel Ezzaïm
RDS_DICT_REGIONS_NSO,Régions,27680609,Farhat Hached
RDS_DICT_REGIONS_NSO,Régions,27680619,Abulkacem Ech-chebbi
RDS_DICT_REGIONS_NSO,Régions,27680629,Saïda Manoubia
RDS_DICT_REGIONS_NSO,Régions,1168,Délégation de Djebel Djelloud
RDS_DICT_REGIONS_NSO,Régions,27680639,Sidi Fathallah
RDS_DICT_REGIONS_NSO,Régions,27680649,Ali Bach-Hamba
RDS_DICT_REGIONS_NSO,Régions,27680659,El Garjouma
RDS_DICT_REGIONS_NSO,Régions,27680669,Cité El Fath
RDS_DICT_REGIONS_NSO,Régions,27680679,Es-Sebkha
RDS_DICT_REGIONS_NSO,Régions,27680689,El Afrane
RDS_DICT_REGIONS_NSO,Régions,27680699,Djebel Djeloud
RDS_DICT_REGIONS_NSO,Régions,1169,Délégation de La Goulette
RDS_DICT_REGIONS_NSO,Régions,27680709,La Goulette
RDS_DICT_REGIONS_NSO,Régions,27680719,La Goulette Casino
RDS_DICT_REGIONS_NSO,Régions,27680729,Khéireddine
RDS_DICT_REGIONS_NSO,Régions,27680739,Taîeb Mhiri
RDS_DICT_REGIONS_NSO,Régions,27680749,Cité Essalama
RDS_DICT_REGIONS_NSO,Régions,1170,Délégation de Le Kram
RDS_DICT_REGIONS_NSO,Régions,27680759,Le Kram Est
RDS_DICT_REGIONS_NSO,Régions,27680769,Erriadh
RDS_DICT_REGIONS_NSO,Régions,27680779,El Bouhaïra
RDS_DICT_REGIONS_NSO,Régions,27680789,Sidi Fredj
RDS_DICT_REGIONS_NSO,Régions,27680799,Le Kram Ouest
RDS_DICT_REGIONS_NSO,Régions,27680809,Sidi Amor
RDS_DICT_REGIONS_NSO,Régions,27680819,Bir El Helou
RDS_DICT_REGIONS_NSO,Régions,1171,Délégation de La Marsa
RDS_DICT_REGIONS_NSO,Régions,27680829,La Marsa Plage
RDS_DICT_REGIONS_NSO,Régions,27680839,La Marsa Medina
RDS_DICT_REGIONS_NSO,Régions,27680849,La Marsa Hadayek
RDS_DICT_REGIONS_NSO,Régions,27680859,La Marsa Erriadh
RDS_DICT_REGIONS_NSO,Régions,27680869,Er-Rmila
RDS_DICT_REGIONS_NSO,Régions,27680879,La Marsa El Montazeh
RDS_DICT_REGIONS_NSO,Régions,27680889,Gammarth
RDS_DICT_REGIONS_NSO,Régions,27680899,Gammarth Supérieur
RDS_DICT_REGIONS_NSO,Régions,27680909,Sidi Daoued
RDS_DICT_REGIONS_NSO,Régions,27680919,El Bahr El Azrak
RDS_DICT_REGIONS_NSO,Régions,12,Gouvernorat de L'Ariana
RDS_DICT_REGIONS_NSO,Régions,1251,Délégation de L'Ariana Ville
RDS_DICT_REGIONS_NSO,Régions,27680929,La nouvelle Ariana
RDS_DICT_REGIONS_NSO,Régions,27680939,Ariana supérieur
RDS_DICT_REGIONS_NSO,Régions,27680949,L'Ariana Ville
RDS_DICT_REGIONS_NSO,Régions,27680959,El Menzah V
RDS_DICT_REGIONS_NSO,Régions,27680969,El Menzah VI
RDS_DICT_REGIONS_NSO,Régions,27680979,Etâamir
RDS_DICT_REGIONS_NSO,Régions,27680989,El Yasmina
RDS_DICT_REGIONS_NSO,Régions,27680999,Ennasr 1
RDS_DICT_REGIONS_NSO,Régions,27681009,Ennasr 2
RDS_DICT_REGIONS_NSO,Régions,1252,Délégation de Soukra
RDS_DICT_REGIONS_NSO,Régions,27681019,Soukra
RDS_DICT_REGIONS_NSO,Régions,27681029,Dar Fadhal
RDS_DICT_REGIONS_NSO,Régions,27681039,El Bessatine
RDS_DICT_REGIONS_NSO,Régions,27681049,Chotrana
RDS_DICT_REGIONS_NSO,Régions,27681059,Borj El Ouzir
RDS_DICT_REGIONS_NSO,Régions,27681069,Ennasim
RDS_DICT_REGIONS_NSO,Régions,27681079,Ettaamir
RDS_DICT_REGIONS_NSO,Régions,1253,Délégation de Raoued
RDS_DICT_REGIONS_NSO,Régions,27681089,Jaafer
RDS_DICT_REGIONS_NSO,Régions,27681099,Enkhilet
RDS_DICT_REGIONS_NSO,Régions,27681109,El Medina El Fadhila
RDS_DICT_REGIONS_NSO,Régions,27681119,El Ghazala
RDS_DICT_REGIONS_NSO,Régions,27681129,Raoued
RDS_DICT_REGIONS_NSO,Régions,27681139,Bourj Ettouil
RDS_DICT_REGIONS_NSO,Régions,27681149,Sidi Amor Bou Khtioua
RDS_DICT_REGIONS_NSO,Régions,1254,Délégation de Kalaât El Andalous
RDS_DICT_REGIONS_NSO,Régions,27681159,Kalaat El Andalous Est
RDS_DICT_REGIONS_NSO,Régions,27681169,Kalaat El Andalous Ouest
RDS_DICT_REGIONS_NSO,Régions,27681179,Pont de Bizerte
RDS_DICT_REGIONS_NSO,Régions,27681189,Bou Hanach
RDS_DICT_REGIONS_NSO,Régions,27681199,El Hessiane
RDS_DICT_REGIONS_NSO,Régions,27681209,Ennahli
RDS_DICT_REGIONS_NSO,Régions,1255,Délégation de Sidi Thabet
RDS_DICT_REGIONS_NSO,Régions,27681219,Sidi Thabet
RDS_DICT_REGIONS_NSO,Régions,27681229,Bejaoua
RDS_DICT_REGIONS_NSO,Régions,27681239,Mongi Slim
RDS_DICT_REGIONS_NSO,Régions,27681249,Cebalet Ben Ammar
RDS_DICT_REGIONS_NSO,Régions,27681259,Chorfech
RDS_DICT_REGIONS_NSO,Régions,1256,Délégation de Cité Ettadhamen
RDS_DICT_REGIONS_NSO,Régions,27681269,Cité Ettadhamen
RDS_DICT_REGIONS_NSO,Régions,27681279,Ibn khaldoun
RDS_DICT_REGIONS_NSO,Régions,27681289,09-avr.
RDS_DICT_REGIONS_NSO,Régions,27681299,18-janv.
RDS_DICT_REGIONS_NSO,Régions,27681309,20-mars
RDS_DICT_REGIONS_NSO,Régions,27681319,Mongi Slim
RDS_DICT_REGIONS_NSO,Régions,27681329,14 janvier
RDS_DICT_REGIONS_NSO,Régions,27681339,Abulkassem Ech-Chebbi
RDS_DICT_REGIONS_NSO,Régions,27681349,Khaireddine Pacha
RDS_DICT_REGIONS_NSO,Régions,1257,Délégation de El Mnihla
RDS_DICT_REGIONS_NSO,Régions,27681359,El Mnihla
RDS_DICT_REGIONS_NSO,Régions,27681369,Errafaha
RDS_DICT_REGIONS_NSO,Régions,27681379,En-Nasr
RDS_DICT_REGIONS_NSO,Régions,27681389,El-Bassatine
RDS_DICT_REGIONS_NSO,Régions,27681399,15-oct.
RDS_DICT_REGIONS_NSO,Régions,13,Gouvernorat de Ben Arous
RDS_DICT_REGIONS_NSO,Régions,1351,Délégation de Ben Arous
RDS_DICT_REGIONS_NSO,Régions,27681409,Ben Arous Est
RDS_DICT_REGIONS_NSO,Régions,27681419,Cité Ibn Arafa
RDS_DICT_REGIONS_NSO,Régions,27681429,El Mehiri
RDS_DICT_REGIONS_NSO,Régions,27681439,Ben Arous Ouest
RDS_DICT_REGIONS_NSO,Régions,27681449,Sidi Ben Arous
RDS_DICT_REGIONS_NSO,Régions,27681459,Cité El Iskane
RDS_DICT_REGIONS_NSO,Régions,1352,Délégation de La Nouvelle Medina
RDS_DICT_REGIONS_NSO,Régions,27681469,La Nouvelle Medina(1)
RDS_DICT_REGIONS_NSO,Régions,27681479,La Nouvelle Medina(2)
RDS_DICT_REGIONS_NSO,Régions,27681489,Sidi Mosbah
RDS_DICT_REGIONS_NSO,Régions,27681499,El Yasminet
RDS_DICT_REGIONS_NSO,Régions,27681509,Errabta
RDS_DICT_REGIONS_NSO,Régions,1353,Délégation de El Mourouj
RDS_DICT_REGIONS_NSO,Régions,27681519,El Mourouj (1)
RDS_DICT_REGIONS_NSO,Régions,27681529,El Mourouj (3)
RDS_DICT_REGIONS_NSO,Régions,27681539,El Mourouj (4)
RDS_DICT_REGIONS_NSO,Régions,27681549,El Mourouj (5)
RDS_DICT_REGIONS_NSO,Régions,27681559,Bir Kassaa
RDS_DICT_REGIONS_NSO,Régions,27681569,Farhat Hached
RDS_DICT_REGIONS_NSO,Régions,1354,Délégation de Hammam Lif
RDS_DICT_REGIONS_NSO,Régions,27681579,Hammam Lif Ville
RDS_DICT_REGIONS_NSO,Régions,27681589,Hammem Lif Ville 2
RDS_DICT_REGIONS_NSO,Régions,27681599,Hammem Lif Bou Kornine
RDS_DICT_REGIONS_NSO,Régions,27681609,Farhat Hached
RDS_DICT_REGIONS_NSO,Régions,27681619,Hammam Lif El Malaab
RDS_DICT_REGIONS_NSO,Régions,27681629,Cité Mohamed Ali
RDS_DICT_REGIONS_NSO,Régions,1355,Délégation de Hammam Chôtt
RDS_DICT_REGIONS_NSO,Régions,27681639,Bir El Bey
RDS_DICT_REGIONS_NSO,Régions,27681649,Borj Cedria
RDS_DICT_REGIONS_NSO,Régions,27681659,Hammem Chatt
RDS_DICT_REGIONS_NSO,Régions,1356,Délégation de Bou Mhel El Bassatine
RDS_DICT_REGIONS_NSO,Régions,27681669,Bou Mhel
RDS_DICT_REGIONS_NSO,Régions,27681679,El Bassatine
RDS_DICT_REGIONS_NSO,Régions,27681689,Chêla
RDS_DICT_REGIONS_NSO,Régions,27681699,El Bassatine El Gharbya
RDS_DICT_REGIONS_NSO,Régions,1357,Délégation de Ezzahra
RDS_DICT_REGIONS_NSO,Régions,27681709,Ez-Zahra Ville
RDS_DICT_REGIONS_NSO,Régions,27681719,Cité El Habib
RDS_DICT_REGIONS_NSO,Régions,27681729,18-janv.
RDS_DICT_REGIONS_NSO,Régions,27681739,Borj El Louzir
RDS_DICT_REGIONS_NSO,Régions,1358,Délégation de Radès
RDS_DICT_REGIONS_NSO,Régions,27681749,Rades Ville
RDS_DICT_REGIONS_NSO,Régions,27681759,Rades Mellaha
RDS_DICT_REGIONS_NSO,Régions,27681769,Taieb Mehiri
RDS_DICT_REGIONS_NSO,Régions,27681779,Rades Remada
RDS_DICT_REGIONS_NSO,Régions,27681789,Mongi Slim
RDS_DICT_REGIONS_NSO,Régions,27681799,Rades Foret
RDS_DICT_REGIONS_NSO,Régions,27681809,Rades Meliane
RDS_DICT_REGIONS_NSO,Régions,27681819,Noubou
RDS_DICT_REGIONS_NSO,Régions,1359,Délégation de Megrine
RDS_DICT_REGIONS_NSO,Régions,27681829,Megrine Superieure
RDS_DICT_REGIONS_NSO,Régions,27681839,Megrine Riadh
RDS_DICT_REGIONS_NSO,Régions,27681849,Jawhara
RDS_DICT_REGIONS_NSO,Régions,27681859,Menzel Mabrouk
RDS_DICT_REGIONS_NSO,Régions,27681869,Megrine Chaker
RDS_DICT_REGIONS_NSO,Régions,27681879,Megrine Chaker(2)
RDS_DICT_REGIONS_NSO,Régions,27681889,Sidi Rezig
RDS_DICT_REGIONS_NSO,Régions,27681899,Sidi Rezig (2)
RDS_DICT_REGIONS_NSO,Régions,1360,Délégation de Mohamedia
RDS_DICT_REGIONS_NSO,Régions,27681909,Mohamedia
RDS_DICT_REGIONS_NSO,Régions,27681919,Mongi Selim
RDS_DICT_REGIONS_NSO,Régions,27681929,Cité Es-Saada
RDS_DICT_REGIONS_NSO,Régions,27681939,Cité El Nassim
RDS_DICT_REGIONS_NSO,Régions,27681949,Sidi Frej
RDS_DICT_REGIONS_NSO,Régions,1361,Délégation de Fouchana
RDS_DICT_REGIONS_NSO,Régions,27681959,Fouchana
RDS_DICT_REGIONS_NSO,Régions,27681969,Cité El Mostakbel
RDS_DICT_REGIONS_NSO,Régions,27681979,El Hidhab
RDS_DICT_REGIONS_NSO,Régions,27681989,El Moghira
RDS_DICT_REGIONS_NSO,Régions,27681999,Nâassen
RDS_DICT_REGIONS_NSO,Régions,27682009,Chebeda
RDS_DICT_REGIONS_NSO,Régions,27682019,Douar ElHouch
RDS_DICT_REGIONS_NSO,Régions,1362,Délégation de Mornag
RDS_DICT_REGIONS_NSO,Régions,27682029,Mornag
RDS_DICT_REGIONS_NSO,Régions,27682039,Mornag Ouest
RDS_DICT_REGIONS_NSO,Régions,27682049,Khelidia
RDS_DICT_REGIONS_NSO,Régions,27682059,Ez-Zaouia
RDS_DICT_REGIONS_NSO,Régions,27682069,Djebel Ressas
RDS_DICT_REGIONS_NSO,Régions,27682079,Sidi Salem El Garsi
RDS_DICT_REGIONS_NSO,Régions,27682089,Kabouti
RDS_DICT_REGIONS_NSO,Régions,27682099,Ain Rekad
RDS_DICT_REGIONS_NSO,Régions,27682109,El Gounna
RDS_DICT_REGIONS_NSO,Régions,27682119,Sidi Saad
RDS_DICT_REGIONS_NSO,Régions,27682129,Essalem
RDS_DICT_REGIONS_NSO,Régions,27682139,Errisala
RDS_DICT_REGIONS_NSO,Régions,27682149,Oudna
RDS_DICT_REGIONS_NSO,Régions,27682159,El Kessibi
RDS_DICT_REGIONS_NSO,Régions,14,Gouvernorat de Manouba
RDS_DICT_REGIONS_NSO,Régions,1451,Délégation de Mannouba
RDS_DICT_REGIONS_NSO,Régions,27682169,Manouba
RDS_DICT_REGIONS_NSO,Régions,27682179,Manouba Centre
RDS_DICT_REGIONS_NSO,Régions,27682189,Sidi Amor
RDS_DICT_REGIONS_NSO,Régions,27682199,Den- Den
RDS_DICT_REGIONS_NSO,Régions,27682209,Ksar - Said
RDS_DICT_REGIONS_NSO,Régions,27682219,Den - Den Sud
RDS_DICT_REGIONS_NSO,Régions,1452,Délégation de Douar Hicher
RDS_DICT_REGIONS_NSO,Régions,27682229,Douar Hicher
RDS_DICT_REGIONS_NSO,Régions,27682239,Khaled Ibn El Oualid
RDS_DICT_REGIONS_NSO,Régions,27682249,Cité Er- Riadh
RDS_DICT_REGIONS_NSO,Régions,27682259,Cité Ennassim
RDS_DICT_REGIONS_NSO,Régions,27682269,Cité Ech - Chabeb
RDS_DICT_REGIONS_NSO,Régions,1453,Délégation de Oued Ellil
RDS_DICT_REGIONS_NSO,Régions,27682279,Oued Ellil
RDS_DICT_REGIONS_NSO,Régions,27682289,Es Saida
RDS_DICT_REGIONS_NSO,Régions,27682299,Er Riadh
RDS_DICT_REGIONS_NSO,Régions,27682309,Cité El Ouerd
RDS_DICT_REGIONS_NSO,Régions,27682319,Ennajet
RDS_DICT_REGIONS_NSO,Régions,27682329,Sanhaja
RDS_DICT_REGIONS_NSO,Régions,27682339,El Kobbâa
RDS_DICT_REGIONS_NSO,Régions,1454,Délégation de Mornaguia
RDS_DICT_REGIONS_NSO,Régions,27682349,Mornaguia
RDS_DICT_REGIONS_NSO,Régions,27682359,20-mars
RDS_DICT_REGIONS_NSO,Régions,27682369,Bouragba
RDS_DICT_REGIONS_NSO,Régions,27682379,El Fejja
RDS_DICT_REGIONS_NSO,Régions,27682389,Sidi Ali El Hattab
RDS_DICT_REGIONS_NSO,Régions,27682399,HmaÏem
RDS_DICT_REGIONS_NSO,Régions,27682409,El Bassatine
RDS_DICT_REGIONS_NSO,Régions,27682419,Mornaguia Nord
RDS_DICT_REGIONS_NSO,Régions,1455,Délégation de Borj Amri
RDS_DICT_REGIONS_NSO,Régions,27682429,Borj El Amri
RDS_DICT_REGIONS_NSO,Régions,27682439,Menzel Habib
RDS_DICT_REGIONS_NSO,Régions,27682449,Borj Ennour
RDS_DICT_REGIONS_NSO,Régions,27682459,El Moussadine
RDS_DICT_REGIONS_NSO,Régions,1456,Délégation de Djedeida
RDS_DICT_REGIONS_NSO,Régions,27682469,Djedaïda
RDS_DICT_REGIONS_NSO,Régions,27682479,Djedaïda Hached
RDS_DICT_REGIONS_NSO,Régions,27682489,Chaouat
RDS_DICT_REGIONS_NSO,Régions,27682499,El Mansoura
RDS_DICT_REGIONS_NSO,Régions,27682509,Ez - Zahra
RDS_DICT_REGIONS_NSO,Régions,27682519,El Habibia
RDS_DICT_REGIONS_NSO,Régions,1457,Délégation de Tebourba
RDS_DICT_REGIONS_NSO,Régions,27682529,Tebourba
RDS_DICT_REGIONS_NSO,Régions,27682539,El Ansarine
RDS_DICT_REGIONS_NSO,Régions,27682549,Edkhila
RDS_DICT_REGIONS_NSO,Régions,27682559,El Mellaha
RDS_DICT_REGIONS_NSO,Régions,27682569,Banlieue de Tebourba
RDS_DICT_REGIONS_NSO,Régions,27682579,Er - Raja
RDS_DICT_REGIONS_NSO,Régions,27682589,Ech - Chouigui
RDS_DICT_REGIONS_NSO,Régions,1458,Délégation de El Battane
RDS_DICT_REGIONS_NSO,Régions,27682599,El Battane
RDS_DICT_REGIONS_NSO,Régions,27682609,Borj Ettoumi
RDS_DICT_REGIONS_NSO,Régions,27682619,Mehrine
RDS_DICT_REGIONS_NSO,Régions,27682629,El Aroussia
RDS_DICT_REGIONS_NSO,Régions,15,Gouvernorat de Nabeul
RDS_DICT_REGIONS_NSO,Régions,1551,Délégation de Nabeul
RDS_DICT_REGIONS_NSO,Régions,27682639,El Asouak
RDS_DICT_REGIONS_NSO,Régions,27682649,Ennour
RDS_DICT_REGIONS_NSO,Régions,27682659,Bir Challouf
RDS_DICT_REGIONS_NSO,Régions,27682669,Niapolis
RDS_DICT_REGIONS_NSO,Régions,27682679,El Hadayek
RDS_DICT_REGIONS_NSO,Régions,27682689,Hedi Chaker
RDS_DICT_REGIONS_NSO,Régions,1552,Délégation de Dar Châabane El Fehri
RDS_DICT_REGIONS_NSO,Régions,27682699,Dar Châabane
RDS_DICT_REGIONS_NSO,Régions,27682709,El Fehri
RDS_DICT_REGIONS_NSO,Régions,27682719,El Frinine
RDS_DICT_REGIONS_NSO,Régions,27682729,Amroun
RDS_DICT_REGIONS_NSO,Régions,1553,Délégation de Beni khiar
RDS_DICT_REGIONS_NSO,Régions,27682739,Beni Khiar
RDS_DICT_REGIONS_NSO,Régions,27682749,Diar Ben Salem
RDS_DICT_REGIONS_NSO,Régions,27682759,El Mâamoura
RDS_DICT_REGIONS_NSO,Régions,27682769,Somâa
RDS_DICT_REGIONS_NSO,Régions,27682779,Halfa
RDS_DICT_REGIONS_NSO,Régions,1554,Délégation de Korba
RDS_DICT_REGIONS_NSO,Régions,27682789,Beni Ayache
RDS_DICT_REGIONS_NSO,Régions,27682799,Garâet Sassi
RDS_DICT_REGIONS_NSO,Régions,27682809,Diar El Hojaj
RDS_DICT_REGIONS_NSO,Régions,27682819,Korba Est
RDS_DICT_REGIONS_NSO,Régions,27682829,Korba Ouest
RDS_DICT_REGIONS_NSO,Régions,27682839,Tazerka
RDS_DICT_REGIONS_NSO,Régions,27682849,Bou - Jerida
RDS_DICT_REGIONS_NSO,Régions,27682859,Boulidine
RDS_DICT_REGIONS_NSO,Régions,1555,Délégation de Menzel Temime
RDS_DICT_REGIONS_NSO,Régions,27682869,El Ouediane
RDS_DICT_REGIONS_NSO,Régions,27682879,Erâinine
RDS_DICT_REGIONS_NSO,Régions,27682889,Beni-Abdelaziz
RDS_DICT_REGIONS_NSO,Régions,27682899,Skalba
RDS_DICT_REGIONS_NSO,Régions,27682909,Ali Belhaouene
RDS_DICT_REGIONS_NSO,Régions,27682919,Taieb Mehiri
RDS_DICT_REGIONS_NSO,Régions,27682929,Menzel Horr
RDS_DICT_REGIONS_NSO,Régions,27682939,El Asfour
RDS_DICT_REGIONS_NSO,Régions,27682949,Lezdine
RDS_DICT_REGIONS_NSO,Régions,1556,Délégation de El Mida
RDS_DICT_REGIONS_NSO,Régions,27682959,Tafelloum
RDS_DICT_REGIONS_NSO,Régions,27682969,El Mida
RDS_DICT_REGIONS_NSO,Régions,27682979,Fartouna
RDS_DICT_REGIONS_NSO,Régions,27682989,Oum Dhouil
RDS_DICT_REGIONS_NSO,Régions,27682999,Lebna
RDS_DICT_REGIONS_NSO,Régions,27683009,Korchine
RDS_DICT_REGIONS_NSO,Régions,1557,Délégation de Kelibia
RDS_DICT_REGIONS_NSO,Régions,27683019,Oued EL Khatf
RDS_DICT_REGIONS_NSO,Régions,27683029,Melloul
RDS_DICT_REGIONS_NSO,Régions,27683039,Azmour
RDS_DICT_REGIONS_NSO,Régions,27683049,Kelibia Est
RDS_DICT_REGIONS_NSO,Régions,27683059,Kelibia Ouest
RDS_DICT_REGIONS_NSO,Régions,1558,Délégation de Hammam El Guezaz
RDS_DICT_REGIONS_NSO,Régions,27683069,Hammam El guezaz
RDS_DICT_REGIONS_NSO,Régions,27683079,Dar Allouch
RDS_DICT_REGIONS_NSO,Régions,27683089,Harat Ech- Choara
RDS_DICT_REGIONS_NSO,Régions,27683099,Ouezdra
RDS_DICT_REGIONS_NSO,Régions,1559,Délégation de El Haouaria
RDS_DICT_REGIONS_NSO,Régions,27683109,El Haouaria Nord
RDS_DICT_REGIONS_NSO,Régions,27683119,El Haouaria Sud
RDS_DICT_REGIONS_NSO,Régions,27683129,Saheb El Jebel Nord
RDS_DICT_REGIONS_NSO,Régions,27683139,Saheb El Jebel Sud
RDS_DICT_REGIONS_NSO,Régions,27683149,Bou Krim
RDS_DICT_REGIONS_NSO,Régions,27683159,Tazaghrane Est
RDS_DICT_REGIONS_NSO,Régions,27683169,Tazaghrane Ouest
RDS_DICT_REGIONS_NSO,Régions,27683179,Zaouiet El Megaiez
RDS_DICT_REGIONS_NSO,Régions,1560,Délégation de Takelsa
RDS_DICT_REGIONS_NSO,Régions,27683189,Oued El Abid
RDS_DICT_REGIONS_NSO,Régions,27683199,Bir Ezzit
RDS_DICT_REGIONS_NSO,Régions,27683209,El Arima
RDS_DICT_REGIONS_NSO,Régions,27683219,Takelsa Nord
RDS_DICT_REGIONS_NSO,Régions,27683229,Takelsa Centre
RDS_DICT_REGIONS_NSO,Régions,1561,Délégation de Soliman
RDS_DICT_REGIONS_NSO,Régions,27683239,El Mraissa
RDS_DICT_REGIONS_NSO,Régions,27683249,ECH-Cherifet
RDS_DICT_REGIONS_NSO,Régions,27683259,Bou Charray
RDS_DICT_REGIONS_NSO,Régions,27683269,Soliman
RDS_DICT_REGIONS_NSO,Régions,27683279,Soliman Sud
RDS_DICT_REGIONS_NSO,Régions,1562,Délégation de Menzel Bouzelfa
RDS_DICT_REGIONS_NSO,Régions,27683289,Damous El Hajja
RDS_DICT_REGIONS_NSO,Régions,27683299,Errahma
RDS_DICT_REGIONS_NSO,Régions,27683309,Menzel Bou Zelfa Nord
RDS_DICT_REGIONS_NSO,Régions,27683319,Menzel Bou Zelfa Sud
RDS_DICT_REGIONS_NSO,Régions,27683329,Menzel Bou Zelfa Ouest
RDS_DICT_REGIONS_NSO,Régions,1563,Délégation de Beni Khalled
RDS_DICT_REGIONS_NSO,Régions,27683339,Beni Khalled Nord
RDS_DICT_REGIONS_NSO,Régions,27683349,Beni Khalled Sud (Toumi)
RDS_DICT_REGIONS_NSO,Régions,27683359,Zaouiet Djedidi
RDS_DICT_REGIONS_NSO,Régions,27683369,Kobba El Kebira
RDS_DICT_REGIONS_NSO,Régions,27683379,Bir Drassen
RDS_DICT_REGIONS_NSO,Régions,27683389,Bni Khaled Echarkya
RDS_DICT_REGIONS_NSO,Régions,1564,Délégation de Grombalia
RDS_DICT_REGIONS_NSO,Régions,27683399,Fondouk Djedid
RDS_DICT_REGIONS_NSO,Régions,27683409,Chammes
RDS_DICT_REGIONS_NSO,Régions,27683419,Nianou
RDS_DICT_REGIONS_NSO,Régions,27683429,Turki
RDS_DICT_REGIONS_NSO,Régions,27683439,Khanguet EL Hojjej
RDS_DICT_REGIONS_NSO,Régions,27683449,Grombalia Est
RDS_DICT_REGIONS_NSO,Régions,27683459,Grombalia Ouest
RDS_DICT_REGIONS_NSO,Régions,27683469,Djebel Terif
RDS_DICT_REGIONS_NSO,Régions,27683479,Aïn Tebournouk
RDS_DICT_REGIONS_NSO,Régions,1565,Délégation de Bou Argoub
RDS_DICT_REGIONS_NSO,Régions,27683489,Sidi Dhaher
RDS_DICT_REGIONS_NSO,Régions,27683499,El Machrouha
RDS_DICT_REGIONS_NSO,Régions,27683509,Borj Hefaied
RDS_DICT_REGIONS_NSO,Régions,27683519,Bou Argoub Nord
RDS_DICT_REGIONS_NSO,Régions,27683529,Bou Argoub Sud
RDS_DICT_REGIONS_NSO,Régions,27683539,Belli
RDS_DICT_REGIONS_NSO,Régions,27683549,El Kharrouba
RDS_DICT_REGIONS_NSO,Régions,1566,Délégation de Hammamet
RDS_DICT_REGIONS_NSO,Régions,27683559,Sidi Djedidi
RDS_DICT_REGIONS_NSO,Régions,27683569,Latrach
RDS_DICT_REGIONS_NSO,Régions,27683579,Bir Bou Regba
RDS_DICT_REGIONS_NSO,Régions,27683589,Baraket Es-Sahel
RDS_DICT_REGIONS_NSO,Régions,27683599,Hammamet Nord
RDS_DICT_REGIONS_NSO,Régions,27683609,Hammamet Est
RDS_DICT_REGIONS_NSO,Régions,27683619,Hammamet Ouest
RDS_DICT_REGIONS_NSO,Régions,27683629,Mrezga
RDS_DICT_REGIONS_NSO,Régions,27683639,Yasmin hammamet
RDS_DICT_REGIONS_NSO,Régions,16,Gouvernorat de Zaghouan
RDS_DICT_REGIONS_NSO,Régions,1651,Délégation de Zaghouan
RDS_DICT_REGIONS_NSO,Régions,27683649,Zaghouan Ville
RDS_DICT_REGIONS_NSO,Régions,27683659,Zaghouan Nord
RDS_DICT_REGIONS_NSO,Régions,27683669,Zaghouan Sud
RDS_DICT_REGIONS_NSO,Régions,27683679,Bir Halima
RDS_DICT_REGIONS_NSO,Régions,27683689,Mograne
RDS_DICT_REGIONS_NSO,Régions,27683699,Jimla
RDS_DICT_REGIONS_NSO,Régions,27683709,El Aïtha
RDS_DICT_REGIONS_NSO,Régions,27683719,Oued Erremel
RDS_DICT_REGIONS_NSO,Régions,27683729,Oued Ezzit
RDS_DICT_REGIONS_NSO,Régions,1652,Délégation de Ez-Zeriba
RDS_DICT_REGIONS_NSO,Régions,27683739,El Jouf Est
RDS_DICT_REGIONS_NSO,Régions,27683749,El Jouf Ouest
RDS_DICT_REGIONS_NSO,Régions,27683759,Ez-Zeriba Hammam Sud
RDS_DICT_REGIONS_NSO,Régions,27683769,Ez-Zriba Hammam Nord
RDS_DICT_REGIONS_NSO,Régions,27683779,Ez-Zeriba Village
RDS_DICT_REGIONS_NSO,Régions,27683789,Bou Achir
RDS_DICT_REGIONS_NSO,Régions,27683799,Jeradou
RDS_DICT_REGIONS_NSO,Régions,27683809,Aïn El Batria
RDS_DICT_REGIONS_NSO,Régions,1653,Délégation de Bir Mchergua
RDS_DICT_REGIONS_NSO,Régions,27683819,Bir M'chergua
RDS_DICT_REGIONS_NSO,Régions,27683829,Bir M'chergua Gare
RDS_DICT_REGIONS_NSO,Régions,27683839,Daleïl El Arous
RDS_DICT_REGIONS_NSO,Régions,27683849,Smenja
RDS_DICT_REGIONS_NSO,Régions,27683859,jebel Oust
RDS_DICT_REGIONS_NSO,Régions,27683869,Aïn Essafsaf
RDS_DICT_REGIONS_NSO,Régions,27683879,Boucha
RDS_DICT_REGIONS_NSO,Régions,27683889,Aïn Asker
RDS_DICT_REGIONS_NSO,Régions,1654,Délégation de El Fahs
RDS_DICT_REGIONS_NSO,Régions,27683899,Banlieu D'el Fahs
RDS_DICT_REGIONS_NSO,Régions,27683909,Jouguar
RDS_DICT_REGIONS_NSO,Régions,27683919,Bir Magra
RDS_DICT_REGIONS_NSO,Régions,27683929,Oum El Abouab
RDS_DICT_REGIONS_NSO,Régions,27683939,Ouled Ezzouabi
RDS_DICT_REGIONS_NSO,Régions,27683949,El Fahs
RDS_DICT_REGIONS_NSO,Régions,27683959,Ed-Droua
RDS_DICT_REGIONS_NSO,Régions,27683969,El Ghrifet
RDS_DICT_REGIONS_NSO,Régions,27683979,Bent Saïdane
RDS_DICT_REGIONS_NSO,Régions,27683989,El Amiem Nord
RDS_DICT_REGIONS_NSO,Régions,27683999,El Amiem Sud
RDS_DICT_REGIONS_NSO,Régions,27684009,Oued El Khadhra
RDS_DICT_REGIONS_NSO,Régions,27684019,Telil Essalhi
RDS_DICT_REGIONS_NSO,Régions,1655,Délégation de En-Nadhour
RDS_DICT_REGIONS_NSO,Régions,27684029,En Nadhour
RDS_DICT_REGIONS_NSO,Régions,27684039,Aïn El Batthoum
RDS_DICT_REGIONS_NSO,Régions,27684049,Saouar
RDS_DICT_REGIONS_NSO,Régions,27684059,Bir Chaouch
RDS_DICT_REGIONS_NSO,Régions,27684069,Sougas
RDS_DICT_REGIONS_NSO,Régions,1656,Délégation de Saouaf
RDS_DICT_REGIONS_NSO,Régions,27684079,Saouef Est
RDS_DICT_REGIONS_NSO,Régions,27684089,Saouef Ouest
RDS_DICT_REGIONS_NSO,Régions,27684099,El Hamira
RDS_DICT_REGIONS_NSO,Régions,27684109,Deghafla Est
RDS_DICT_REGIONS_NSO,Régions,27684119,Deghafla Ouest
RDS_DICT_REGIONS_NSO,Régions,17,Gouvernorat de Bizerte
RDS_DICT_REGIONS_NSO,Régions,1751,Délégation de Bizerte Nord
RDS_DICT_REGIONS_NSO,Régions,27684129,Hassen Nouri
RDS_DICT_REGIONS_NSO,Régions,27684139,Habib Bouguatfa
RDS_DICT_REGIONS_NSO,Régions,27684149,El Korniche
RDS_DICT_REGIONS_NSO,Régions,27684159,La Medina
RDS_DICT_REGIONS_NSO,Régions,27684169,Cheik Driss
RDS_DICT_REGIONS_NSO,Régions,27684179,EL Canal
RDS_DICT_REGIONS_NSO,Régions,27684189,Bou Baker Bakir
RDS_DICT_REGIONS_NSO,Régions,27684199,Aïn Mariam
RDS_DICT_REGIONS_NSO,Régions,27684209,Habib Haddad
RDS_DICT_REGIONS_NSO,Régions,27684219,El Môtamar
RDS_DICT_REGIONS_NSO,Régions,27684229,El Hana
RDS_DICT_REGIONS_NSO,Régions,27684239,15-oct.
RDS_DICT_REGIONS_NSO,Régions,27684249,L'ile de la Gualite
RDS_DICT_REGIONS_NSO,Régions,1752,Délégation de Zarzouna
RDS_DICT_REGIONS_NSO,Régions,27684259,Zarzouna Ouest
RDS_DICT_REGIONS_NSO,Régions,27684269,Zarzouna Est
RDS_DICT_REGIONS_NSO,Régions,27684279,Zarzouna Nord
RDS_DICT_REGIONS_NSO,Régions,27684289,Zarzouna Sud
RDS_DICT_REGIONS_NSO,Régions,1753,Délégation de Bizerte Sud
RDS_DICT_REGIONS_NSO,Régions,27684299,Teskraia
RDS_DICT_REGIONS_NSO,Régions,27684309,Farhat Hached
RDS_DICT_REGIONS_NSO,Régions,27684319,Marnissa
RDS_DICT_REGIONS_NSO,Régions,27684329,Hicher
RDS_DICT_REGIONS_NSO,Régions,27684339,Sidi Ameur
RDS_DICT_REGIONS_NSO,Régions,27684349,Louata
RDS_DICT_REGIONS_NSO,Régions,27684359,Bab Mateur
RDS_DICT_REGIONS_NSO,Régions,27684369,Cité El Jala
RDS_DICT_REGIONS_NSO,Régions,27684379,El Massida
RDS_DICT_REGIONS_NSO,Régions,27684389,Sidi Ahmed
RDS_DICT_REGIONS_NSO,Régions,1754,Délégation de Sedjnane
RDS_DICT_REGIONS_NSO,Régions,27684399,Sedjnane
RDS_DICT_REGIONS_NSO,Régions,27684409,EL Mâalia
RDS_DICT_REGIONS_NSO,Régions,27684419,El Ababssa
RDS_DICT_REGIONS_NSO,Régions,27684429,El Hachachna
RDS_DICT_REGIONS_NSO,Régions,27684439,Sehabna
RDS_DICT_REGIONS_NSO,Régions,27684449,Sidi Mechrek
RDS_DICT_REGIONS_NSO,Régions,27684459,Amaden
RDS_DICT_REGIONS_NSO,Régions,27684469,Mechargua
RDS_DICT_REGIONS_NSO,Régions,1755,Délégation de Djoumine
RDS_DICT_REGIONS_NSO,Régions,27684479,Ouled Ghanem
RDS_DICT_REGIONS_NSO,Régions,27684489,Essemman
RDS_DICT_REGIONS_NSO,Régions,27684499,Chenana
RDS_DICT_REGIONS_NSO,Régions,27684509,Tahent
RDS_DICT_REGIONS_NSO,Régions,27684519,Kef Ghrab
RDS_DICT_REGIONS_NSO,Régions,27684529,Berraies
RDS_DICT_REGIONS_NSO,Régions,27684539,Touajnia
RDS_DICT_REGIONS_NSO,Régions,27684549,Bazina
RDS_DICT_REGIONS_NSO,Régions,27684559,Rouaha
RDS_DICT_REGIONS_NSO,Régions,1756,Délégation de Mateur
RDS_DICT_REGIONS_NSO,Régions,27684569,Mateur
RDS_DICT_REGIONS_NSO,Régions,27684579,Banlieue De Mateur
RDS_DICT_REGIONS_NSO,Régions,27684589,Mateur Sud
RDS_DICT_REGIONS_NSO,Régions,27684599,Cité En Nasr
RDS_DICT_REGIONS_NSO,Régions,27684609,Nefat
RDS_DICT_REGIONS_NSO,Régions,27684619,Cité Essadaka
RDS_DICT_REGIONS_NSO,Régions,27684629,Targuellache
RDS_DICT_REGIONS_NSO,Régions,27684639,Arab Majour
RDS_DICT_REGIONS_NSO,Régions,27684649,Behaya
RDS_DICT_REGIONS_NSO,Régions,27684659,Boumkhila
RDS_DICT_REGIONS_NSO,Régions,1757,Délégation de Ghezala
RDS_DICT_REGIONS_NSO,Régions,27684669,Ghezala
RDS_DICT_REGIONS_NSO,Régions,27684679,El Arab
RDS_DICT_REGIONS_NSO,Régions,27684689,Dheouaouda
RDS_DICT_REGIONS_NSO,Régions,27684699,Hached
RDS_DICT_REGIONS_NSO,Régions,27684709,Ouled El May
RDS_DICT_REGIONS_NSO,Régions,27684719,Sidi Aïssa
RDS_DICT_REGIONS_NSO,Régions,27684729,Rakb
RDS_DICT_REGIONS_NSO,Régions,27684739,Bou Jerir
RDS_DICT_REGIONS_NSO,Régions,27684749,Sidi Mansour
RDS_DICT_REGIONS_NSO,Régions,1758,Délégation de Menzel Bourguiba
RDS_DICT_REGIONS_NSO,Régions,27684759,En-Najah (1)
RDS_DICT_REGIONS_NSO,Régions,27684769,Gabtna (1)
RDS_DICT_REGIONS_NSO,Régions,27684779,Gabtna (2)
RDS_DICT_REGIONS_NSO,Régions,27684789,Cite Etthaoura
RDS_DICT_REGIONS_NSO,Régions,27684799,En -Najah (2)
RDS_DICT_REGIONS_NSO,Régions,27684809,El Medina
RDS_DICT_REGIONS_NSO,Régions,27684819,Chelagmia
RDS_DICT_REGIONS_NSO,Régions,27684829,Cite Jardins
RDS_DICT_REGIONS_NSO,Régions,1759,Délégation de Tinja
RDS_DICT_REGIONS_NSO,Régions,27684839,Tinja
RDS_DICT_REGIONS_NSO,Régions,27684849,Guengla
RDS_DICT_REGIONS_NSO,Régions,27684859,Ez-Zarour
RDS_DICT_REGIONS_NSO,Régions,1760,Délégation de Utique
RDS_DICT_REGIONS_NSO,Régions,27684869,Utique
RDS_DICT_REGIONS_NSO,Régions,27684879,Nouvelle Utique
RDS_DICT_REGIONS_NSO,Régions,27684889,Besbassia
RDS_DICT_REGIONS_NSO,Régions,27684899,El Houidh
RDS_DICT_REGIONS_NSO,Régions,27684909,EL Mabtouh
RDS_DICT_REGIONS_NSO,Régions,27684919,Aïn Ghelal
RDS_DICT_REGIONS_NSO,Régions,27684929,Sidi Othman
RDS_DICT_REGIONS_NSO,Régions,27684939,Bach Hamba
RDS_DICT_REGIONS_NSO,Régions,1761,Délégation de Ghar El Meleh
RDS_DICT_REGIONS_NSO,Régions,27684949,Ghar El Meleh
RDS_DICT_REGIONS_NSO,Régions,27684959,Bajou
RDS_DICT_REGIONS_NSO,Régions,27684969,Ousja
RDS_DICT_REGIONS_NSO,Régions,27684979,Zouaouine
RDS_DICT_REGIONS_NSO,Régions,1762,Délégation de Menzel Djemil
RDS_DICT_REGIONS_NSO,Régions,27684989,Menzel Djemil Est
RDS_DICT_REGIONS_NSO,Régions,27684999,Menzel Djemil Ouest
RDS_DICT_REGIONS_NSO,Régions,27685009,Menzel Abderrahmen Est
RDS_DICT_REGIONS_NSO,Régions,27685019,Menzel Abderrahmen Ouest
RDS_DICT_REGIONS_NSO,Régions,27685029,El Azib
RDS_DICT_REGIONS_NSO,Régions,1763,Délégation de El Alia
RDS_DICT_REGIONS_NSO,Régions,27685039,Sidi Ali Chabab
RDS_DICT_REGIONS_NSO,Régions,27685049,El Alia Nord
RDS_DICT_REGIONS_NSO,Régions,27685059,El Alia Sud
RDS_DICT_REGIONS_NSO,Régions,27685069,El Khetmine
RDS_DICT_REGIONS_NSO,Régions,1764,Délégation de Ras Djebel
RDS_DICT_REGIONS_NSO,Régions,27685079,Ras El Djebel Nord
RDS_DICT_REGIONS_NSO,Régions,27685089,Ras El Djebel Sud
RDS_DICT_REGIONS_NSO,Régions,27685099,Metline
RDS_DICT_REGIONS_NSO,Régions,27685109,Metline Ouest
RDS_DICT_REGIONS_NSO,Régions,27685119,Sounine
RDS_DICT_REGIONS_NSO,Régions,27685129,Rafraf
RDS_DICT_REGIONS_NSO,Régions,27685139,El Garia
RDS_DICT_REGIONS_NSO,Régions,2,Nord Ouest
RDS_DICT_REGIONS_NSO,Régions,21,Gouvernorat de Bèja
RDS_DICT_REGIONS_NSO,Régions,2151,Délégation de Béja Nord
RDS_DICT_REGIONS_NSO,Régions,27685149,Béja
RDS_DICT_REGIONS_NSO,Régions,27685159,El Mzara
RDS_DICT_REGIONS_NSO,Régions,27685169,Ksar Bardo
RDS_DICT_REGIONS_NSO,Régions,27685179,Zouabi
RDS_DICT_REGIONS_NSO,Régions,27685189,El Manar
RDS_DICT_REGIONS_NSO,Régions,27685199,El Kasba
RDS_DICT_REGIONS_NSO,Régions,27685209,Azra
RDS_DICT_REGIONS_NSO,Régions,27685219,El Ghriria
RDS_DICT_REGIONS_NSO,Régions,27685229,El Mounchar
RDS_DICT_REGIONS_NSO,Régions,27685239,Ksar Mezouar
RDS_DICT_REGIONS_NSO,Régions,27685249,Bou Hzam
RDS_DICT_REGIONS_NSO,Régions,27685259,En-Nakachia
RDS_DICT_REGIONS_NSO,Régions,27685269,El Ghraba
RDS_DICT_REGIONS_NSO,Régions,27685279,Aïn Soltane
RDS_DICT_REGIONS_NSO,Régions,2152,Délégation de Béja Sud
RDS_DICT_REGIONS_NSO,Régions,27685289,Sidi Fredj
RDS_DICT_REGIONS_NSO,Régions,27685299,EL Haouari
RDS_DICT_REGIONS_NSO,Régions,27685309,El Mâagoula
RDS_DICT_REGIONS_NSO,Régions,27685319,Hammam Siala
RDS_DICT_REGIONS_NSO,Régions,27685329,Sidi Smaîl
RDS_DICT_REGIONS_NSO,Régions,27685339,Mekhachbia
RDS_DICT_REGIONS_NSO,Régions,27685349,Sidi Es-Shili
RDS_DICT_REGIONS_NSO,Régions,27685359,Zouagha
RDS_DICT_REGIONS_NSO,Régions,27685369,Mestouta
RDS_DICT_REGIONS_NSO,Régions,2153,Délégation de Amdoun
RDS_DICT_REGIONS_NSO,Régions,27685379,Zahret Medien
RDS_DICT_REGIONS_NSO,Régions,27685389,Zahret Medien Sud
RDS_DICT_REGIONS_NSO,Régions,27685399,El Fraîjia
RDS_DICT_REGIONS_NSO,Régions,27685409,El Ghorfa
RDS_DICT_REGIONS_NSO,Régions,27685419,Romadhnia
RDS_DICT_REGIONS_NSO,Régions,27685429,Maghraoua
RDS_DICT_REGIONS_NSO,Régions,27685439,Sabah
RDS_DICT_REGIONS_NSO,Régions,27685449,El Mejaless
RDS_DICT_REGIONS_NSO,Régions,27685459,El Hamra
RDS_DICT_REGIONS_NSO,Régions,27685469,Ghazia
RDS_DICT_REGIONS_NSO,Régions,27685479,Malek
RDS_DICT_REGIONS_NSO,Régions,27685489,Tarhouni
RDS_DICT_REGIONS_NSO,Régions,27685499,El Goussa
RDS_DICT_REGIONS_NSO,Régions,27685509,El Djouza
RDS_DICT_REGIONS_NSO,Régions,2154,Délégation de Nefza
RDS_DICT_REGIONS_NSO,Régions,27685519,Nefza Est
RDS_DICT_REGIONS_NSO,Régions,27685529,Nefza Ouest
RDS_DICT_REGIONS_NSO,Régions,27685539,Ouachtata
RDS_DICT_REGIONS_NSO,Régions,27685549,Kap Négro
RDS_DICT_REGIONS_NSO,Régions,27685559,Ezzouarâa
RDS_DICT_REGIONS_NSO,Régions,27685569,Bou-Zenna
RDS_DICT_REGIONS_NSO,Régions,27685579,Maktâa Hadid
RDS_DICT_REGIONS_NSO,Régions,27685589,Bellif
RDS_DICT_REGIONS_NSO,Régions,27685599,Djebel Ediss
RDS_DICT_REGIONS_NSO,Régions,27685609,Fatnassa
RDS_DICT_REGIONS_NSO,Régions,27685619,Ghayadha
RDS_DICT_REGIONS_NSO,Régions,27685629,Zaga
RDS_DICT_REGIONS_NSO,Régions,27685639,Tebaba
RDS_DICT_REGIONS_NSO,Régions,27685649,Oued El Mâaden
RDS_DICT_REGIONS_NSO,Régions,27685659,Djamila
RDS_DICT_REGIONS_NSO,Régions,27685669,Dehiret
RDS_DICT_REGIONS_NSO,Régions,2155,Délégation de Teboursouk
RDS_DICT_REGIONS_NSO,Régions,27685679,Teboursouk Ville
RDS_DICT_REGIONS_NSO,Régions,27685689,Aïn El Karma
RDS_DICT_REGIONS_NSO,Régions,27685699,El Menchia
RDS_DICT_REGIONS_NSO,Régions,27685709,Dougga
RDS_DICT_REGIONS_NSO,Régions,27685719,Rihana
RDS_DICT_REGIONS_NSO,Régions,27685729,Aïn El Melliti
RDS_DICT_REGIONS_NSO,Régions,27685739,Fadden Es-Souk
RDS_DICT_REGIONS_NSO,Régions,27685749,Aïn El Hammam
RDS_DICT_REGIONS_NSO,Régions,27685759,Aïn Djammala
RDS_DICT_REGIONS_NSO,Régions,27685769,Bir Ettouta
RDS_DICT_REGIONS_NSO,Régions,2156,Délégation de Tibar
RDS_DICT_REGIONS_NSO,Régions,27685779,Tibar
RDS_DICT_REGIONS_NSO,Régions,27685789,Djebba
RDS_DICT_REGIONS_NSO,Régions,27685799,Aïn Ed-Defali
RDS_DICT_REGIONS_NSO,Régions,27685809,En-Nechima
RDS_DICT_REGIONS_NSO,Régions,2157,Délégation de Testour
RDS_DICT_REGIONS_NSO,Régions,27685819,Testour
RDS_DICT_REGIONS_NSO,Régions,27685829,Ibn Zeydoun
RDS_DICT_REGIONS_NSO,Régions,27685839,Cité 26 Février
RDS_DICT_REGIONS_NSO,Régions,27685849,Mezougha
RDS_DICT_REGIONS_NSO,Régions,27685859,Zeldou
RDS_DICT_REGIONS_NSO,Régions,27685869,Ouled Salama
RDS_DICT_REGIONS_NSO,Régions,27685879,Es-Slouguia
RDS_DICT_REGIONS_NSO,Régions,27685889,Aïn Younes
RDS_DICT_REGIONS_NSO,Régions,27685899,Es-Sekhira
RDS_DICT_REGIONS_NSO,Régions,27685909,Oued Ezzargua
RDS_DICT_REGIONS_NSO,Régions,27685919,Sidi Abdelaziz
RDS_DICT_REGIONS_NSO,Régions,27685929,Sidi Ameur
RDS_DICT_REGIONS_NSO,Régions,2158,Délégation de Goubellat
RDS_DICT_REGIONS_NSO,Régions,27685939,Goubellat
RDS_DICT_REGIONS_NSO,Régions,27685949,El Gammarthi
RDS_DICT_REGIONS_NSO,Régions,27685959,Guerram
RDS_DICT_REGIONS_NSO,Régions,27685969,Dour Esmail
RDS_DICT_REGIONS_NSO,Régions,27685979,Bir El Euch
RDS_DICT_REGIONS_NSO,Régions,27685989,Kheniguet Ed-Dahane
RDS_DICT_REGIONS_NSO,Régions,27685999,Khacheb
RDS_DICT_REGIONS_NSO,Régions,27686009,Cheikh El Ouediane
RDS_DICT_REGIONS_NSO,Régions,2159,Délégation de Medjez El Bab
RDS_DICT_REGIONS_NSO,Régions,27686019,Medjez El Bab Ville
RDS_DICT_REGIONS_NSO,Régions,27686029,Medjez El Bab Sud
RDS_DICT_REGIONS_NSO,Régions,27686039,Sidi Medien
RDS_DICT_REGIONS_NSO,Régions,27686049,El Ksar
RDS_DICT_REGIONS_NSO,Régions,27686059,El Heri
RDS_DICT_REGIONS_NSO,Régions,27686069,Tokaber
RDS_DICT_REGIONS_NSO,Régions,27686079,Chaouach
RDS_DICT_REGIONS_NSO,Régions,27686089,Sidi Nasr
RDS_DICT_REGIONS_NSO,Régions,27686099,Sidi Ahmed El Jedidi
RDS_DICT_REGIONS_NSO,Régions,27686109,El Gueriâat
RDS_DICT_REGIONS_NSO,Régions,27686119,Hidouss
RDS_DICT_REGIONS_NSO,Régions,27686129,El Mouatiss
RDS_DICT_REGIONS_NSO,Régions,27686139,Guerich El Ouedi
RDS_DICT_REGIONS_NSO,Régions,27686149,Sidi Erraies
RDS_DICT_REGIONS_NSO,Régions,22,Gouvernorat de Jendouba
RDS_DICT_REGIONS_NSO,Régions,2251,Délégation de Jendouba
RDS_DICT_REGIONS_NSO,Régions,27686159,Ezzeghaida
RDS_DICT_REGIONS_NSO,Régions,27686169,Jendouba Sud
RDS_DICT_REGIONS_NSO,Régions,27686179,En-Nour
RDS_DICT_REGIONS_NSO,Régions,27686189,Es-Sâada
RDS_DICT_REGIONS_NSO,Régions,27686199,El Malga
RDS_DICT_REGIONS_NSO,Régions,27686209,Ettataouer
RDS_DICT_REGIONS_NSO,Régions,27686219,Souk Es-Sebt
RDS_DICT_REGIONS_NSO,Régions,27686229,El Aitha
RDS_DICT_REGIONS_NSO,Régions,27686239,Aïn Karima
RDS_DICT_REGIONS_NSO,Régions,27686249,Mâalla
RDS_DICT_REGIONS_NSO,Régions,27686259,El-Jerif
RDS_DICT_REGIONS_NSO,Régions,27686269,EL Azima
RDS_DICT_REGIONS_NSO,Régions,2252,Délégation de Jendouba Nord
RDS_DICT_REGIONS_NSO,Régions,27686279,El Ferdous
RDS_DICT_REGIONS_NSO,Régions,27686289,El Hédi Ben Hassine
RDS_DICT_REGIONS_NSO,Régions,27686299,Ezzouhour
RDS_DICT_REGIONS_NSO,Régions,27686309,El Khadhra
RDS_DICT_REGIONS_NSO,Régions,27686319,Es-Souani
RDS_DICT_REGIONS_NSO,Régions,27686329,Bulla-regja
RDS_DICT_REGIONS_NSO,Régions,27686339,Zatfoura
RDS_DICT_REGIONS_NSO,Régions,27686349,Chemtou
RDS_DICT_REGIONS_NSO,Régions,27686359,Ed-Dir
RDS_DICT_REGIONS_NSO,Régions,27686369,Souk Djemâa
RDS_DICT_REGIONS_NSO,Régions,2253,Délégation de Bou Salem
RDS_DICT_REGIONS_NSO,Régions,27686379,Bou Salem Nord
RDS_DICT_REGIONS_NSO,Régions,27686389,Bou Salem Sud
RDS_DICT_REGIONS_NSO,Régions,27686399,Erroumani
RDS_DICT_REGIONS_NSO,Régions,27686409,El Brahmi
RDS_DICT_REGIONS_NSO,Régions,27686419,El Marja
RDS_DICT_REGIONS_NSO,Régions,27686429,Bir Lakhdar
RDS_DICT_REGIONS_NSO,Régions,27686439,El Koudia
RDS_DICT_REGIONS_NSO,Régions,27686449,El Msanghouche
RDS_DICT_REGIONS_NSO,Régions,27686459,Sidi Abid
RDS_DICT_REGIONS_NSO,Régions,2254,Délégation de Tabarka
RDS_DICT_REGIONS_NSO,Régions,27686469,Tabarka
RDS_DICT_REGIONS_NSO,Régions,27686479,Raîhane
RDS_DICT_REGIONS_NSO,Régions,27686489,El Hamdia
RDS_DICT_REGIONS_NSO,Régions,27686499,El Hammam
RDS_DICT_REGIONS_NSO,Régions,27686509,Aïn Es-Sobh
RDS_DICT_REGIONS_NSO,Régions,27686519,Nadhour
RDS_DICT_REGIONS_NSO,Régions,27686529,Melloula
RDS_DICT_REGIONS_NSO,Régions,27686539,Aïn Es-Snoussi
RDS_DICT_REGIONS_NSO,Régions,2255,Délégation de Ain Draham
RDS_DICT_REGIONS_NSO,Régions,27686549,Aïn Drahem Ville
RDS_DICT_REGIONS_NSO,Régions,27686559,Aïn Draham Banlieue
RDS_DICT_REGIONS_NSO,Régions,27686569,Ouled Sedra
RDS_DICT_REGIONS_NSO,Régions,27686579,El Atatfa
RDS_DICT_REGIONS_NSO,Régions,27686589,El Homrane
RDS_DICT_REGIONS_NSO,Régions,27686599,Etbainia
RDS_DICT_REGIONS_NSO,Régions,27686609,Khemaïria
RDS_DICT_REGIONS_NSO,Régions,27686619,Selloul
RDS_DICT_REGIONS_NSO,Régions,27686629,Er-Rouïi
RDS_DICT_REGIONS_NSO,Régions,27686639,Tegma
RDS_DICT_REGIONS_NSO,Régions,27686649,Aïn Salam
RDS_DICT_REGIONS_NSO,Régions,27686659,Oued Ezzan
RDS_DICT_REGIONS_NSO,Régions,2256,Délégation de Fernana
RDS_DICT_REGIONS_NSO,Régions,27686669,Fernana
RDS_DICT_REGIONS_NSO,Régions,27686679,Oued Ghrib
RDS_DICT_REGIONS_NSO,Régions,27686689,Rabiaa
RDS_DICT_REGIONS_NSO,Régions,27686699,Ouled Mefada
RDS_DICT_REGIONS_NSO,Régions,27686709,El Gouaïdia
RDS_DICT_REGIONS_NSO,Régions,27686719,Beni M'tir
RDS_DICT_REGIONS_NSO,Régions,27686729,Gloub Ethirane
RDS_DICT_REGIONS_NSO,Régions,27686739,Gloub Ethirane Nord
RDS_DICT_REGIONS_NSO,Régions,27686749,Hedhil
RDS_DICT_REGIONS_NSO,Régions,27686759,El Adhar
RDS_DICT_REGIONS_NSO,Régions,27686769,Jaouaouada
RDS_DICT_REGIONS_NSO,Régions,27686779,Aïn El Beya
RDS_DICT_REGIONS_NSO,Régions,27686789,Bou Hertma
RDS_DICT_REGIONS_NSO,Régions,27686799,Halima
RDS_DICT_REGIONS_NSO,Régions,27686809,Sidi Ammar
RDS_DICT_REGIONS_NSO,Régions,2257,Délégation de Ghardimaou
RDS_DICT_REGIONS_NSO,Régions,27686819,Ghardimaou
RDS_DICT_REGIONS_NSO,Régions,27686829,Ghardimaou Nord
RDS_DICT_REGIONS_NSO,Régions,27686839,El Mâaden
RDS_DICT_REGIONS_NSO,Régions,27686849,Er-Rakha
RDS_DICT_REGIONS_NSO,Régions,27686859,Aîn Soltane
RDS_DICT_REGIONS_NSO,Régions,27686869,Ouechtata
RDS_DICT_REGIONS_NSO,Régions,27686879,Ed-Daoura
RDS_DICT_REGIONS_NSO,Régions,27686889,Es-Sraia
RDS_DICT_REGIONS_NSO,Régions,27686899,Forgassen
RDS_DICT_REGIONS_NSO,Régions,27686909,Fej Hassine
RDS_DICT_REGIONS_NSO,Régions,27686919,Mrassen
RDS_DICT_REGIONS_NSO,Régions,27686929,El Galâa
RDS_DICT_REGIONS_NSO,Régions,2258,Délégation de Oued Meliz
RDS_DICT_REGIONS_NSO,Régions,27686939,Oued Meliz Est
RDS_DICT_REGIONS_NSO,Régions,27686949,Oued Meliz Ouest
RDS_DICT_REGIONS_NSO,Régions,27686959,Dkhaïlia
RDS_DICT_REGIONS_NSO,Régions,27686969,Hakim Nord
RDS_DICT_REGIONS_NSO,Régions,27686979,Hakim Sud
RDS_DICT_REGIONS_NSO,Régions,2259,Délégation de Balta - Bou Aouane
RDS_DICT_REGIONS_NSO,Régions,27686989,Assila
RDS_DICT_REGIONS_NSO,Régions,27686999,Ghezala
RDS_DICT_REGIONS_NSO,Régions,27687009,El Aouaoudha
RDS_DICT_REGIONS_NSO,Régions,27687019,El Baldia
RDS_DICT_REGIONS_NSO,Régions,27687029,Cheouaoula
RDS_DICT_REGIONS_NSO,Régions,27687039,Beni M'hamed
RDS_DICT_REGIONS_NSO,Régions,27687049,Somrane
RDS_DICT_REGIONS_NSO,Régions,27687059,Balta
RDS_DICT_REGIONS_NSO,Régions,27687069,Abdeljaber
RDS_DICT_REGIONS_NSO,Régions,27687079,Bou Aouane
RDS_DICT_REGIONS_NSO,Régions,27687089,Oued Kesseb
RDS_DICT_REGIONS_NSO,Régions,27687099,Boulaaba
RDS_DICT_REGIONS_NSO,Régions,23,Gouvernorat du Kef
RDS_DICT_REGIONS_NSO,Régions,2351,Délégation de Kef Ouest
RDS_DICT_REGIONS_NSO,Régions,27687109,Oued Remel Nord
RDS_DICT_REGIONS_NSO,Régions,27687119,Oued Remel Sud
RDS_DICT_REGIONS_NSO,Régions,27687129,Haouareth Sud
RDS_DICT_REGIONS_NSO,Régions,2352,Délégation de Kef Est
RDS_DICT_REGIONS_NSO,Régions,27687139,Charfine
RDS_DICT_REGIONS_NSO,Régions,27687149,Ben Ainine
RDS_DICT_REGIONS_NSO,Régions,27687159,Haouareth Nord
RDS_DICT_REGIONS_NSO,Régions,27687169,Zâafrane
RDS_DICT_REGIONS_NSO,Régions,27687179,Oued Souani
RDS_DICT_REGIONS_NSO,Régions,27687189,Oued Souani Sud
RDS_DICT_REGIONS_NSO,Régions,27687199,Dyr El Kef
RDS_DICT_REGIONS_NSO,Régions,27687209,Hached
RDS_DICT_REGIONS_NSO,Régions,2353,Délégation de Nebeur
RDS_DICT_REGIONS_NSO,Régions,27687219,Nebeur
RDS_DICT_REGIONS_NSO,Régions,27687229,Sarkaouna
RDS_DICT_REGIONS_NSO,Régions,27687239,Tel El Ghozlane
RDS_DICT_REGIONS_NSO,Régions,27687249,Sidi Khiar
RDS_DICT_REGIONS_NSO,Régions,27687259,Mellala
RDS_DICT_REGIONS_NSO,Régions,27687269,Ledhieb
RDS_DICT_REGIONS_NSO,Régions,27687279,Touiref
RDS_DICT_REGIONS_NSO,Régions,27687289,Mellègue
RDS_DICT_REGIONS_NSO,Régions,27687299,Bahra
RDS_DICT_REGIONS_NSO,Régions,27687309,Sidi Medien
RDS_DICT_REGIONS_NSO,Régions,27687319,El Ksar
RDS_DICT_REGIONS_NSO,Régions,27687329,Chetatla
RDS_DICT_REGIONS_NSO,Régions,27687339,Oueljet Essedra
RDS_DICT_REGIONS_NSO,Régions,2354,Délégation de Sakiet Sidi Youssef
RDS_DICT_REGIONS_NSO,Régions,27687349,Sakiet Sidi Youssef
RDS_DICT_REGIONS_NSO,Régions,27687359,Es-Sefeïa
RDS_DICT_REGIONS_NSO,Régions,27687369,Aïn Mazer
RDS_DICT_REGIONS_NSO,Régions,27687379,Djeradou
RDS_DICT_REGIONS_NSO,Régions,27687389,Forchane
RDS_DICT_REGIONS_NSO,Régions,27687399,Aïn El Karma
RDS_DICT_REGIONS_NSO,Régions,27687409,Sidi Rabeh
RDS_DICT_REGIONS_NSO,Régions,27687419,Et-Tabia
RDS_DICT_REGIONS_NSO,Régions,2355,Délégation de Tajerouine
RDS_DICT_REGIONS_NSO,Régions,27687429,Tajerouine Nord
RDS_DICT_REGIONS_NSO,Régions,27687439,Tajerouine Sud
RDS_DICT_REGIONS_NSO,Régions,27687449,Aïn El Abar
RDS_DICT_REGIONS_NSO,Régions,27687459,Cité Bourguiba
RDS_DICT_REGIONS_NSO,Régions,27687469,Sidi M'tir
RDS_DICT_REGIONS_NSO,Régions,27687479,Ennajet
RDS_DICT_REGIONS_NSO,Régions,27687489,Sidi Abdelbasset
RDS_DICT_REGIONS_NSO,Régions,27687499,Jezza
RDS_DICT_REGIONS_NSO,Régions,27687509,El Houdh
RDS_DICT_REGIONS_NSO,Régions,27687519,Menzel Salem
RDS_DICT_REGIONS_NSO,Régions,27687529,Borj Eddiouana
RDS_DICT_REGIONS_NSO,Régions,27687539,Garn Halfaia
RDS_DICT_REGIONS_NSO,Régions,2356,Délégation de Kalâat Snan
RDS_DICT_REGIONS_NSO,Régions,27687549,Kalâat Snan
RDS_DICT_REGIONS_NSO,Régions,27687559,Bou Jabeur
RDS_DICT_REGIONS_NSO,Régions,27687569,Safsaf
RDS_DICT_REGIONS_NSO,Régions,27687579,Mzita
RDS_DICT_REGIONS_NSO,Régions,27687589,El Falta
RDS_DICT_REGIONS_NSO,Régions,27687599,Sed El Khir
RDS_DICT_REGIONS_NSO,Régions,27687609,Aïn Snan
RDS_DICT_REGIONS_NSO,Régions,27687619,El Hamaïma
RDS_DICT_REGIONS_NSO,Régions,27687629,El Mahjouba
RDS_DICT_REGIONS_NSO,Régions,2357,Délégation de Kalâat Khasbah
RDS_DICT_REGIONS_NSO,Régions,27687639,Kalâat Khasba
RDS_DICT_REGIONS_NSO,Régions,27687649,Hentaïa
RDS_DICT_REGIONS_NSO,Régions,27687659,Sidi Ahmed Essalah
RDS_DICT_REGIONS_NSO,Régions,27687669,En-Nadhour
RDS_DICT_REGIONS_NSO,Régions,2358,Délégation de Djerissa
RDS_DICT_REGIONS_NSO,Régions,27687679,Djerissa Centre
RDS_DICT_REGIONS_NSO,Régions,27687689,Djérissa Nord
RDS_DICT_REGIONS_NSO,Régions,27687699,Djerissa Sud
RDS_DICT_REGIONS_NSO,Régions,27687709,Besseriana
RDS_DICT_REGIONS_NSO,Régions,27687719,Fej Ettameur
RDS_DICT_REGIONS_NSO,Régions,27687729,Enneayem
RDS_DICT_REGIONS_NSO,Régions,2359,Délégation de El Ksour
RDS_DICT_REGIONS_NSO,Régions,27687739,El Ksour
RDS_DICT_REGIONS_NSO,Régions,27687749,Aïn El Ksiba
RDS_DICT_REGIONS_NSO,Régions,27687759,Banou
RDS_DICT_REGIONS_NSO,Régions,27687769,Louata
RDS_DICT_REGIONS_NSO,Régions,27687779,Aïn Fedhil
RDS_DICT_REGIONS_NSO,Régions,27687789,Ezzitouna
RDS_DICT_REGIONS_NSO,Régions,2360,Délégation de Dahmani
RDS_DICT_REGIONS_NSO,Régions,27687799,Dahmani
RDS_DICT_REGIONS_NSO,Régions,27687809,Dahmani Nord
RDS_DICT_REGIONS_NSO,Régions,27687819,Zouarine
RDS_DICT_REGIONS_NSO,Régions,27687829,Thermda
RDS_DICT_REGIONS_NSO,Régions,27687839,Abida
RDS_DICT_REGIONS_NSO,Régions,27687849,Ebba
RDS_DICT_REGIONS_NSO,Régions,27687859,El Medeïna
RDS_DICT_REGIONS_NSO,Régions,27687869,Sidi Baraket Nord
RDS_DICT_REGIONS_NSO,Régions,27687879,Sidi Baraket Sud
RDS_DICT_REGIONS_NSO,Régions,2361,Délégation de Es-Sers
RDS_DICT_REGIONS_NSO,Régions,27687889,Es-Sers Nord
RDS_DICT_REGIONS_NSO,Régions,27687899,Es-Sers Sud
RDS_DICT_REGIONS_NSO,Régions,27687909,Cité Ennour
RDS_DICT_REGIONS_NSO,Régions,27687919,Bousliaa
RDS_DICT_REGIONS_NSO,Régions,27687929,Lorbeus
RDS_DICT_REGIONS_NSO,Régions,27687939,El Marja
RDS_DICT_REGIONS_NSO,Régions,27687949,El Abar
RDS_DICT_REGIONS_NSO,Régions,27687959,El Abar Est
RDS_DICT_REGIONS_NSO,Régions,27687969,Elles
RDS_DICT_REGIONS_NSO,Régions,24,Gouvernorat de Siliana
RDS_DICT_REGIONS_NSO,Régions,2451,Délégation de Siliana Nord
RDS_DICT_REGIONS_NSO,Régions,27687979,Siliana Ville
RDS_DICT_REGIONS_NSO,Régions,27687989,Siliana Nord
RDS_DICT_REGIONS_NSO,Régions,27687999,El Arab
RDS_DICT_REGIONS_NSO,Régions,27688009,Jema
RDS_DICT_REGIONS_NSO,Régions,27688019,Massouj
RDS_DICT_REGIONS_NSO,Régions,27688029,El Jouii
RDS_DICT_REGIONS_NSO,Régions,27688039,El Khalsa
RDS_DICT_REGIONS_NSO,Régions,27688049,Aïn Ed-Dissa
RDS_DICT_REGIONS_NSO,Régions,2452,Délégation de Siliana Sud
RDS_DICT_REGIONS_NSO,Régions,27688059,Siliana Sud
RDS_DICT_REGIONS_NSO,Régions,27688069,Marj Mokaddem
RDS_DICT_REGIONS_NSO,Régions,27688079,Es-Sefina
RDS_DICT_REGIONS_NSO,Régions,27688089,Sidi Morched
RDS_DICT_REGIONS_NSO,Régions,27688099,Sidi Mansour
RDS_DICT_REGIONS_NSO,Régions,27688109,Sidi Hmada
RDS_DICT_REGIONS_NSO,Régions,27688119,Sejja
RDS_DICT_REGIONS_NSO,Régions,27688129,Ouled Zenag
RDS_DICT_REGIONS_NSO,Régions,27688139,El Kabel
RDS_DICT_REGIONS_NSO,Régions,2453,Délégation de Bou Arada
RDS_DICT_REGIONS_NSO,Régions,27688149,Banlieue De Bouarada
RDS_DICT_REGIONS_NSO,Régions,27688159,Bouarada
RDS_DICT_REGIONS_NSO,Régions,27688169,Fatis
RDS_DICT_REGIONS_NSO,Régions,27688179,Henchir Er-Roman
RDS_DICT_REGIONS_NSO,Régions,27688189,Sidi Abdennour
RDS_DICT_REGIONS_NSO,Régions,27688199,Tarf Ech-chena
RDS_DICT_REGIONS_NSO,Régions,2454,Délégation de Gaâfour
RDS_DICT_REGIONS_NSO,Régions,27688209,Gâafour Est
RDS_DICT_REGIONS_NSO,Régions,27688219,Gâafour Ouest
RDS_DICT_REGIONS_NSO,Régions,27688229,El khouat
RDS_DICT_REGIONS_NSO,Régions,27688239,Aïn Zerig
RDS_DICT_REGIONS_NSO,Régions,27688249,El Ahouez Nord
RDS_DICT_REGIONS_NSO,Régions,27688259,El Ahouez Sud
RDS_DICT_REGIONS_NSO,Régions,27688269,El Aksab
RDS_DICT_REGIONS_NSO,Régions,2455,Délégation de El  Krib
RDS_DICT_REGIONS_NSO,Régions,27688279,El Krib Nord
RDS_DICT_REGIONS_NSO,Régions,27688289,El Krib Sud
RDS_DICT_REGIONS_NSO,Régions,27688299,Dokhania
RDS_DICT_REGIONS_NSO,Régions,27688309,Hammam Biadha Nord
RDS_DICT_REGIONS_NSO,Régions,27688319,Hammam Biadha Sud
RDS_DICT_REGIONS_NSO,Régions,27688329,Borj El Messaoudi Nord
RDS_DICT_REGIONS_NSO,Régions,27688339,Borj El Messaoudi Sud
RDS_DICT_REGIONS_NSO,Régions,2456,Délégation de Bourouis
RDS_DICT_REGIONS_NSO,Régions,27688349,Bourouis Nord
RDS_DICT_REGIONS_NSO,Régions,27688359,Bourouis Sud
RDS_DICT_REGIONS_NSO,Régions,27688369,Ettricha
RDS_DICT_REGIONS_NSO,Régions,27688379,El Abbassi
RDS_DICT_REGIONS_NSO,Régions,27688389,Aïn Achour
RDS_DICT_REGIONS_NSO,Régions,27688399,El Krib Gare
RDS_DICT_REGIONS_NSO,Régions,2457,Délégation de Makthar
RDS_DICT_REGIONS_NSO,Régions,27688409,Makthar Nord
RDS_DICT_REGIONS_NSO,Régions,27688419,Makthar Sud
RDS_DICT_REGIONS_NSO,Régions,27688429,Sayar
RDS_DICT_REGIONS_NSO,Régions,27688439,El Garâa
RDS_DICT_REGIONS_NSO,Régions,27688449,Bez
RDS_DICT_REGIONS_NSO,Régions,27688459,Beni Hazem
RDS_DICT_REGIONS_NSO,Régions,27688469,Ras El Ouedi
RDS_DICT_REGIONS_NSO,Régions,27688479,Saddine
RDS_DICT_REGIONS_NSO,Régions,27688489,Chouarnia
RDS_DICT_REGIONS_NSO,Régions,27688499,Sened El Haddad
RDS_DICT_REGIONS_NSO,Régions,27688509,Soualem
RDS_DICT_REGIONS_NSO,Régions,2458,Délégation de Er-Rouhia
RDS_DICT_REGIONS_NSO,Régions,27688519,El Hababsa Nord
RDS_DICT_REGIONS_NSO,Régions,27688529,El Hababsa Sud
RDS_DICT_REGIONS_NSO,Régions,27688539,El Jamilet
RDS_DICT_REGIONS_NSO,Régions,27688549,Es-Semiret Nord
RDS_DICT_REGIONS_NSO,Régions,27688559,Es-Semirat Sud
RDS_DICT_REGIONS_NSO,Régions,27688569,El Messahla
RDS_DICT_REGIONS_NSO,Régions,27688579,El Haria
RDS_DICT_REGIONS_NSO,Régions,27688589,Er-Rouhia
RDS_DICT_REGIONS_NSO,Régions,27688599,El Hamaïma
RDS_DICT_REGIONS_NSO,Régions,27688609,Bou -Ajila
RDS_DICT_REGIONS_NSO,Régions,2459,Délégation de Kesra
RDS_DICT_REGIONS_NSO,Régions,27688619,Kesra
RDS_DICT_REGIONS_NSO,Régions,27688629,El Hammam
RDS_DICT_REGIONS_NSO,Régions,27688639,El Mansoura Nord
RDS_DICT_REGIONS_NSO,Régions,27688649,El Mansoura Sud
RDS_DICT_REGIONS_NSO,Régions,27688659,Bou Abdallah
RDS_DICT_REGIONS_NSO,Régions,27688669,El Karia Nord
RDS_DICT_REGIONS_NSO,Régions,27688679,El Karia Sud
RDS_DICT_REGIONS_NSO,Régions,27688689,El Foudhoul
RDS_DICT_REGIONS_NSO,Régions,27688699,El louza
RDS_DICT_REGIONS_NSO,Régions,2460,Délégation de Bargou
RDS_DICT_REGIONS_NSO,Régions,27688709,Bargou
RDS_DICT_REGIONS_NSO,Régions,27688719,Banlieue Bargou
RDS_DICT_REGIONS_NSO,Régions,27688729,Ouled Fredj
RDS_DICT_REGIONS_NSO,Régions,27688739,Sidi Saïd
RDS_DICT_REGIONS_NSO,Régions,27688749,Aïn Fourna
RDS_DICT_REGIONS_NSO,Régions,27688759,Aïn Bous Sâadia
RDS_DICT_REGIONS_NSO,Régions,27688769,Ed-Derija
RDS_DICT_REGIONS_NSO,Régions,27688779,El Behirin
RDS_DICT_REGIONS_NSO,Régions,2461,Délégation de El Aroussa
RDS_DICT_REGIONS_NSO,Régions,27688789,El Aroussa
RDS_DICT_REGIONS_NSO,Régions,27688799,Bou Jlida
RDS_DICT_REGIONS_NSO,Régions,27688809,Er Remil
RDS_DICT_REGIONS_NSO,Régions,27688819,Mousrata
RDS_DICT_REGIONS_NSO,Régions,27688829,Sidi Ayed
RDS_DICT_REGIONS_NSO,Régions,3,Centre Est
RDS_DICT_REGIONS_NSO,Régions,31,Gouvernorat de Sousse
RDS_DICT_REGIONS_NSO,Régions,3151,Délégation de Sousse Medina
RDS_DICT_REGIONS_NSO,Régions,27688839,Bou Jâafer
RDS_DICT_REGIONS_NSO,Régions,27688849,El Medina
RDS_DICT_REGIONS_NSO,Régions,27688859,Ali Belhouan
RDS_DICT_REGIONS_NSO,Régions,27688869,Mohamed Mâarouf
RDS_DICT_REGIONS_NSO,Régions,27688879,Khezama
RDS_DICT_REGIONS_NSO,Régions,3152,Délégation de Sousse Riadh
RDS_DICT_REGIONS_NSO,Régions,27688889,Ezzouhour
RDS_DICT_REGIONS_NSO,Régions,27688899,Cité Er-Riadh
RDS_DICT_REGIONS_NSO,Régions,27688909,El Ahd El Jadid
RDS_DICT_REGIONS_NSO,Régions,3153,Délégation de Sousse Jawhara
RDS_DICT_REGIONS_NSO,Régions,27688919,Oued Blibane
RDS_DICT_REGIONS_NSO,Régions,27688929,Hached
RDS_DICT_REGIONS_NSO,Régions,27688939,Hédi Chaker
RDS_DICT_REGIONS_NSO,Régions,27688949,Bou Hassina
RDS_DICT_REGIONS_NSO,Régions,27688959,Mohamed El Karoui
RDS_DICT_REGIONS_NSO,Régions,27688969,Sahloul
RDS_DICT_REGIONS_NSO,Régions,3154,Délégation de Sousse Sidi Abdelhamid
RDS_DICT_REGIONS_NSO,Régions,27688979,Taieb M'hiri
RDS_DICT_REGIONS_NSO,Régions,27688989,Ibn Khaldoun
RDS_DICT_REGIONS_NSO,Régions,27688999,Ksibet Ech-Chatt
RDS_DICT_REGIONS_NSO,Régions,27689009,Sidi Abdelhamid
RDS_DICT_REGIONS_NSO,Régions,3155,Délégation de Hammam Sousse
RDS_DICT_REGIONS_NSO,Régions,27689019,EL Medina
RDS_DICT_REGIONS_NSO,Régions,27689029,El Kantaoui
RDS_DICT_REGIONS_NSO,Régions,27689039,Bir Moussa
RDS_DICT_REGIONS_NSO,Régions,27689049,Sahloul
RDS_DICT_REGIONS_NSO,Régions,27689059,El Gharabi
RDS_DICT_REGIONS_NSO,Régions,3156,Délégation de Akouda
RDS_DICT_REGIONS_NSO,Régions,27689069,Akouda Est
RDS_DICT_REGIONS_NSO,Régions,27689079,Akouda Ouest
RDS_DICT_REGIONS_NSO,Régions,27689089,Chott Meriam
RDS_DICT_REGIONS_NSO,Régions,27689099,Chott Er-Romane
RDS_DICT_REGIONS_NSO,Régions,27689109,EL Fokaïa
RDS_DICT_REGIONS_NSO,Régions,27689119,Ettantana
RDS_DICT_REGIONS_NSO,Régions,3157,Délégation de Kalaâ Kebira
RDS_DICT_REGIONS_NSO,Régions,27689129,El Jarabâa
RDS_DICT_REGIONS_NSO,Régions,27689139,Zearna Ouest
RDS_DICT_REGIONS_NSO,Régions,27689149,Zearna Est
RDS_DICT_REGIONS_NSO,Régions,27689159,Ouled Mhamed
RDS_DICT_REGIONS_NSO,Régions,27689169,Essed Ouest
RDS_DICT_REGIONS_NSO,Régions,27689179,Balaoum
RDS_DICT_REGIONS_NSO,Régions,3158,Délégation de Sidi Bou Ali
RDS_DICT_REGIONS_NSO,Régions,27689189,Sidi Bou Ali
RDS_DICT_REGIONS_NSO,Régions,27689199,Essed Sud
RDS_DICT_REGIONS_NSO,Régions,27689209,Essed Nord (Essateh)
RDS_DICT_REGIONS_NSO,Régions,27689219,Ech-Chouicha
RDS_DICT_REGIONS_NSO,Régions,27689229,Ouriemma
RDS_DICT_REGIONS_NSO,Régions,27689239,Menzel EL Mahatta
RDS_DICT_REGIONS_NSO,Régions,27689249,Mehadhba
RDS_DICT_REGIONS_NSO,Régions,3159,Délégation de Hergla
RDS_DICT_REGIONS_NSO,Régions,27689259,Hergla
RDS_DICT_REGIONS_NSO,Régions,27689269,El Aribet
RDS_DICT_REGIONS_NSO,Régions,27689279,Essouieh
RDS_DICT_REGIONS_NSO,Régions,3160,Délégation de Enfidha
RDS_DICT_REGIONS_NSO,Régions,27689289,Enfidha
RDS_DICT_REGIONS_NSO,Régions,27689299,EL Frada
RDS_DICT_REGIONS_NSO,Régions,27689309,Gerimet est
RDS_DICT_REGIONS_NSO,Régions,27689319,Gerimet Ouest
RDS_DICT_REGIONS_NSO,Régions,27689329,Chégarnia
RDS_DICT_REGIONS_NSO,Régions,27689339,Ouled Abdellah
RDS_DICT_REGIONS_NSO,Régions,27689349,Takrouna
RDS_DICT_REGIONS_NSO,Régions,27689359,Menzel Fateh
RDS_DICT_REGIONS_NSO,Régions,27689369,EL Garci
RDS_DICT_REGIONS_NSO,Régions,27689379,Aïn Medhaker
RDS_DICT_REGIONS_NSO,Régions,27689389,Hicher
RDS_DICT_REGIONS_NSO,Régions,27689399,Menzel Dar Belouar
RDS_DICT_REGIONS_NSO,Régions,27689409,M'rabet Hached
RDS_DICT_REGIONS_NSO,Régions,3161,Délégation de Bouficha
RDS_DICT_REGIONS_NSO,Régions,27689419,Bouficha
RDS_DICT_REGIONS_NSO,Régions,27689429,Oued El Kharroub
RDS_DICT_REGIONS_NSO,Régions,27689439,Sidi Khalifa
RDS_DICT_REGIONS_NSO,Régions,27689449,Essafha
RDS_DICT_REGIONS_NSO,Régions,27689459,Sidi Saïd
RDS_DICT_REGIONS_NSO,Régions,27689469,Aïn Errahma
RDS_DICT_REGIONS_NSO,Régions,27689479,El Methalit
RDS_DICT_REGIONS_NSO,Régions,27689489,Esselloum
RDS_DICT_REGIONS_NSO,Régions,27689499,Sidi M'tir
RDS_DICT_REGIONS_NSO,Régions,3162,Délégation de Kondar
RDS_DICT_REGIONS_NSO,Régions,27689509,Kondar
RDS_DICT_REGIONS_NSO,Régions,27689519,Bir El Jedid
RDS_DICT_REGIONS_NSO,Régions,27689529,Belalma
RDS_DICT_REGIONS_NSO,Régions,27689539,Bechachma
RDS_DICT_REGIONS_NSO,Régions,27689549,Ouled EL Abed
RDS_DICT_REGIONS_NSO,Régions,27689559,Gmata
RDS_DICT_REGIONS_NSO,Régions,27689569,Ouled Ameur
RDS_DICT_REGIONS_NSO,Régions,3163,Délégation de Sidi El Héni
RDS_DICT_REGIONS_NSO,Régions,27689579,Sidi El Héni Centre
RDS_DICT_REGIONS_NSO,Régions,27689589,Sidi El Heni Ouest
RDS_DICT_REGIONS_NSO,Régions,27689599,Sidi El Heni Sud
RDS_DICT_REGIONS_NSO,Régions,27689609,Ouled Ali Belhani
RDS_DICT_REGIONS_NSO,Régions,27689619,Kroussia Ouest
RDS_DICT_REGIONS_NSO,Régions,27689629,Kroussia Centrale
RDS_DICT_REGIONS_NSO,Régions,3164,Délégation de M'saken
RDS_DICT_REGIONS_NSO,Régions,27689639,Ettouara Nord
RDS_DICT_REGIONS_NSO,Régions,27689649,Ettouara Sud
RDS_DICT_REGIONS_NSO,Régions,27689659,Jedidine
RDS_DICT_REGIONS_NSO,Régions,27689669,Jebline
RDS_DICT_REGIONS_NSO,Régions,27689679,Habib Thameur
RDS_DICT_REGIONS_NSO,Régions,27689689,Mouredine
RDS_DICT_REGIONS_NSO,Régions,27689699,Mneaema
RDS_DICT_REGIONS_NSO,Régions,27689709,El Gharbine
RDS_DICT_REGIONS_NSO,Régions,27689719,El Kenaïes
RDS_DICT_REGIONS_NSO,Régions,27689729,El Kebline
RDS_DICT_REGIONS_NSO,Régions,27689739,Ennour
RDS_DICT_REGIONS_NSO,Régions,27689749,El Frady
RDS_DICT_REGIONS_NSO,Régions,27689759,Borgine
RDS_DICT_REGIONS_NSO,Régions,27689769,Beni Rabïaa
RDS_DICT_REGIONS_NSO,Régions,27689779,Béni Khalthoum
RDS_DICT_REGIONS_NSO,Régions,27689789,Nejajra
RDS_DICT_REGIONS_NSO,Régions,27689799,Messâdine
RDS_DICT_REGIONS_NSO,Régions,3165,Délégation de Kalaâ Seghira
RDS_DICT_REGIONS_NSO,Régions,27689809,Kalâa Seghira Est
RDS_DICT_REGIONS_NSO,Régions,27689819,Kalâa Seghira Hached
RDS_DICT_REGIONS_NSO,Régions,27689829,Kalâa Seghira Ville
RDS_DICT_REGIONS_NSO,Régions,27689839,En-Nagr
RDS_DICT_REGIONS_NSO,Régions,27689849,Oued Leya
RDS_DICT_REGIONS_NSO,Régions,3166,Délégation de Zaouia - Ksiba - Thrayet
RDS_DICT_REGIONS_NSO,Régions,27689859,Zaouit Sousse
RDS_DICT_REGIONS_NSO,Régions,27689869,Ksibet Sousse
RDS_DICT_REGIONS_NSO,Régions,27689879,Thrayet
RDS_DICT_REGIONS_NSO,Régions,32,Gouvernorat de Monastir
RDS_DICT_REGIONS_NSO,Régions,3251,Délégation de Monastir
RDS_DICT_REGIONS_NSO,Régions,27689889,El Medina
RDS_DICT_REGIONS_NSO,Régions,27689899,EL Medina 2
RDS_DICT_REGIONS_NSO,Régions,27689909,Bab El Gharbi
RDS_DICT_REGIONS_NSO,Régions,27689919,Er-Rbat
RDS_DICT_REGIONS_NSO,Régions,27689929,El Helia
RDS_DICT_REGIONS_NSO,Régions,27689939,El Halia 2
RDS_DICT_REGIONS_NSO,Régions,27689949,Skanes
RDS_DICT_REGIONS_NSO,Régions,27689959,Khenis
RDS_DICT_REGIONS_NSO,Régions,27689969,Khénis Echamalya
RDS_DICT_REGIONS_NSO,Régions,3252,Délégation de Ouerdanine
RDS_DICT_REGIONS_NSO,Régions,27689979,Ouerdanine Nord
RDS_DICT_REGIONS_NSO,Régions,27689989,Ouerdaninie Sud
RDS_DICT_REGIONS_NSO,Régions,27689999,Menzel Khair
RDS_DICT_REGIONS_NSO,Régions,27690009,Sidi Bou Othman
RDS_DICT_REGIONS_NSO,Régions,27690019,Oued El Jebs
RDS_DICT_REGIONS_NSO,Régions,3253,Délégation de Sahline
RDS_DICT_REGIONS_NSO,Régions,27690029,Sahline Est
RDS_DICT_REGIONS_NSO,Régions,27690039,Sahline Ouest
RDS_DICT_REGIONS_NSO,Régions,27690049,Sidi Ameur
RDS_DICT_REGIONS_NSO,Régions,27690059,Môotmar
RDS_DICT_REGIONS_NSO,Régions,27690069,Masjed Aïssa
RDS_DICT_REGIONS_NSO,Régions,3254,Délégation de Zermadine
RDS_DICT_REGIONS_NSO,Régions,27690079,Mezaougha
RDS_DICT_REGIONS_NSO,Régions,27690089,Menzel Hayet
RDS_DICT_REGIONS_NSO,Régions,27690099,Melichet
RDS_DICT_REGIONS_NSO,Régions,27690109,Zéramdine Nord
RDS_DICT_REGIONS_NSO,Régions,27690119,Zéramdine Sud
RDS_DICT_REGIONS_NSO,Régions,3255,Délégation de Beni Hassen
RDS_DICT_REGIONS_NSO,Régions,27690129,Beni Hassen Sud
RDS_DICT_REGIONS_NSO,Régions,27690139,Beni Hassen Nord
RDS_DICT_REGIONS_NSO,Régions,27690149,Hatem
RDS_DICT_REGIONS_NSO,Régions,27690159,EL Jnaïha
RDS_DICT_REGIONS_NSO,Régions,27690169,Ghnada
RDS_DICT_REGIONS_NSO,Régions,3256,Délégation de Jammel
RDS_DICT_REGIONS_NSO,Régions,27690179,Jamel Sud
RDS_DICT_REGIONS_NSO,Régions,27690189,Jamel Nord
RDS_DICT_REGIONS_NSO,Régions,27690199,Jamel Est
RDS_DICT_REGIONS_NSO,Régions,27690209,Jamel Ouest
RDS_DICT_REGIONS_NSO,Régions,27690219,Zaouiet Kontoch
RDS_DICT_REGIONS_NSO,Régions,27690229,Bir Taïeb
RDS_DICT_REGIONS_NSO,Régions,27690239,Menzel Kamel
RDS_DICT_REGIONS_NSO,Régions,27690249,El Hdadra
RDS_DICT_REGIONS_NSO,Régions,27690259,Et-Teyaïra
RDS_DICT_REGIONS_NSO,Régions,3257,Délégation de Bembla
RDS_DICT_REGIONS_NSO,Régions,27690269,Bembla
RDS_DICT_REGIONS_NSO,Régions,27690279,Bembla Ouest
RDS_DICT_REGIONS_NSO,Régions,27690289,El Manara
RDS_DICT_REGIONS_NSO,Régions,27690299,Menzel En-Nour
RDS_DICT_REGIONS_NSO,Régions,27690309,EL Masdour
RDS_DICT_REGIONS_NSO,Régions,27690319,Menzel Harb
RDS_DICT_REGIONS_NSO,Régions,3258,Délégation de Moknine
RDS_DICT_REGIONS_NSO,Régions,27690329,Moknine Est
RDS_DICT_REGIONS_NSO,Régions,27690339,Moknine Sud
RDS_DICT_REGIONS_NSO,Régions,27690349,Moknine Nord
RDS_DICT_REGIONS_NSO,Régions,27690359,Ras El Ouad
RDS_DICT_REGIONS_NSO,Régions,27690369,Moknine Ouest
RDS_DICT_REGIONS_NSO,Régions,27690379,Khéredine
RDS_DICT_REGIONS_NSO,Régions,27690389,Sidi Bennour
RDS_DICT_REGIONS_NSO,Régions,27690399,Menzel Farsi
RDS_DICT_REGIONS_NSO,Régions,27690409,Chérahil
RDS_DICT_REGIONS_NSO,Régions,27690419,Amiret El Fehoul
RDS_DICT_REGIONS_NSO,Régions,27690429,Amiret El Hojjaj
RDS_DICT_REGIONS_NSO,Régions,27690439,Amiret Touazra
RDS_DICT_REGIONS_NSO,Régions,27690449,Amiret Touazra Sud
RDS_DICT_REGIONS_NSO,Régions,3259,Délégation de Bekalta
RDS_DICT_REGIONS_NSO,Régions,27690459,Bekalta Nord
RDS_DICT_REGIONS_NSO,Régions,27690469,Beklta Sud
RDS_DICT_REGIONS_NSO,Régions,27690479,El Baghdadi
RDS_DICT_REGIONS_NSO,Régions,27690489,El Bekalta Echarkya
RDS_DICT_REGIONS_NSO,Régions,3260,Délégation de Teboulba
RDS_DICT_REGIONS_NSO,Régions,27690499,Houmet Essouk
RDS_DICT_REGIONS_NSO,Régions,27690509,El Fadhline
RDS_DICT_REGIONS_NSO,Régions,27690519,El Aïaïcha
RDS_DICT_REGIONS_NSO,Régions,27690529,Sokrine
RDS_DICT_REGIONS_NSO,Régions,27690539,Bou-driss
RDS_DICT_REGIONS_NSO,Régions,3261,Délégation de Ksar Helal
RDS_DICT_REGIONS_NSO,Régions,27690549,Ayed
RDS_DICT_REGIONS_NSO,Régions,27690559,Soua
RDS_DICT_REGIONS_NSO,Régions,27690569,Bouzouita
RDS_DICT_REGIONS_NSO,Régions,27690579,Cité Erriadh
RDS_DICT_REGIONS_NSO,Régions,3262,Délégation de Ksibet El Mediouni
RDS_DICT_REGIONS_NSO,Régions,27690589,Ksibet El Mediouni
RDS_DICT_REGIONS_NSO,Régions,27690599,Touza
RDS_DICT_REGIONS_NSO,Régions,27690609,Benen Sud
RDS_DICT_REGIONS_NSO,Régions,27690619,Benen Nord
RDS_DICT_REGIONS_NSO,Régions,27690629,Bodher
RDS_DICT_REGIONS_NSO,Régions,3263,Délégation de Sayada-Lamta Bou-Hjar
RDS_DICT_REGIONS_NSO,Régions,27690639,Sayada Est
RDS_DICT_REGIONS_NSO,Régions,27690649,Sayada Ouest
RDS_DICT_REGIONS_NSO,Régions,27690659,Lamta
RDS_DICT_REGIONS_NSO,Régions,27690669,Bou-hjar
RDS_DICT_REGIONS_NSO,Régions,33,Gouvernorat de Mahdia
RDS_DICT_REGIONS_NSO,Régions,3351,Délégation de Mahdia
RDS_DICT_REGIONS_NSO,Régions,27690679,Mahdia
RDS_DICT_REGIONS_NSO,Régions,27690689,Zouila
RDS_DICT_REGIONS_NSO,Régions,27690699,Zouila Sud
RDS_DICT_REGIONS_NSO,Régions,27690709,Rejiche
RDS_DICT_REGIONS_NSO,Régions,27690719,Réjiche Sud
RDS_DICT_REGIONS_NSO,Régions,27690729,Chiba
RDS_DICT_REGIONS_NSO,Régions,27690739,Es-Sâad
RDS_DICT_REGIONS_NSO,Régions,27690749,Jaouaouda
RDS_DICT_REGIONS_NSO,Régions,27690759,Ez-Zahra
RDS_DICT_REGIONS_NSO,Régions,27690769,Zegana
RDS_DICT_REGIONS_NSO,Régions,27690779,Hiboun
RDS_DICT_REGIONS_NSO,Régions,27690789,Er-Remal
RDS_DICT_REGIONS_NSO,Régions,27690799,El Hekaima Est
RDS_DICT_REGIONS_NSO,Régions,27690809,Hekaima Ouest
RDS_DICT_REGIONS_NSO,Régions,3352,Délégation de Bou Merdès
RDS_DICT_REGIONS_NSO,Régions,27690819,Bou Merdes
RDS_DICT_REGIONS_NSO,Régions,27690829,El Houes
RDS_DICT_REGIONS_NSO,Régions,27690839,Kerker
RDS_DICT_REGIONS_NSO,Régions,27690849,Zerata
RDS_DICT_REGIONS_NSO,Régions,27690859,Er-Rouadhi
RDS_DICT_REGIONS_NSO,Régions,27690869,Ech-Chouariaa
RDS_DICT_REGIONS_NSO,Régions,27690879,Bouhlale El Ali Sud
RDS_DICT_REGIONS_NSO,Régions,27690889,Bouhlale El Ali Nord
RDS_DICT_REGIONS_NSO,Régions,27690899,Menzel Hamza
RDS_DICT_REGIONS_NSO,Régions,3353,Délégation de Ouled Chamekh
RDS_DICT_REGIONS_NSO,Régions,27690909,Ouled Chamekh Sud
RDS_DICT_REGIONS_NSO,Régions,27690919,Ouled Chamekh Nord
RDS_DICT_REGIONS_NSO,Régions,27690929,Ouled Amor
RDS_DICT_REGIONS_NSO,Régions,27690939,Chehimet Nord
RDS_DICT_REGIONS_NSO,Régions,27690949,El Ajilet
RDS_DICT_REGIONS_NSO,Régions,27690959,Es-Somra
RDS_DICT_REGIONS_NSO,Régions,27690969,Bou Slim
RDS_DICT_REGIONS_NSO,Régions,27690979,Meharza Nord
RDS_DICT_REGIONS_NSO,Régions,3354,Délégation de Chorbane
RDS_DICT_REGIONS_NSO,Régions,27690989,Chorbane
RDS_DICT_REGIONS_NSO,Régions,27690999,El Mâati
RDS_DICT_REGIONS_NSO,Régions,27691009,Ech-Chahda Sud
RDS_DICT_REGIONS_NSO,Régions,27691019,Ech-Chahda Est
RDS_DICT_REGIONS_NSO,Régions,27691029,El Gouacem Ouest
RDS_DICT_REGIONS_NSO,Régions,27691039,El Gouacem Est
RDS_DICT_REGIONS_NSO,Régions,27691049,Ech- Charaf
RDS_DICT_REGIONS_NSO,Régions,27691059,El Gradha Ouest
RDS_DICT_REGIONS_NSO,Régions,27691069,El Gradha Est
RDS_DICT_REGIONS_NSO,Régions,27691079,Ouled El Hannachi
RDS_DICT_REGIONS_NSO,Régions,3355,Délégation de Hebira
RDS_DICT_REGIONS_NSO,Régions,27691089,Hebira
RDS_DICT_REGIONS_NSO,Régions,27691099,Menzel Hached
RDS_DICT_REGIONS_NSO,Régions,27691109,Regaïgua
RDS_DICT_REGIONS_NSO,Régions,27691119,Ech-Chahda Ouest
RDS_DICT_REGIONS_NSO,Régions,27691129,El Maherza Sud
RDS_DICT_REGIONS_NSO,Régions,3356,Délégation de Essouassi
RDS_DICT_REGIONS_NSO,Régions,27691139,Essouassi
RDS_DICT_REGIONS_NSO,Régions,27691149,Es-Saïda
RDS_DICT_REGIONS_NSO,Régions,27691159,Sidi Naceur
RDS_DICT_REGIONS_NSO,Régions,27691169,Sidi Zid
RDS_DICT_REGIONS_NSO,Régions,27691179,Bou Helal
RDS_DICT_REGIONS_NSO,Régions,27691189,Cherichira
RDS_DICT_REGIONS_NSO,Régions,27691199,El Kesasba
RDS_DICT_REGIONS_NSO,Régions,27691209,Ez-Zairat
RDS_DICT_REGIONS_NSO,Régions,27691219,Ouled Moulahem Nord
RDS_DICT_REGIONS_NSO,Régions,27691229,Ouled Moulahem Ouest
RDS_DICT_REGIONS_NSO,Régions,27691239,Ech-Chahimet sud
RDS_DICT_REGIONS_NSO,Régions,3357,Délégation de El Djem
RDS_DICT_REGIONS_NSO,Régions,27691249,Es-Zaouia
RDS_DICT_REGIONS_NSO,Régions,27691259,El Mourabitine
RDS_DICT_REGIONS_NSO,Régions,27691269,Riadh Bou Helal
RDS_DICT_REGIONS_NSO,Régions,27691279,El Aïtha
RDS_DICT_REGIONS_NSO,Régions,27691289,El Mechalet
RDS_DICT_REGIONS_NSO,Régions,27691299,Zeghabna
RDS_DICT_REGIONS_NSO,Régions,27691309,Touahria
RDS_DICT_REGIONS_NSO,Régions,27691319,EL Ababsa
RDS_DICT_REGIONS_NSO,Régions,27691329,Talalsa
RDS_DICT_REGIONS_NSO,Régions,27691339,El Achaba
RDS_DICT_REGIONS_NSO,Régions,3358,Délégation de Chebba
RDS_DICT_REGIONS_NSO,Régions,27691349,Chebba Nord
RDS_DICT_REGIONS_NSO,Régions,27691359,Chebba Sud
RDS_DICT_REGIONS_NSO,Régions,27691369,Es-Sâafet
RDS_DICT_REGIONS_NSO,Régions,3359,Délégation de Melloulech
RDS_DICT_REGIONS_NSO,Régions,27691379,Melloulech
RDS_DICT_REGIONS_NSO,Régions,27691389,El Aïtha
RDS_DICT_REGIONS_NSO,Régions,27691399,El Mansoura
RDS_DICT_REGIONS_NSO,Régions,27691409,Ben Hssine
RDS_DICT_REGIONS_NSO,Régions,27691419,Sidi Abdellaziz
RDS_DICT_REGIONS_NSO,Régions,3360,Délégation de Sidi Alouane
RDS_DICT_REGIONS_NSO,Régions,27691429,Sidi Alouane Ouest
RDS_DICT_REGIONS_NSO,Régions,27691439,Sidi Alouane Est
RDS_DICT_REGIONS_NSO,Régions,27691449,Zorda
RDS_DICT_REGIONS_NSO,Régions,27691459,Sakiet EL Khadem
RDS_DICT_REGIONS_NSO,Régions,27691469,El Bassatine
RDS_DICT_REGIONS_NSO,Régions,27691479,Oued Béja Nord
RDS_DICT_REGIONS_NSO,Régions,27691489,Oued Béja Sud
RDS_DICT_REGIONS_NSO,Régions,27691499,Zalba Est
RDS_DICT_REGIONS_NSO,Régions,27691509,Zalba Ouest
RDS_DICT_REGIONS_NSO,Régions,27691519,En-Nozha
RDS_DICT_REGIONS_NSO,Régions,27691529,Oued Guellat
RDS_DICT_REGIONS_NSO,Régions,27691539,Es- Sâada
RDS_DICT_REGIONS_NSO,Régions,3361,Délégation de Ksour Essef
RDS_DICT_REGIONS_NSO,Régions,27691549,El Ksar
RDS_DICT_REGIONS_NSO,Régions,27691559,Ksour Essaf Riadh
RDS_DICT_REGIONS_NSO,Régions,27691569,El Ktanine
RDS_DICT_REGIONS_NSO,Régions,27691579,Ksour Essaf Ettakaddoum
RDS_DICT_REGIONS_NSO,Régions,27691589,Salakta
RDS_DICT_REGIONS_NSO,Régions,27691599,Ghedabna
RDS_DICT_REGIONS_NSO,Régions,27691609,Ouled Salah
RDS_DICT_REGIONS_NSO,Régions,27691619,Sidi Assaker Ouest
RDS_DICT_REGIONS_NSO,Régions,27691629,Recharcha
RDS_DICT_REGIONS_NSO,Régions,27691639,EL Hessinet
RDS_DICT_REGIONS_NSO,Régions,27691649,El Bradâa Sud
RDS_DICT_REGIONS_NSO,Régions,27691659,El Bradâa Nord
RDS_DICT_REGIONS_NSO,Régions,34,Gouvernorat de Sfax
RDS_DICT_REGIONS_NSO,Régions,3451,Délégation de Sfax Ville
RDS_DICT_REGIONS_NSO,Régions,27691669,La Medina
RDS_DICT_REGIONS_NSO,Régions,27691679,Bab El Bhar
RDS_DICT_REGIONS_NSO,Régions,27691689,Cité El Kairi
RDS_DICT_REGIONS_NSO,Régions,27691699,El Bassatine
RDS_DICT_REGIONS_NSO,Régions,27691709,Er-Rbadh
RDS_DICT_REGIONS_NSO,Régions,27691719,15-nov.
RDS_DICT_REGIONS_NSO,Régions,27691729,Aïn Chaikh Rouhou
RDS_DICT_REGIONS_NSO,Régions,27691739,Cité Ettaouidhi
RDS_DICT_REGIONS_NSO,Régions,27691749,Merkez Kaddour
RDS_DICT_REGIONS_NSO,Régions,27691759,Merkez El Pacha
RDS_DICT_REGIONS_NSO,Régions,27691769,Sidi Abbès
RDS_DICT_REGIONS_NSO,Régions,27691779,Mohamed Ali
RDS_DICT_REGIONS_NSO,Régions,3452,Délégation de Sfax Ouest
RDS_DICT_REGIONS_NSO,Régions,27691789,Merkez Chaker
RDS_DICT_REGIONS_NSO,Régions,27691799,Cité El Habib
RDS_DICT_REGIONS_NSO,Régions,27691809,Soukra
RDS_DICT_REGIONS_NSO,Régions,27691819,El Alia
RDS_DICT_REGIONS_NSO,Régions,27691829,Oued Er-Rmel
RDS_DICT_REGIONS_NSO,Régions,27691839,El Houda
RDS_DICT_REGIONS_NSO,Régions,27691849,Cité EL Bahri
RDS_DICT_REGIONS_NSO,Régions,3453,Délégation de Sakiet Ezzit
RDS_DICT_REGIONS_NSO,Régions,27691859,Sakiet Ezzit
RDS_DICT_REGIONS_NSO,Régions,27691869,Merkez Bouassida
RDS_DICT_REGIONS_NSO,Régions,27691879,Es-Sedra
RDS_DICT_REGIONS_NSO,Régions,27691889,Chihia
RDS_DICT_REGIONS_NSO,Régions,27691899,Teniour
RDS_DICT_REGIONS_NSO,Régions,27691909,Sidi Salah
RDS_DICT_REGIONS_NSO,Régions,27691919,El ons
RDS_DICT_REGIONS_NSO,Régions,3454,Délégation de Sakiet Eddaïer
RDS_DICT_REGIONS_NSO,Régions,27691929,Sakiet Eddaier
RDS_DICT_REGIONS_NSO,Régions,27691939,Khiria
RDS_DICT_REGIONS_NSO,Régions,27691949,Merkez Es-Sebaï
RDS_DICT_REGIONS_NSO,Régions,27691959,Bedarna
RDS_DICT_REGIONS_NSO,Régions,27691969,Sidi Mansour
RDS_DICT_REGIONS_NSO,Régions,27691979,Cité Bourguiba
RDS_DICT_REGIONS_NSO,Régions,27691989,Saltnia
RDS_DICT_REGIONS_NSO,Régions,27691999,Merkez Kâaniche
RDS_DICT_REGIONS_NSO,Régions,3455,Délégation de Sfax Sud
RDS_DICT_REGIONS_NSO,Régions,27692009,El Aïn
RDS_DICT_REGIONS_NSO,Régions,27692019,Gremda
RDS_DICT_REGIONS_NSO,Régions,27692029,Bouzaïane
RDS_DICT_REGIONS_NSO,Régions,27692039,El Afrane Nord
RDS_DICT_REGIONS_NSO,Régions,27692049,Khazanet
RDS_DICT_REGIONS_NSO,Régions,27692059,El Aouabed
RDS_DICT_REGIONS_NSO,Régions,27692069,Ayoun El Mayel
RDS_DICT_REGIONS_NSO,Régions,3456,Délégation de Tina
RDS_DICT_REGIONS_NSO,Régions,27692079,Tina
RDS_DICT_REGIONS_NSO,Régions,27692089,Sidi Abid
RDS_DICT_REGIONS_NSO,Régions,27692099,El Hajeb
RDS_DICT_REGIONS_NSO,Régions,3457,Délégation de Agareb
RDS_DICT_REGIONS_NSO,Régions,27692109,Agareb
RDS_DICT_REGIONS_NSO,Régions,27692119,Gargour
RDS_DICT_REGIONS_NSO,Régions,27692129,Bouledhieb
RDS_DICT_REGIONS_NSO,Régions,27692139,El Mahrouka
RDS_DICT_REGIONS_NSO,Régions,27692149,Ettorba
RDS_DICT_REGIONS_NSO,Régions,27692159,Ben Sahloun
RDS_DICT_REGIONS_NSO,Régions,27692169,Zeliana
RDS_DICT_REGIONS_NSO,Régions,27692179,Es-Soghar
RDS_DICT_REGIONS_NSO,Régions,3458,Délégation de Djebeniana
RDS_DICT_REGIONS_NSO,Régions,27692189,Djebeniana
RDS_DICT_REGIONS_NSO,Régions,27692199,Batria
RDS_DICT_REGIONS_NSO,Régions,27692209,Baltech
RDS_DICT_REGIONS_NSO,Régions,27692219,Hazeg
RDS_DICT_REGIONS_NSO,Régions,27692229,EL Kalelja
RDS_DICT_REGIONS_NSO,Régions,27692239,El Ajengna
RDS_DICT_REGIONS_NSO,Régions,27692249,El Louza
RDS_DICT_REGIONS_NSO,Régions,27692259,El Houdh
RDS_DICT_REGIONS_NSO,Régions,3459,Délégation de El Amra
RDS_DICT_REGIONS_NSO,Régions,27692269,El Amra
RDS_DICT_REGIONS_NSO,Régions,27692279,Beliana
RDS_DICT_REGIONS_NSO,Régions,27692289,El Mesatria
RDS_DICT_REGIONS_NSO,Régions,27692299,Es Salam
RDS_DICT_REGIONS_NSO,Régions,27692309,Dherra Beni Ziad
RDS_DICT_REGIONS_NSO,Régions,27692319,Bou Derbala
RDS_DICT_REGIONS_NSO,Régions,3460,Délégation de El Hencha
RDS_DICT_REGIONS_NSO,Régions,27692329,El Hencha
RDS_DICT_REGIONS_NSO,Régions,27692339,En-Nasr
RDS_DICT_REGIONS_NSO,Régions,27692349,Sidi Hassen Belhaj
RDS_DICT_REGIONS_NSO,Régions,27692359,Dokhane
RDS_DICT_REGIONS_NSO,Régions,27692369,Bir Chaaba
RDS_DICT_REGIONS_NSO,Régions,27692379,Merkez Mosbah
RDS_DICT_REGIONS_NSO,Régions,27692389,Bir Salah
RDS_DICT_REGIONS_NSO,Régions,27692399,El Hajjara
RDS_DICT_REGIONS_NSO,Régions,27692409,Jouaouda
RDS_DICT_REGIONS_NSO,Régions,3461,Délégation de Menzel Chaker
RDS_DICT_REGIONS_NSO,Régions,27692419,Menzel Chaker
RDS_DICT_REGIONS_NSO,Régions,27692429,Bou Jarboue
RDS_DICT_REGIONS_NSO,Régions,27692439,Majel Edarj
RDS_DICT_REGIONS_NSO,Régions,27692449,Bir Mellouli
RDS_DICT_REGIONS_NSO,Régions,27692459,Bechka
RDS_DICT_REGIONS_NSO,Régions,27692469,Bou-Thadi
RDS_DICT_REGIONS_NSO,Régions,27692479,El Bokâa El Bidha
RDS_DICT_REGIONS_NSO,Régions,27692489,El Aouadhna
RDS_DICT_REGIONS_NSO,Régions,27692499,Telil El Ajla
RDS_DICT_REGIONS_NSO,Régions,27692509,El Achech
RDS_DICT_REGIONS_NSO,Régions,27692519,El Hadj Kacem
RDS_DICT_REGIONS_NSO,Régions,27692529,Chaleb
RDS_DICT_REGIONS_NSO,Régions,3462,Délégation de Ghraiba
RDS_DICT_REGIONS_NSO,Régions,27692539,EL Ghraiba
RDS_DICT_REGIONS_NSO,Régions,27692549,El Manar
RDS_DICT_REGIONS_NSO,Régions,27692559,El Hchichina Sud
RDS_DICT_REGIONS_NSO,Régions,27692569,Hchichina Nord
RDS_DICT_REGIONS_NSO,Régions,27692579,El Châal
RDS_DICT_REGIONS_NSO,Régions,3463,Délégation de Bir ali Ben Kelifa
RDS_DICT_REGIONS_NSO,Régions,27692589,Bir Ali Ben Khelifa
RDS_DICT_REGIONS_NSO,Régions,27692599,Sidi Dhaher
RDS_DICT_REGIONS_NSO,Régions,27692609,Sidi Ali Belabed
RDS_DICT_REGIONS_NSO,Régions,27692619,Bou Slim
RDS_DICT_REGIONS_NSO,Régions,27692629,El Abraj
RDS_DICT_REGIONS_NSO,Régions,27692639,Sdiret Sud
RDS_DICT_REGIONS_NSO,Régions,27692649,Sdiret Nord
RDS_DICT_REGIONS_NSO,Régions,27692659,El Gandoul
RDS_DICT_REGIONS_NSO,Régions,27692669,Oued Ech-Cheikh
RDS_DICT_REGIONS_NSO,Régions,27692679,Ouadrane Sud
RDS_DICT_REGIONS_NSO,Régions,27692689,Ouadrane Nord
RDS_DICT_REGIONS_NSO,Régions,27692699,En-Nadhour
RDS_DICT_REGIONS_NSO,Régions,3464,Délégation de Skhira
RDS_DICT_REGIONS_NSO,Régions,27692709,Sbih
RDS_DICT_REGIONS_NSO,Régions,27692719,El Khadhra
RDS_DICT_REGIONS_NSO,Régions,27692729,Naoual
RDS_DICT_REGIONS_NSO,Régions,27692739,Skhira
RDS_DICT_REGIONS_NSO,Régions,27692749,El Kenitra
RDS_DICT_REGIONS_NSO,Régions,27692759,Sidi Mohamed
RDS_DICT_REGIONS_NSO,Régions,27692769,El Hammada
RDS_DICT_REGIONS_NSO,Régions,3465,Délégation de Mahres
RDS_DICT_REGIONS_NSO,Régions,27692779,Mahrès
RDS_DICT_REGIONS_NSO,Régions,27692789,Mahres Sud
RDS_DICT_REGIONS_NSO,Régions,27692799,Chaffar
RDS_DICT_REGIONS_NSO,Régions,27692809,Sidi Ghrib
RDS_DICT_REGIONS_NSO,Régions,27692819,Aïthet Chelaia
RDS_DICT_REGIONS_NSO,Régions,27692829,Es-Smara
RDS_DICT_REGIONS_NSO,Régions,3466,Délégation de Kerkenah
RDS_DICT_REGIONS_NSO,Régions,27692839,El Ataya
RDS_DICT_REGIONS_NSO,Régions,27692849,El Ramla
RDS_DICT_REGIONS_NSO,Régions,27692859,Sidi Frej
RDS_DICT_REGIONS_NSO,Régions,27692869,Melita
RDS_DICT_REGIONS_NSO,Régions,27692879,El Kalabine
RDS_DICT_REGIONS_NSO,Régions,27692889,En-Najet
RDS_DICT_REGIONS_NSO,Régions,27692899,El Chargui
RDS_DICT_REGIONS_NSO,Régions,27692909,El Kantra
RDS_DICT_REGIONS_NSO,Régions,27692919,El Kraten
RDS_DICT_REGIONS_NSO,Régions,27692929,Ouled Kacem
RDS_DICT_REGIONS_NSO,Régions,4,Centre Ouest
RDS_DICT_REGIONS_NSO,Régions,41,Gouvernorat de Kairouan
RDS_DICT_REGIONS_NSO,Régions,4151,Délégation de Kairouan Nord
RDS_DICT_REGIONS_NSO,Régions,27692939,Al Ansar
RDS_DICT_REGIONS_NSO,Régions,27692949,El Jemâa Nord
RDS_DICT_REGIONS_NSO,Régions,27692959,El Jemâa Sud
RDS_DICT_REGIONS_NSO,Régions,27692969,Kebilia Nord
RDS_DICT_REGIONS_NSO,Régions,27692979,Jeblia Nord
RDS_DICT_REGIONS_NSO,Régions,27692989,Jeblia Sud
RDS_DICT_REGIONS_NSO,Régions,27692999,El Menchia
RDS_DICT_REGIONS_NSO,Régions,27693009,Al Aghalba
RDS_DICT_REGIONS_NSO,Régions,27693019,Elbaten
RDS_DICT_REGIONS_NSO,Régions,27693029,Dheraa Ettammar
RDS_DICT_REGIONS_NSO,Régions,27693039,El Motabasseta
RDS_DICT_REGIONS_NSO,Régions,27693049,El Ghabet
RDS_DICT_REGIONS_NSO,Régions,4152,Délégation de Kairouan Sud
RDS_DICT_REGIONS_NSO,Régions,27693059,Elmansoura Nord
RDS_DICT_REGIONS_NSO,Régions,27693069,Elmansoura Sud
RDS_DICT_REGIONS_NSO,Régions,27693079,Keblia Sud
RDS_DICT_REGIONS_NSO,Régions,27693089,Merguellil
RDS_DICT_REGIONS_NSO,Régions,27693099,Rakada
RDS_DICT_REGIONS_NSO,Régions,27693109,Zroud
RDS_DICT_REGIONS_NSO,Régions,27693119,Ettaen
RDS_DICT_REGIONS_NSO,Régions,27693129,Ouled Nhar
RDS_DICT_REGIONS_NSO,Régions,27693139,Khazazia
RDS_DICT_REGIONS_NSO,Régions,27693149,El Makhsouma
RDS_DICT_REGIONS_NSO,Régions,27693159,Nebech
RDS_DICT_REGIONS_NSO,Régions,27693169,Zâafrana
RDS_DICT_REGIONS_NSO,Régions,27693179,El Khadra
RDS_DICT_REGIONS_NSO,Régions,27693189,El Hamem
RDS_DICT_REGIONS_NSO,Régions,27693199,Beriket El Argoub
RDS_DICT_REGIONS_NSO,Régions,4153,Délégation de Echebika
RDS_DICT_REGIONS_NSO,Régions,27693209,Echbika
RDS_DICT_REGIONS_NSO,Régions,27693219,Jaouaouda
RDS_DICT_REGIONS_NSO,Régions,27693229,El Aouamria
RDS_DICT_REGIONS_NSO,Régions,27693239,Errouisset
RDS_DICT_REGIONS_NSO,Régions,27693249,Abida
RDS_DICT_REGIONS_NSO,Régions,27693259,Sidi Ali Ben Salem
RDS_DICT_REGIONS_NSO,Régions,27693269,Hammed
RDS_DICT_REGIONS_NSO,Régions,27693279,El Karma
RDS_DICT_REGIONS_NSO,Régions,4154,Délégation de Sbikha
RDS_DICT_REGIONS_NSO,Régions,27693289,Sbikha Centre
RDS_DICT_REGIONS_NSO,Régions,27693299,Aîn Bou Morra
RDS_DICT_REGIONS_NSO,Régions,27693309,El Friouet
RDS_DICT_REGIONS_NSO,Régions,27693319,Sidi Messaoud
RDS_DICT_REGIONS_NSO,Régions,27693329,Ed-Dekhila
RDS_DICT_REGIONS_NSO,Régions,27693339,Ed-Dheriaat
RDS_DICT_REGIONS_NSO,Régions,27693349,El Gfi
RDS_DICT_REGIONS_NSO,Régions,27693359,El Alam
RDS_DICT_REGIONS_NSO,Régions,27693369,El Katifa
RDS_DICT_REGIONS_NSO,Régions,27693379,El Aouitha
RDS_DICT_REGIONS_NSO,Régions,27693389,Sisseb
RDS_DICT_REGIONS_NSO,Régions,27693399,Ech-Chorfa
RDS_DICT_REGIONS_NSO,Régions,27693409,Chogafia
RDS_DICT_REGIONS_NSO,Régions,27693419,Serdiania
RDS_DICT_REGIONS_NSO,Régions,27693429,Oued El Khraouia
RDS_DICT_REGIONS_NSO,Régions,4155,Délégation de EL Ouslatia
RDS_DICT_REGIONS_NSO,Régions,27693439,Mâarouf
RDS_DICT_REGIONS_NSO,Régions,27693449,El Ooueslatia Est
RDS_DICT_REGIONS_NSO,Régions,27693459,El Ooueslatia Ouest
RDS_DICT_REGIONS_NSO,Régions,27693469,El Menzel
RDS_DICT_REGIONS_NSO,Régions,27693479,Djebel Essarj
RDS_DICT_REGIONS_NSO,Régions,27693489,Zaghdoud
RDS_DICT_REGIONS_NSO,Régions,27693499,Djebel Oouestat
RDS_DICT_REGIONS_NSO,Régions,27693509,Djebel Erreihane
RDS_DICT_REGIONS_NSO,Régions,27693519,Aîn Djeloula
RDS_DICT_REGIONS_NSO,Régions,27693529,Oued El Ksab
RDS_DICT_REGIONS_NSO,Régions,27693539,El Behaîr
RDS_DICT_REGIONS_NSO,Régions,4156,Délégation de Haffouz
RDS_DICT_REGIONS_NSO,Régions,27693549,Hafouz Centre
RDS_DICT_REGIONS_NSO,Régions,27693559,Khit El Oued
RDS_DICT_REGIONS_NSO,Régions,27693569,Oued El Jabbès
RDS_DICT_REGIONS_NSO,Régions,27693579,El Aîn El Beidha
RDS_DICT_REGIONS_NSO,Régions,27693589,El Houfia
RDS_DICT_REGIONS_NSO,Régions,27693599,Cherichira
RDS_DICT_REGIONS_NSO,Régions,27693609,Traza Sud
RDS_DICT_REGIONS_NSO,Régions,27693619,Ouled Khalfallah
RDS_DICT_REGIONS_NSO,Régions,4157,Délégation de El Alâa
RDS_DICT_REGIONS_NSO,Régions,27693629,El Alâa
RDS_DICT_REGIONS_NSO,Régions,27693639,EL Messaïd
RDS_DICT_REGIONS_NSO,Régions,27693649,El Guettar
RDS_DICT_REGIONS_NSO,Régions,27693659,Messiouta El Hanachir
RDS_DICT_REGIONS_NSO,Régions,27693669,Messiouta Ennaguaz
RDS_DICT_REGIONS_NSO,Régions,27693679,Sayada Nord
RDS_DICT_REGIONS_NSO,Régions,27693689,Sayada Sud
RDS_DICT_REGIONS_NSO,Régions,27693699,Ouled Amor
RDS_DICT_REGIONS_NSO,Régions,27693709,Tarza Nord
RDS_DICT_REGIONS_NSO,Régions,4158,Délégation de Hajeb el Ayoun
RDS_DICT_REGIONS_NSO,Régions,27693719,El Hajeb Centre
RDS_DICT_REGIONS_NSO,Régions,27693729,Ahouaz EL Hajeb
RDS_DICT_REGIONS_NSO,Régions,27693739,Chaouachi
RDS_DICT_REGIONS_NSO,Régions,27693749,Esserja
RDS_DICT_REGIONS_NSO,Régions,27693759,El Kantra
RDS_DICT_REGIONS_NSO,Régions,27693769,El Hadaya
RDS_DICT_REGIONS_NSO,Régions,27693779,EL Ghouiba
RDS_DICT_REGIONS_NSO,Régions,27693789,Oued EL Hajel
RDS_DICT_REGIONS_NSO,Régions,27693799,Errehima
RDS_DICT_REGIONS_NSO,Régions,4159,Délégation de Nasrallah
RDS_DICT_REGIONS_NSO,Régions,27693809,Nasrallah Centre
RDS_DICT_REGIONS_NSO,Régions,27693819,Nasrallah Banlieue
RDS_DICT_REGIONS_NSO,Régions,27693829,El Hmidet
RDS_DICT_REGIONS_NSO,Régions,27693839,El Fejij
RDS_DICT_REGIONS_NSO,Régions,27693849,Ettouila
RDS_DICT_REGIONS_NSO,Régions,27693859,El Manara
RDS_DICT_REGIONS_NSO,Régions,27693869,El Kabbara
RDS_DICT_REGIONS_NSO,Régions,27693879,EL Briket
RDS_DICT_REGIONS_NSO,Régions,4160,Délégation de Echrarda
RDS_DICT_REGIONS_NSO,Régions,27693889,Echrarda
RDS_DICT_REGIONS_NSO,Régions,27693899,Bir El Helou
RDS_DICT_REGIONS_NSO,Régions,27693909,Ouled Farjallah Sud
RDS_DICT_REGIONS_NSO,Régions,27693919,Cheraitia Sud
RDS_DICT_REGIONS_NSO,Régions,27693929,El Ksour
RDS_DICT_REGIONS_NSO,Régions,4161,Délégation de Bouhajla
RDS_DICT_REGIONS_NSO,Régions,27693939,Bouhajla Centre
RDS_DICT_REGIONS_NSO,Régions,27693949,Bouhajla El Ahouez
RDS_DICT_REGIONS_NSO,Régions,27693959,Jehina Sud
RDS_DICT_REGIONS_NSO,Régions,27693969,Jehina Nord
RDS_DICT_REGIONS_NSO,Régions,27693979,El Ketitir
RDS_DICT_REGIONS_NSO,Régions,27693989,Ouled Achour
RDS_DICT_REGIONS_NSO,Régions,27693999,El Fatah
RDS_DICT_REGIONS_NSO,Régions,27694009,Ouled Fardjallah Nord
RDS_DICT_REGIONS_NSO,Régions,27694019,Ennasr
RDS_DICT_REGIONS_NSO,Régions,27694029,Bir Msikine
RDS_DICT_REGIONS_NSO,Régions,27694039,El Mouisset
RDS_DICT_REGIONS_NSO,Régions,27694049,Bir Bousari
RDS_DICT_REGIONS_NSO,Régions,27694059,Cheraitia Nord
RDS_DICT_REGIONS_NSO,Régions,27694069,Chouamekh
RDS_DICT_REGIONS_NSO,Régions,42,Gouvernorat de Kasserine
RDS_DICT_REGIONS_NSO,Régions,4253,Délégation de Ezzouhour
RDS_DICT_REGIONS_NSO,Régions,27694199,Ezzouhour Est(1)
RDS_DICT_REGIONS_NSO,Régions,27694209,Ezzouhour Est (2)
RDS_DICT_REGIONS_NSO,Régions,27694219,Ezzouhour Ouest (1)
RDS_DICT_REGIONS_NSO,Régions,27694229,Ezzouhour Ouest (2)
RDS_DICT_REGIONS_NSO,Régions,27694239,Ezzouhour Ouest (3)
RDS_DICT_REGIONS_NSO,Régions,27694249,Ezzouhour Ouest (4)
RDS_DICT_REGIONS_NSO,Régions,4251,Délégation de Kasserine Nord
RDS_DICT_REGIONS_NSO,Régions,27694079,Ennour Est
RDS_DICT_REGIONS_NSO,Régions,27694089,Ennour Ouest
RDS_DICT_REGIONS_NSO,Régions,27694099,EL Bassatine
RDS_DICT_REGIONS_NSO,Régions,27694109,EL Khadhra
RDS_DICT_REGIONS_NSO,Régions,27694119,El Arich
RDS_DICT_REGIONS_NSO,Régions,27694129,Boulâaba
RDS_DICT_REGIONS_NSO,Régions,4252,Délégation de Kasserine Sud
RDS_DICT_REGIONS_NSO,Régions,27694139,El Aouija
RDS_DICT_REGIONS_NSO,Régions,27694149,Boulhijet
RDS_DICT_REGIONS_NSO,Régions,27694159,Meghdoudech
RDS_DICT_REGIONS_NSO,Régions,27694169,Bouzguam
RDS_DICT_REGIONS_NSO,Régions,27694179,Eddoghra
RDS_DICT_REGIONS_NSO,Régions,27694189,Sidi Harreth
RDS_DICT_REGIONS_NSO,Régions,4254,Délégation de Hassi Ferid
RDS_DICT_REGIONS_NSO,Régions,27694259,Hassi El Ferid
RDS_DICT_REGIONS_NSO,Régions,27694269,El Hechim
RDS_DICT_REGIONS_NSO,Régions,27694279,Khanguet Jezia
RDS_DICT_REGIONS_NSO,Régions,27694289,Essalloum
RDS_DICT_REGIONS_NSO,Régions,27694299,EL Kamour
RDS_DICT_REGIONS_NSO,Régions,4255,Délégation de Sbeitla
RDS_DICT_REGIONS_NSO,Régions,27694309,Sbeitla
RDS_DICT_REGIONS_NSO,Régions,27694319,Cité Essourour
RDS_DICT_REGIONS_NSO,Régions,27694329,Semama
RDS_DICT_REGIONS_NSO,Régions,27694339,Errakhmet
RDS_DICT_REGIONS_NSO,Régions,27694349,El Gounna
RDS_DICT_REGIONS_NSO,Régions,27694359,Eddouleb
RDS_DICT_REGIONS_NSO,Régions,27694369,Ech-Charaya
RDS_DICT_REGIONS_NSO,Régions,27694379,Machrek Ech-Chams
RDS_DICT_REGIONS_NSO,Régions,27694389,Ouassaia
RDS_DICT_REGIONS_NSO,Régions,27694399,El Khadhra
RDS_DICT_REGIONS_NSO,Régions,27694409,EL Athar
RDS_DICT_REGIONS_NSO,Régions,27694419,EL Mezara
RDS_DICT_REGIONS_NSO,Régions,27694429,El Garâa El Hamra
RDS_DICT_REGIONS_NSO,Régions,27694439,EL Ksar
RDS_DICT_REGIONS_NSO,Régions,4256,Délégation de Sbiba
RDS_DICT_REGIONS_NSO,Régions,27694449,Sbiba
RDS_DICT_REGIONS_NSO,Régions,27694459,El Ahouaz
RDS_DICT_REGIONS_NSO,Régions,27694469,Oued El Hatab
RDS_DICT_REGIONS_NSO,Régions,27694479,Brahim Ezzahhar
RDS_DICT_REGIONS_NSO,Régions,27694489,Aïn Zaiene
RDS_DICT_REGIONS_NSO,Régions,27694499,Ethamed
RDS_DICT_REGIONS_NSO,Régions,27694509,Aïn El Khemaïssia
RDS_DICT_REGIONS_NSO,Régions,4257,Délégation de Djedeliane
RDS_DICT_REGIONS_NSO,Régions,27694519,Djedliane
RDS_DICT_REGIONS_NSO,Régions,27694529,Fej Terbah
RDS_DICT_REGIONS_NSO,Régions,27694539,Aïn El Hamadna
RDS_DICT_REGIONS_NSO,Régions,27694549,Mehrza
RDS_DICT_REGIONS_NSO,Régions,27694559,Aïn Oum El Jedour
RDS_DICT_REGIONS_NSO,Régions,4258,Délégation de El Ayoun
RDS_DICT_REGIONS_NSO,Régions,27694569,El Ayoun
RDS_DICT_REGIONS_NSO,Régions,27694579,El Grine
RDS_DICT_REGIONS_NSO,Régions,27694589,El Brek
RDS_DICT_REGIONS_NSO,Régions,27694599,El Baouajer
RDS_DICT_REGIONS_NSO,Régions,27694609,Tiwicha
RDS_DICT_REGIONS_NSO,Régions,27694619,Aïn Esselsela
RDS_DICT_REGIONS_NSO,Régions,4259,Délégation de Thala
RDS_DICT_REGIONS_NSO,Régions,27694629,Thala Est
RDS_DICT_REGIONS_NSO,Régions,27694639,Thala Ouest
RDS_DICT_REGIONS_NSO,Régions,27694649,Eddachra
RDS_DICT_REGIONS_NSO,Régions,27694659,Aïn Aj-Jadeida
RDS_DICT_REGIONS_NSO,Régions,27694669,Barmajna
RDS_DICT_REGIONS_NSO,Régions,27694679,Oued Errachech
RDS_DICT_REGIONS_NSO,Régions,27694689,El Joua
RDS_DICT_REGIONS_NSO,Régions,27694699,El Hamed
RDS_DICT_REGIONS_NSO,Régions,27694709,Zelfane
RDS_DICT_REGIONS_NSO,Régions,27694719,Boulahnech
RDS_DICT_REGIONS_NSO,Régions,27694729,Sidi M'hammed
RDS_DICT_REGIONS_NSO,Régions,27694739,Ouljet Edhel
RDS_DICT_REGIONS_NSO,Régions,27694749,Ech-Chaffaï
RDS_DICT_REGIONS_NSO,Régions,4260,Délégation de Hidra
RDS_DICT_REGIONS_NSO,Régions,27694759,Hidra
RDS_DICT_REGIONS_NSO,Régions,27694769,T'baga
RDS_DICT_REGIONS_NSO,Régions,27694779,El Mekimen
RDS_DICT_REGIONS_NSO,Régions,27694789,Lajrad
RDS_DICT_REGIONS_NSO,Régions,27694799,Es-Sray
RDS_DICT_REGIONS_NSO,Régions,27694809,Aïn Eddefla
RDS_DICT_REGIONS_NSO,Régions,4261,Délégation de Foussana
RDS_DICT_REGIONS_NSO,Régions,27694819,Foussana
RDS_DICT_REGIONS_NSO,Régions,27694829,Foussana Lahouaz
RDS_DICT_REGIONS_NSO,Régions,27694839,Khmouda Nord
RDS_DICT_REGIONS_NSO,Régions,27694849,Khmouda Sud
RDS_DICT_REGIONS_NSO,Régions,27694859,Ouled Mahfoudh
RDS_DICT_REGIONS_NSO,Régions,27694869,Afrane
RDS_DICT_REGIONS_NSO,Régions,27694879,El Meziraa
RDS_DICT_REGIONS_NSO,Régions,27694889,El Aadhira
RDS_DICT_REGIONS_NSO,Régions,27694899,El Hazza
RDS_DICT_REGIONS_NSO,Régions,27694909,EL Brika
RDS_DICT_REGIONS_NSO,Régions,27694919,Bouderiass
RDS_DICT_REGIONS_NSO,Régions,27694929,Aïn El Jinene
RDS_DICT_REGIONS_NSO,Régions,27694939,Er-Rtibet
RDS_DICT_REGIONS_NSO,Régions,4262,Délégation de Feriana
RDS_DICT_REGIONS_NSO,Régions,27694949,Feriana
RDS_DICT_REGIONS_NSO,Régions,27694959,El Erg
RDS_DICT_REGIONS_NSO,Régions,27694969,El Ahouach
RDS_DICT_REGIONS_NSO,Régions,27694979,Es-Skhirat
RDS_DICT_REGIONS_NSO,Régions,27694989,El Arâar
RDS_DICT_REGIONS_NSO,Régions,27694999,Hanachi
RDS_DICT_REGIONS_NSO,Régions,27695009,Garet En-Nâam
RDS_DICT_REGIONS_NSO,Régions,27695019,Bouchebka
RDS_DICT_REGIONS_NSO,Régions,27695029,Om Ali
RDS_DICT_REGIONS_NSO,Régions,27695039,Bouhaya
RDS_DICT_REGIONS_NSO,Régions,27695049,Telept
RDS_DICT_REGIONS_NSO,Régions,27695059,Abdeladhim
RDS_DICT_REGIONS_NSO,Régions,4263,Délégation de Majel Bel Abbès
RDS_DICT_REGIONS_NSO,Régions,27695069,Majel Bel Abbes Nord
RDS_DICT_REGIONS_NSO,Régions,27695079,Majel Bel Abbes Sud
RDS_DICT_REGIONS_NSO,Régions,27695089,Oum Laksab
RDS_DICT_REGIONS_NSO,Régions,27695099,Ennadhour
RDS_DICT_REGIONS_NSO,Régions,27695109,Henchir Oum El Khir
RDS_DICT_REGIONS_NSO,Régions,27695119,Soula
RDS_DICT_REGIONS_NSO,Régions,27695129,Grouâ El Jedra
RDS_DICT_REGIONS_NSO,Régions,43,Gouvernorat de Sidi Bouzid
RDS_DICT_REGIONS_NSO,Régions,4351,Délégation de Sidi Bouzid Ouest
RDS_DICT_REGIONS_NSO,Régions,27695139,Sidi Bouzid
RDS_DICT_REGIONS_NSO,Régions,27695149,Ennour
RDS_DICT_REGIONS_NSO,Régions,27695159,Sidi Salem
RDS_DICT_REGIONS_NSO,Régions,27695169,EL Hichria
RDS_DICT_REGIONS_NSO,Régions,27695179,El Friou
RDS_DICT_REGIONS_NSO,Régions,27695189,Sadakia
RDS_DICT_REGIONS_NSO,Régions,27695199,Oum El Adham (1)
RDS_DICT_REGIONS_NSO,Régions,27695209,Oum EL Adham (2)
RDS_DICT_REGIONS_NSO,Régions,27695219,Ettouila
RDS_DICT_REGIONS_NSO,Régions,27695229,Ennasr
RDS_DICT_REGIONS_NSO,Régions,27695239,Sidi Bouzid Sud
RDS_DICT_REGIONS_NSO,Régions,27695249,Sidi Bouzid Ouest
RDS_DICT_REGIONS_NSO,Régions,4352,Délégation de Sidi Bouzid Est
RDS_DICT_REGIONS_NSO,Régions,27695259,El Ahouaz
RDS_DICT_REGIONS_NSO,Régions,27695269,Bennour
RDS_DICT_REGIONS_NSO,Régions,27695279,Faiedh
RDS_DICT_REGIONS_NSO,Régions,27695289,EL Assouad
RDS_DICT_REGIONS_NSO,Régions,27695299,EL Amra
RDS_DICT_REGIONS_NSO,Régions,27695309,El Makarem
RDS_DICT_REGIONS_NSO,Régions,27695319,EL Makarem Est
RDS_DICT_REGIONS_NSO,Régions,27695329,El Okla
RDS_DICT_REGIONS_NSO,Régions,27695339,Aïn Rebaou
RDS_DICT_REGIONS_NSO,Régions,27695349,El Henia Abazid
RDS_DICT_REGIONS_NSO,Régions,27695359,Garet hadid
RDS_DICT_REGIONS_NSO,Régions,27695369,Ezzitouna
RDS_DICT_REGIONS_NSO,Régions,4353,Délégation de Jilma
RDS_DICT_REGIONS_NSO,Régions,27695379,Jilma Est
RDS_DICT_REGIONS_NSO,Régions,27695389,Jilma Ouest
RDS_DICT_REGIONS_NSO,Régions,27695399,Lazirek
RDS_DICT_REGIONS_NSO,Régions,27695409,Selta
RDS_DICT_REGIONS_NSO,Régions,27695419,Zoghmar
RDS_DICT_REGIONS_NSO,Régions,27695429,Ghedir Ezzitoun
RDS_DICT_REGIONS_NSO,Régions,27695439,Baten Elghézel Sud
RDS_DICT_REGIONS_NSO,Régions,27695449,Baten Elghézel Nord
RDS_DICT_REGIONS_NSO,Régions,27695459,El Adhla
RDS_DICT_REGIONS_NSO,Régions,27695469,El Hamima
RDS_DICT_REGIONS_NSO,Régions,27695479,El Abaiedh
RDS_DICT_REGIONS_NSO,Régions,4354,Délégation de Cebalet Ouled Asker
RDS_DICT_REGIONS_NSO,Régions,27695489,Cebalet
RDS_DICT_REGIONS_NSO,Régions,27695499,El Amra
RDS_DICT_REGIONS_NSO,Régions,27695509,Essed
RDS_DICT_REGIONS_NSO,Régions,27695519,Meghila
RDS_DICT_REGIONS_NSO,Régions,27695529,El Ayoun
RDS_DICT_REGIONS_NSO,Régions,4355,Délégation de Bir El Hafey
RDS_DICT_REGIONS_NSO,Régions,27695539,Bir El Hafey
RDS_DICT_REGIONS_NSO,Régions,27695549,El Mohamdia
RDS_DICT_REGIONS_NSO,Régions,27695559,El Ksar
RDS_DICT_REGIONS_NSO,Régions,27695569,Bir Amama
RDS_DICT_REGIONS_NSO,Régions,27695579,El Mezara
RDS_DICT_REGIONS_NSO,Régions,27695589,Essalama
RDS_DICT_REGIONS_NSO,Régions,27695599,Ourgha
RDS_DICT_REGIONS_NSO,Régions,27695609,Rahal
RDS_DICT_REGIONS_NSO,Régions,27695619,Bir Bousbiaa
RDS_DICT_REGIONS_NSO,Régions,4356,Délégation de Sidi Ali Ben Aoûn
RDS_DICT_REGIONS_NSO,Régions,27695629,Sidi Ali Ben Aoun
RDS_DICT_REGIONS_NSO,Régions,27695639,Errabta
RDS_DICT_REGIONS_NSO,Régions,27695649,Essahla
RDS_DICT_REGIONS_NSO,Régions,27695659,El Ouaara
RDS_DICT_REGIONS_NSO,Régions,27695669,Ouled Brahim
RDS_DICT_REGIONS_NSO,Régions,27695679,El Mansoura Est
RDS_DICT_REGIONS_NSO,Régions,27695689,El Mansoura Ouest
RDS_DICT_REGIONS_NSO,Régions,4357,Délégation de Menzel Bouzaïenne
RDS_DICT_REGIONS_NSO,Régions,27695699,Menzel Bouzaïane
RDS_DICT_REGIONS_NSO,Régions,27695709,En-Nouamer
RDS_DICT_REGIONS_NSO,Régions,27695719,Kallel
RDS_DICT_REGIONS_NSO,Régions,27695729,EL Khorchef
RDS_DICT_REGIONS_NSO,Régions,27695739,El Kharrouba
RDS_DICT_REGIONS_NSO,Régions,27695749,El Omria
RDS_DICT_REGIONS_NSO,Régions,27695759,El Omrane
RDS_DICT_REGIONS_NSO,Régions,4358,Délégation de Meknassy
RDS_DICT_REGIONS_NSO,Régions,27695769,EL Jebbes
RDS_DICT_REGIONS_NSO,Régions,27695779,Gheris Ouest
RDS_DICT_REGIONS_NSO,Régions,27695789,Mech
RDS_DICT_REGIONS_NSO,Régions,27695799,Meknassy Est
RDS_DICT_REGIONS_NSO,Régions,27695809,Meknassy Ouest
RDS_DICT_REGIONS_NSO,Régions,27695819,Meknassy Nord
RDS_DICT_REGIONS_NSO,Régions,27695829,Ezzouarâa
RDS_DICT_REGIONS_NSO,Régions,27695839,EL Mabrouka
RDS_DICT_REGIONS_NSO,Régions,27695849,Ennasr
RDS_DICT_REGIONS_NSO,Régions,4359,Délégation de Souk Jedid
RDS_DICT_REGIONS_NSO,Régions,27695859,Souk Jedid
RDS_DICT_REGIONS_NSO,Régions,27695869,Ghiriouis
RDS_DICT_REGIONS_NSO,Régions,27695879,Ksaîra
RDS_DICT_REGIONS_NSO,Régions,27695889,Sekdal
RDS_DICT_REGIONS_NSO,Régions,27695899,Erremelia
RDS_DICT_REGIONS_NSO,Régions,27695909,Ezzafzaf
RDS_DICT_REGIONS_NSO,Régions,27695919,Bir Badr
RDS_DICT_REGIONS_NSO,Régions,4360,Délégation de Mezzouna
RDS_DICT_REGIONS_NSO,Régions,27695929,Mezzouna
RDS_DICT_REGIONS_NSO,Régions,27695939,EL Founi
RDS_DICT_REGIONS_NSO,Régions,27695949,Bou Hedma
RDS_DICT_REGIONS_NSO,Régions,27695959,El Gheris Est
RDS_DICT_REGIONS_NSO,Régions,27695969,Khobna
RDS_DICT_REGIONS_NSO,Régions,27695979,Eddaouara
RDS_DICT_REGIONS_NSO,Régions,27695989,EL Khaoui
RDS_DICT_REGIONS_NSO,Régions,27695999,EL Besbes
RDS_DICT_REGIONS_NSO,Régions,27696009,Essed
RDS_DICT_REGIONS_NSO,Régions,4361,Délégation de Regueb
RDS_DICT_REGIONS_NSO,Régions,27696019,Regueb
RDS_DICT_REGIONS_NSO,Régions,27696029,Khechem Ouest
RDS_DICT_REGIONS_NSO,Régions,27696039,Essaïda Nord
RDS_DICT_REGIONS_NSO,Régions,27696049,Ksar El Hammam Est
RDS_DICT_REGIONS_NSO,Régions,27696059,Gouleb
RDS_DICT_REGIONS_NSO,Régions,27696069,Erradhâa
RDS_DICT_REGIONS_NSO,Régions,27696079,Erradhâa Est
RDS_DICT_REGIONS_NSO,Régions,27696089,Boudinar
RDS_DICT_REGIONS_NSO,Régions,27696099,Ksar EL Hammam Ouest
RDS_DICT_REGIONS_NSO,Régions,27696109,Gobrar
RDS_DICT_REGIONS_NSO,Régions,27696119,Rihana
RDS_DICT_REGIONS_NSO,Régions,27696129,Essekba
RDS_DICT_REGIONS_NSO,Régions,27696139,Khechem Est
RDS_DICT_REGIONS_NSO,Régions,27696149,Essaïda Sud
RDS_DICT_REGIONS_NSO,Régions,27696159,Essaïda Est
RDS_DICT_REGIONS_NSO,Régions,27696169,Ferch Gharib
RDS_DICT_REGIONS_NSO,Régions,27696179,Ouled Ayouni
RDS_DICT_REGIONS_NSO,Régions,4362,Délégation de Ouled Haffouz
RDS_DICT_REGIONS_NSO,Régions,27696189,Ouled Haffouz
RDS_DICT_REGIONS_NSO,Régions,27696199,Dheouibet Sud
RDS_DICT_REGIONS_NSO,Régions,27696209,Sidi Khelif
RDS_DICT_REGIONS_NSO,Régions,27696219,El Henia
RDS_DICT_REGIONS_NSO,Régions,27696229,Kassouda
RDS_DICT_REGIONS_NSO,Régions,27696239,El Mebarkia
RDS_DICT_REGIONS_NSO,Régions,27696249,Ech-Cheouachia
RDS_DICT_REGIONS_NSO,Régions,27696259,Sidi Ellafi
RDS_DICT_REGIONS_NSO,Régions,27696269,Dheouibet Nord
RDS_DICT_REGIONS_NSO,Régions,5,Sud Est
RDS_DICT_REGIONS_NSO,Régions,51,Gouvernorat de Gabès
RDS_DICT_REGIONS_NSO,Régions,5151,Délégation de Gabes Medina
RDS_DICT_REGIONS_NSO,Régions,27696279,Secteur (1)
RDS_DICT_REGIONS_NSO,Régions,27696289,Secteur (2)
RDS_DICT_REGIONS_NSO,Régions,27696299,Secteur (3)
RDS_DICT_REGIONS_NSO,Régions,27696309,Secteur (4)
RDS_DICT_REGIONS_NSO,Régions,27696319,Chott Sidi Abdesselam
RDS_DICT_REGIONS_NSO,Régions,5152,Délégation de Gabes Ouest
RDS_DICT_REGIONS_NSO,Régions,27696329,Er-Remathi
RDS_DICT_REGIONS_NSO,Régions,27696339,Bou-Chemma
RDS_DICT_REGIONS_NSO,Régions,27696349,Nahal
RDS_DICT_REGIONS_NSO,Régions,27696359,Jaouaoula
RDS_DICT_REGIONS_NSO,Régions,27696369,Chenini Nord
RDS_DICT_REGIONS_NSO,Régions,27696379,Chenini Est
RDS_DICT_REGIONS_NSO,Régions,27696389,Chenini Ouest
RDS_DICT_REGIONS_NSO,Régions,5153,Délégation de Gabes Sud
RDS_DICT_REGIONS_NSO,Régions,27696399,Teboulbou
RDS_DICT_REGIONS_NSO,Régions,27696409,Sidi Boulbaba
RDS_DICT_REGIONS_NSO,Régions,27696419,Zrig Eddakhlania
RDS_DICT_REGIONS_NSO,Régions,27696429,Secteur (5)
RDS_DICT_REGIONS_NSO,Régions,27696439,El Medou
RDS_DICT_REGIONS_NSO,Régions,27696449,Limaoua
RDS_DICT_REGIONS_NSO,Régions,27696459,El Amazir
RDS_DICT_REGIONS_NSO,Régions,5154,Délégation de Ghanouch
RDS_DICT_REGIONS_NSO,Régions,27696469,Ghanouch Est
RDS_DICT_REGIONS_NSO,Régions,27696479,Ghanouch Ouest
RDS_DICT_REGIONS_NSO,Régions,27696489,Ghanouche Sud
RDS_DICT_REGIONS_NSO,Régions,27696499,Ghanouche Nord
RDS_DICT_REGIONS_NSO,Régions,5155,Délégation de El Metouia
RDS_DICT_REGIONS_NSO,Régions,27696509,El Metouia Nord
RDS_DICT_REGIONS_NSO,Régions,27696519,El Metouia Sud
RDS_DICT_REGIONS_NSO,Régions,27696529,Ouedhref Nord
RDS_DICT_REGIONS_NSO,Régions,27696539,Ouedhref Sud
RDS_DICT_REGIONS_NSO,Régions,27696549,El Akarit
RDS_DICT_REGIONS_NSO,Régions,27696559,El Hicha
RDS_DICT_REGIONS_NSO,Régions,27696569,El Mida
RDS_DICT_REGIONS_NSO,Régions,5156,Délégation de Menzel El Habib
RDS_DICT_REGIONS_NSO,Régions,27696579,Oued Ezzitoun
RDS_DICT_REGIONS_NSO,Régions,27696589,El Fejij
RDS_DICT_REGIONS_NSO,Régions,27696599,El Mehemla
RDS_DICT_REGIONS_NSO,Régions,27696609,Es-Saki
RDS_DICT_REGIONS_NSO,Régions,27696619,Rabiaa Ouali
RDS_DICT_REGIONS_NSO,Régions,27696629,Zoughrata
RDS_DICT_REGIONS_NSO,Régions,27696639,Menzel El Habib
RDS_DICT_REGIONS_NSO,Régions,5157,Délégation de El Hamma
RDS_DICT_REGIONS_NSO,Régions,27696649,Secteur Nord
RDS_DICT_REGIONS_NSO,Régions,27696659,El Ksar
RDS_DICT_REGIONS_NSO,Régions,27696669,Secteur Est (1)
RDS_DICT_REGIONS_NSO,Régions,27696679,Secteur Est (2)
RDS_DICT_REGIONS_NSO,Régions,27696689,Secteur Sud
RDS_DICT_REGIONS_NSO,Régions,27696699,Farhat Hached
RDS_DICT_REGIONS_NSO,Régions,27696709,Chanchou
RDS_DICT_REGIONS_NSO,Régions,27696719,El Behaïer
RDS_DICT_REGIONS_NSO,Régions,27696729,Bechima El Borj
RDS_DICT_REGIONS_NSO,Régions,27696739,Bechima El Kalb
RDS_DICT_REGIONS_NSO,Régions,27696749,Bou Attouch
RDS_DICT_REGIONS_NSO,Régions,27696759,Habib Thameur
RDS_DICT_REGIONS_NSO,Régions,27696769,Secteur Ouest
RDS_DICT_REGIONS_NSO,Régions,5158,Délégation de Matmata
RDS_DICT_REGIONS_NSO,Régions,27696779,Matmata
RDS_DICT_REGIONS_NSO,Régions,27696789,Techine
RDS_DICT_REGIONS_NSO,Régions,27696799,Tamazrat
RDS_DICT_REGIONS_NSO,Régions,5159,Délégation de Nouvelle Matmata
RDS_DICT_REGIONS_NSO,Régions,27696809,Nouvelle Matmata
RDS_DICT_REGIONS_NSO,Régions,27696819,Heddaj
RDS_DICT_REGIONS_NSO,Régions,27696829,Ez-Zeraoua
RDS_DICT_REGIONS_NSO,Régions,27696839,Beni Aïssa
RDS_DICT_REGIONS_NSO,Régions,27696849,Beni Zalten
RDS_DICT_REGIONS_NSO,Régions,5160,Délégation de Mareth
RDS_DICT_REGIONS_NSO,Régions,27696859,Mareth
RDS_DICT_REGIONS_NSO,Régions,27696869,Mareth Nord
RDS_DICT_REGIONS_NSO,Régions,27696879,Sidi Touati
RDS_DICT_REGIONS_NSO,Régions,27696889,Ez-Zerkine
RDS_DICT_REGIONS_NSO,Régions,27696899,Ayoun Ez-Zerkine
RDS_DICT_REGIONS_NSO,Régions,27696909,Ourafinine
RDS_DICT_REGIONS_NSO,Régions,27696919,Ezzarat
RDS_DICT_REGIONS_NSO,Régions,27696929,El Alaya
RDS_DICT_REGIONS_NSO,Régions,27696939,Arram
RDS_DICT_REGIONS_NSO,Régions,27696949,Ketana
RDS_DICT_REGIONS_NSO,Régions,27696959,Toujane
RDS_DICT_REGIONS_NSO,Régions,27696969,Zemarten
RDS_DICT_REGIONS_NSO,Régions,27696979,Zerig El Ghandri
RDS_DICT_REGIONS_NSO,Régions,27696989,Aïn Tounine
RDS_DICT_REGIONS_NSO,Régions,27696999,Dekhilet Toujane
RDS_DICT_REGIONS_NSO,Régions,52,Gouvernorat de Medenine
RDS_DICT_REGIONS_NSO,Régions,5251,Délégation de Medenine Nord
RDS_DICT_REGIONS_NSO,Régions,27697009,Beni Ghezaïl
RDS_DICT_REGIONS_NSO,Régions,27697019,37743
RDS_DICT_REGIONS_NSO,Régions,27697029,Mednine Ouest
RDS_DICT_REGIONS_NSO,Régions,27697039,37700
RDS_DICT_REGIONS_NSO,Régions,27697049,Mednine Nord
RDS_DICT_REGIONS_NSO,Régions,27697059,Oum Ettameur Ouest
RDS_DICT_REGIONS_NSO,Régions,27697069,Oum Ettameur est
RDS_DICT_REGIONS_NSO,Régions,27697079,Koutine
RDS_DICT_REGIONS_NSO,Régions,5252,Délégation de Medenine Sud
RDS_DICT_REGIONS_NSO,Régions,27697089,Mednine Sud
RDS_DICT_REGIONS_NSO,Régions,27697099,Mednine Est
RDS_DICT_REGIONS_NSO,Régions,27697109,El Labba
RDS_DICT_REGIONS_NSO,Régions,27697119,Hessi Amor
RDS_DICT_REGIONS_NSO,Régions,27697129,Oued Esseder
RDS_DICT_REGIONS_NSO,Régions,27697139,Hessi Mednine
RDS_DICT_REGIONS_NSO,Régions,27697149,Darghoulia
RDS_DICT_REGIONS_NSO,Régions,27697159,Souitir
RDS_DICT_REGIONS_NSO,Régions,27697169,Nouvelle Amra
RDS_DICT_REGIONS_NSO,Régions,27697179,Bou-Ghrara
RDS_DICT_REGIONS_NSO,Régions,5253,Délégation de Beni Khedech
RDS_DICT_REGIONS_NSO,Régions,27697189,Beni-Khedech
RDS_DICT_REGIONS_NSO,Régions,27697199,Rahala
RDS_DICT_REGIONS_NSO,Régions,27697209,Eddekhila
RDS_DICT_REGIONS_NSO,Régions,27697219,Ouarjijene
RDS_DICT_REGIONS_NSO,Régions,27697229,Oued El Khil
RDS_DICT_REGIONS_NSO,Régions,27697239,Zghaya
RDS_DICT_REGIONS_NSO,Régions,27697249,El Benaina
RDS_DICT_REGIONS_NSO,Régions,27697259,El Fejij
RDS_DICT_REGIONS_NSO,Régions,27697269,El Menzela
RDS_DICT_REGIONS_NSO,Régions,27697279,Zammour
RDS_DICT_REGIONS_NSO,Régions,27697289,El Hamaïma
RDS_DICT_REGIONS_NSO,Régions,27697299,El Behira
RDS_DICT_REGIONS_NSO,Régions,27697309,Ksar El Jedid
RDS_DICT_REGIONS_NSO,Régions,5254,Délégation de Ben Guerdane
RDS_DICT_REGIONS_NSO,Régions,27697319,Ben Guerdane Nord
RDS_DICT_REGIONS_NSO,Régions,27697329,Ben Guerdane Sud
RDS_DICT_REGIONS_NSO,Régions,27697339,Essayah
RDS_DICT_REGIONS_NSO,Régions,27697349,Jamila
RDS_DICT_REGIONS_NSO,Régions,27697359,El Mâamerat
RDS_DICT_REGIONS_NSO,Régions,27697369,El Amria
RDS_DICT_REGIONS_NSO,Régions,27697379,Ettabaï
RDS_DICT_REGIONS_NSO,Régions,27697389,Ourasnia
RDS_DICT_REGIONS_NSO,Régions,27697399,Jallel
RDS_DICT_REGIONS_NSO,Régions,27697409,Neffatia
RDS_DICT_REGIONS_NSO,Régions,27697419,Chahbania
RDS_DICT_REGIONS_NSO,Régions,27697429,Chareb Errajel
RDS_DICT_REGIONS_NSO,Régions,5255,Délégation de Zarzis
RDS_DICT_REGIONS_NSO,Régions,27697439,zarzis
RDS_DICT_REGIONS_NSO,Régions,27697449,20 mars
RDS_DICT_REGIONS_NSO,Régions,27697459,Tahar Sfar
RDS_DICT_REGIONS_NSO,Régions,27697469,Ejdaria
RDS_DICT_REGIONS_NSO,Régions,27697479,El Bassatine
RDS_DICT_REGIONS_NSO,Régions,27697489,Essouihel
RDS_DICT_REGIONS_NSO,Régions,27697499,Oued Ettieb
RDS_DICT_REGIONS_NSO,Régions,27697509,Hassi El Jerbi
RDS_DICT_REGIONS_NSO,Régions,27697519,Khaoui El Ghedir
RDS_DICT_REGIONS_NSO,Régions,27697529,Hamadi
RDS_DICT_REGIONS_NSO,Régions,27697539,Hichem E l Hamadi
RDS_DICT_REGIONS_NSO,Régions,27697549,El Ghorabet
RDS_DICT_REGIONS_NSO,Régions,27697559,El Grebis
RDS_DICT_REGIONS_NSO,Régions,27697569,Hamadi Boutoufaha
RDS_DICT_REGIONS_NSO,Régions,27697579,El Ogla
RDS_DICT_REGIONS_NSO,Régions,27697589,Chammakh
RDS_DICT_REGIONS_NSO,Régions,5256,Délégation de Djerba Houmet Souk
RDS_DICT_REGIONS_NSO,Régions,27697599,Taourit
RDS_DICT_REGIONS_NSO,Régions,27697609,Bou Melel
RDS_DICT_REGIONS_NSO,Régions,27697619,El Jouamâa
RDS_DICT_REGIONS_NSO,Régions,27697629,Fatou
RDS_DICT_REGIONS_NSO,Régions,27697639,Mazraïa
RDS_DICT_REGIONS_NSO,Régions,27697649,Sedghaiane
RDS_DICT_REGIONS_NSO,Régions,27697659,Oualeg
RDS_DICT_REGIONS_NSO,Régions,27697669,Essouani
RDS_DICT_REGIONS_NSO,Régions,27697679,Erriadh
RDS_DICT_REGIONS_NSO,Régions,27697689,El Hachene
RDS_DICT_REGIONS_NSO,Régions,27697699,Mellita
RDS_DICT_REGIONS_NSO,Régions,5257,Délégation de Djerba Midoun
RDS_DICT_REGIONS_NSO,Régions,27697709,Midoun
RDS_DICT_REGIONS_NSO,Régions,27697719,Arkou
RDS_DICT_REGIONS_NSO,Régions,27697729,El Mahboubine
RDS_DICT_REGIONS_NSO,Régions,27697739,Beni Mâaguel
RDS_DICT_REGIONS_NSO,Régions,27697749,Sedouikèch
RDS_DICT_REGIONS_NSO,Régions,27697759,El May
RDS_DICT_REGIONS_NSO,Régions,27697769,Robbana
RDS_DICT_REGIONS_NSO,Régions,5258,Délégation de Djerba Ajim
RDS_DICT_REGIONS_NSO,Régions,27697779,Ajim
RDS_DICT_REGIONS_NSO,Régions,27697789,El Khenensa
RDS_DICT_REGIONS_NSO,Régions,27697799,Mezrene
RDS_DICT_REGIONS_NSO,Régions,27697809,Guellala
RDS_DICT_REGIONS_NSO,Régions,27697819,Oued Ezzebib
RDS_DICT_REGIONS_NSO,Régions,27697829,El Groa
RDS_DICT_REGIONS_NSO,Régions,5259,Délégation de Sidi Makhloulf
RDS_DICT_REGIONS_NSO,Régions,27697839,Sidi Makhlouf
RDS_DICT_REGIONS_NSO,Régions,27697849,El Grine
RDS_DICT_REGIONS_NSO,Régions,27697859,El Maghzaouia
RDS_DICT_REGIONS_NSO,Régions,27697869,El Jourf
RDS_DICT_REGIONS_NSO,Régions,27697879,Bedoui
RDS_DICT_REGIONS_NSO,Régions,27697889,Amra
RDS_DICT_REGIONS_NSO,Régions,27697899,Er Ragouba Est
RDS_DICT_REGIONS_NSO,Régions,27697909,Er Ragouba Ouest
RDS_DICT_REGIONS_NSO,Régions,27697919,El Ghabai
RDS_DICT_REGIONS_NSO,Régions,27697929,El Gosba
RDS_DICT_REGIONS_NSO,Régions,27697939,Darjaoua
RDS_DICT_REGIONS_NSO,Régions,53,Gouvernorat de Tataouine
RDS_DICT_REGIONS_NSO,Régions,5351,Délégation de Tataouine Nord
RDS_DICT_REGIONS_NSO,Régions,27697949,En-Nozha
RDS_DICT_REGIONS_NSO,Régions,27697959,Ettadhamen
RDS_DICT_REGIONS_NSO,Régions,27697969,En-Nasr
RDS_DICT_REGIONS_NSO,Régions,27697979,Oued El Gemah
RDS_DICT_REGIONS_NSO,Régions,27697989,Berourmet
RDS_DICT_REGIONS_NSO,Régions,27697999,Telelt
RDS_DICT_REGIONS_NSO,Régions,27698009,Oued El Ghar
RDS_DICT_REGIONS_NSO,Régions,27698019,El Maouna
RDS_DICT_REGIONS_NSO,Régions,27698029,Ezzahra
RDS_DICT_REGIONS_NSO,Régions,27698039,Gattoufa
RDS_DICT_REGIONS_NSO,Régions,27698049,Khetma
RDS_DICT_REGIONS_NSO,Régions,27698059,Essâada
RDS_DICT_REGIONS_NSO,Régions,27698069,El Galâa Est
RDS_DICT_REGIONS_NSO,Régions,27698079,El Galâa Ouest
RDS_DICT_REGIONS_NSO,Régions,27698089,Beni Belal
RDS_DICT_REGIONS_NSO,Régions,5352,Délégation de Tataouine Sud
RDS_DICT_REGIONS_NSO,Régions,27698099,Tataouine Ville
RDS_DICT_REGIONS_NSO,Régions,27698109,Tataouine Superieure
RDS_DICT_REGIONS_NSO,Régions,27698119,El Maztouria Sud
RDS_DICT_REGIONS_NSO,Régions,27698129,El Maztouria Nord
RDS_DICT_REGIONS_NSO,Régions,27698139,Gharghar
RDS_DICT_REGIONS_NSO,Régions,27698149,Cité El Barr
RDS_DICT_REGIONS_NSO,Régions,27698159,Ksar El Moukabala
RDS_DICT_REGIONS_NSO,Régions,27698169,Nouvelle Chnini
RDS_DICT_REGIONS_NSO,Régions,27698179,Chenini
RDS_DICT_REGIONS_NSO,Régions,27698189,Eddouiret
RDS_DICT_REGIONS_NSO,Régions,27698199,El Mesreb
RDS_DICT_REGIONS_NSO,Régions,27698209,Erroghba
RDS_DICT_REGIONS_NSO,Régions,27698219,Ras El Ouedi
RDS_DICT_REGIONS_NSO,Régions,27698229,Bir Thalathine
RDS_DICT_REGIONS_NSO,Régions,27698239,Beni Barka - Tounket
RDS_DICT_REGIONS_NSO,Régions,5353,Délégation de Smâr
RDS_DICT_REGIONS_NSO,Régions,27698249,Kerchaou
RDS_DICT_REGIONS_NSO,Régions,27698259,Smar
RDS_DICT_REGIONS_NSO,Régions,27698269,El Ghariani
RDS_DICT_REGIONS_NSO,Régions,27698279,Errahech
RDS_DICT_REGIONS_NSO,Régions,27698289,El Morra
RDS_DICT_REGIONS_NSO,Régions,27698299,Ksar Aoun
RDS_DICT_REGIONS_NSO,Régions,27698309,Ksar Mehira
RDS_DICT_REGIONS_NSO,Régions,27698319,Beni Mehira Est
RDS_DICT_REGIONS_NSO,Régions,5354,Délégation de Bir Lahmar
RDS_DICT_REGIONS_NSO,Régions,27698329,Bir Lahmar Est
RDS_DICT_REGIONS_NSO,Régions,27698339,Bir Lahmar Ouest
RDS_DICT_REGIONS_NSO,Régions,27698349,Sened
RDS_DICT_REGIONS_NSO,Régions,27698359,El Argoub
RDS_DICT_REGIONS_NSO,Régions,27698369,Grager
RDS_DICT_REGIONS_NSO,Régions,27698379,El Medina
RDS_DICT_REGIONS_NSO,Régions,27698389,El Bassatine
RDS_DICT_REGIONS_NSO,Régions,5355,Délégation de Ghomrassen
RDS_DICT_REGIONS_NSO,Régions,27698399,Ghomrassen
RDS_DICT_REGIONS_NSO,Régions,27698409,El Ouaha
RDS_DICT_REGIONS_NSO,Régions,27698419,Ezzouhour
RDS_DICT_REGIONS_NSO,Régions,27698429,El Ghordhab
RDS_DICT_REGIONS_NSO,Régions,27698439,El Ferch
RDS_DICT_REGIONS_NSO,Régions,27698449,Guermassa
RDS_DICT_REGIONS_NSO,Régions,27698459,Ksar El Haddada
RDS_DICT_REGIONS_NSO,Régions,27698469,Nouvelle Medina
RDS_DICT_REGIONS_NSO,Régions,27698479,Ksar El Mourabitine
RDS_DICT_REGIONS_NSO,Régions,27698489,Oued El Khil
RDS_DICT_REGIONS_NSO,Régions,5356,Délégation de Dhehiba
RDS_DICT_REGIONS_NSO,Régions,27698499,Dhehbia Est
RDS_DICT_REGIONS_NSO,Régions,27698509,Dhehbia Ouest
RDS_DICT_REGIONS_NSO,Régions,5357,Délégation de Remada
RDS_DICT_REGIONS_NSO,Régions,27698519,Rémada Est
RDS_DICT_REGIONS_NSO,Régions,27698529,Rémada Ouest
RDS_DICT_REGIONS_NSO,Régions,27698539,Nekrif
RDS_DICT_REGIONS_NSO,Régions,27698549,Kenbout
RDS_DICT_REGIONS_NSO,Régions,27698559,Bir Amir
RDS_DICT_REGIONS_NSO,Régions,27698569,Borj El Khadhra
RDS_DICT_REGIONS_NSO,Régions,27698579,Meghani
RDS_DICT_REGIONS_NSO,Régions,6,Sud Ouest
RDS_DICT_REGIONS_NSO,Régions,61,Gouvernorat de Gafsa
RDS_DICT_REGIONS_NSO,Régions,6151,Délégation de Gafsa Nord
RDS_DICT_REGIONS_NSO,Régions,27698589,Guetis
RDS_DICT_REGIONS_NSO,Régions,27698599,Er-Rahiba
RDS_DICT_REGIONS_NSO,Régions,27698609,Er-Rahiba Sud
RDS_DICT_REGIONS_NSO,Régions,27698619,Ksour El Akhoua
RDS_DICT_REGIONS_NSO,Régions,27698629,El Mouthidès
RDS_DICT_REGIONS_NSO,Régions,27698639,Fej
RDS_DICT_REGIONS_NSO,Régions,27698649,Menzel Mimoun
RDS_DICT_REGIONS_NSO,Régions,6152,Délégation de Sidi Aïch
RDS_DICT_REGIONS_NSO,Régions,27698659,Sidi Aïch
RDS_DICT_REGIONS_NSO,Régions,27698669,Sidi Aïch Est
RDS_DICT_REGIONS_NSO,Régions,27698679,El Amaïma
RDS_DICT_REGIONS_NSO,Régions,27698689,Menzel Gamoudi
RDS_DICT_REGIONS_NSO,Régions,27698699,El Karia
RDS_DICT_REGIONS_NSO,Régions,27698709,Es-Souinia
RDS_DICT_REGIONS_NSO,Régions,6153,Délégation de El Ksar
RDS_DICT_REGIONS_NSO,Régions,27698719,El Ksar
RDS_DICT_REGIONS_NSO,Régions,27698729,El Ksar Est
RDS_DICT_REGIONS_NSO,Régions,27698739,Lala
RDS_DICT_REGIONS_NSO,Régions,27698749,Cité Hached
RDS_DICT_REGIONS_NSO,Régions,27698759,Amra
RDS_DICT_REGIONS_NSO,Régions,27698769,El Matar
RDS_DICT_REGIONS_NSO,Régions,6154,Délégation de Gafsa Sud
RDS_DICT_REGIONS_NSO,Régions,27698779,Gafsa Ville
RDS_DICT_REGIONS_NSO,Régions,27698789,Gafsa Est
RDS_DICT_REGIONS_NSO,Régions,27698799,Cité Essourour
RDS_DICT_REGIONS_NSO,Régions,27698809,El Assala
RDS_DICT_REGIONS_NSO,Régions,27698819,Sidi Ahmed Zarrouk
RDS_DICT_REGIONS_NSO,Régions,27698829,Oued Ailou
RDS_DICT_REGIONS_NSO,Régions,27698839,El Moula
RDS_DICT_REGIONS_NSO,Régions,27698849,Cité Ennour
RDS_DICT_REGIONS_NSO,Régions,27698859,Cité Ech-Chabab
RDS_DICT_REGIONS_NSO,Régions,27698869,EL Aguila
RDS_DICT_REGIONS_NSO,Régions,27698879,Kef Derbi
RDS_DICT_REGIONS_NSO,Régions,27698889,En-Nadhour
RDS_DICT_REGIONS_NSO,Régions,6155,Délégation de Oum El Araies
RDS_DICT_REGIONS_NSO,Régions,27698899,Oum El Aksab
RDS_DICT_REGIONS_NSO,Régions,27698909,Sidi Boubaker
RDS_DICT_REGIONS_NSO,Régions,27698919,Oum El Araies Centre
RDS_DICT_REGIONS_NSO,Régions,27698929,Oum El Araies Gare
RDS_DICT_REGIONS_NSO,Régions,27698939,Ech-Channoufia
RDS_DICT_REGIONS_NSO,Régions,27698949,Es-Souitir
RDS_DICT_REGIONS_NSO,Régions,27698959,Daouara
RDS_DICT_REGIONS_NSO,Régions,6156,Délégation de Redeyef
RDS_DICT_REGIONS_NSO,Régions,27698969,Redeyef Centre
RDS_DICT_REGIONS_NSO,Régions,27698979,Redeyef Nord
RDS_DICT_REGIONS_NSO,Régions,27698989,Redeyef Sud
RDS_DICT_REGIONS_NSO,Régions,27698999,Redeyef Gare
RDS_DICT_REGIONS_NSO,Régions,27699009,Tabdit
RDS_DICT_REGIONS_NSO,Régions,6157,Délégation de Metlaoui
RDS_DICT_REGIONS_NSO,Régions,27699019,Metlaoui Centre
RDS_DICT_REGIONS_NSO,Régions,27699029,Metlaoui Gare
RDS_DICT_REGIONS_NSO,Régions,27699039,El Mzirâa
RDS_DICT_REGIONS_NSO,Régions,27699049,Krichet Nâam
RDS_DICT_REGIONS_NSO,Régions,27699059,Cité El Amel Ouest
RDS_DICT_REGIONS_NSO,Régions,27699069,Cité El Amel Est
RDS_DICT_REGIONS_NSO,Régions,27699079,Thalja
RDS_DICT_REGIONS_NSO,Régions,27699089,Oued El Arta
RDS_DICT_REGIONS_NSO,Régions,27699099,El Magroun
RDS_DICT_REGIONS_NSO,Régions,27699109,Segui Sud
RDS_DICT_REGIONS_NSO,Régions,6158,Délégation de Mdhila
RDS_DICT_REGIONS_NSO,Régions,27699119,Mdhila Centre
RDS_DICT_REGIONS_NSO,Régions,27699129,Cité Des Travailleurs
RDS_DICT_REGIONS_NSO,Régions,27699139,Sahib
RDS_DICT_REGIONS_NSO,Régions,27699149,El Segui
RDS_DICT_REGIONS_NSO,Régions,6159,Délégation de EL Guetar
RDS_DICT_REGIONS_NSO,Régions,27699159,El Guetar Ouest
RDS_DICT_REGIONS_NSO,Régions,27699169,El Ortos
RDS_DICT_REGIONS_NSO,Régions,27699179,El Guetar Est
RDS_DICT_REGIONS_NSO,Régions,27699189,El Ongue
RDS_DICT_REGIONS_NSO,Régions,27699199,Es-Saket
RDS_DICT_REGIONS_NSO,Régions,27699209,Bir Sâad
RDS_DICT_REGIONS_NSO,Régions,6160,Délégation de Belkhir
RDS_DICT_REGIONS_NSO,Régions,27699219,El Ayaïcha
RDS_DICT_REGIONS_NSO,Régions,27699229,Belkhir
RDS_DICT_REGIONS_NSO,Régions,27699239,Et-Talh Est
RDS_DICT_REGIONS_NSO,Régions,27699249,Et-Talh Ouest
RDS_DICT_REGIONS_NSO,Régions,27699259,Jbilet Ouest
RDS_DICT_REGIONS_NSO,Régions,27699269,Ouled El Hadj
RDS_DICT_REGIONS_NSO,Régions,6161,Délégation de Sned
RDS_DICT_REGIONS_NSO,Régions,27699279,Sned
RDS_DICT_REGIONS_NSO,Régions,27699289,Sned-Nord
RDS_DICT_REGIONS_NSO,Régions,27699299,Sanouche
RDS_DICT_REGIONS_NSO,Régions,27699309,Djedida
RDS_DICT_REGIONS_NSO,Régions,27699319,Abdessadok
RDS_DICT_REGIONS_NSO,Régions,27699329,Majoura
RDS_DICT_REGIONS_NSO,Régions,27699339,Alim
RDS_DICT_REGIONS_NSO,Régions,62,Gouvernorat de Tozeur
RDS_DICT_REGIONS_NSO,Régions,6251,Délégation de Tozeur
RDS_DICT_REGIONS_NSO,Régions,27699349,Masghouna
RDS_DICT_REGIONS_NSO,Régions,27699359,Ez-Zebda
RDS_DICT_REGIONS_NSO,Régions,27699369,El Hebaila
RDS_DICT_REGIONS_NSO,Régions,27699379,El Haouadef
RDS_DICT_REGIONS_NSO,Régions,27699389,El Keitna
RDS_DICT_REGIONS_NSO,Régions,27699399,Ras Drâa-Helba
RDS_DICT_REGIONS_NSO,Régions,27699409,El Ezdihar
RDS_DICT_REGIONS_NSO,Régions,27699419,Cité l'aeroport
RDS_DICT_REGIONS_NSO,Régions,27699429,Ech-Chabia
RDS_DICT_REGIONS_NSO,Régions,27699439,EL-Hadher
RDS_DICT_REGIONS_NSO,Régions,6252,Délégation de Degach
RDS_DICT_REGIONS_NSO,Régions,27699449,Degach Nord
RDS_DICT_REGIONS_NSO,Régions,27699459,Degach Sud
RDS_DICT_REGIONS_NSO,Régions,27699469,Sebâa Abar
RDS_DICT_REGIONS_NSO,Régions,27699479,El Mahassen
RDS_DICT_REGIONS_NSO,Régions,27699489,Bou Helal
RDS_DICT_REGIONS_NSO,Régions,27699499,El Hamma
RDS_DICT_REGIONS_NSO,Régions,27699509,Chakmou
RDS_DICT_REGIONS_NSO,Régions,27699519,Dghoumès
RDS_DICT_REGIONS_NSO,Régions,27699529,En-Namlat
RDS_DICT_REGIONS_NSO,Régions,6253,Délégation de Tameghza
RDS_DICT_REGIONS_NSO,Régions,27699539,Tameghza
RDS_DICT_REGIONS_NSO,Régions,27699549,Chebika
RDS_DICT_REGIONS_NSO,Régions,27699559,Midas
RDS_DICT_REGIONS_NSO,Régions,27699569,Aïn El Karma
RDS_DICT_REGIONS_NSO,Régions,27699579,Foum El Khangua
RDS_DICT_REGIONS_NSO,Régions,27699589,Er-Remitha
RDS_DICT_REGIONS_NSO,Régions,6254,Délégation de Nefta
RDS_DICT_REGIONS_NSO,Régions,27699599,Chafaï Ech-Cherif
RDS_DICT_REGIONS_NSO,Régions,27699609,1er Juin
RDS_DICT_REGIONS_NSO,Régions,27699619,El Ouaha
RDS_DICT_REGIONS_NSO,Régions,27699629,Es-Seni
RDS_DICT_REGIONS_NSO,Régions,27699639,El Ayoun
RDS_DICT_REGIONS_NSO,Régions,27699649,Ettahir
RDS_DICT_REGIONS_NSO,Régions,27699659,El-Assil
RDS_DICT_REGIONS_NSO,Régions,27699669,El Khadar Ben Houssine
RDS_DICT_REGIONS_NSO,Régions,6255,Délégation de Hazoua
RDS_DICT_REGIONS_NSO,Régions,27699679,Hazoua
RDS_DICT_REGIONS_NSO,Régions,27699689,Hattem
RDS_DICT_REGIONS_NSO,Régions,27699699,Ain Ouled El Ggerissi
RDS_DICT_REGIONS_NSO,Régions,63,Gouvernorat de Kébili
RDS_DICT_REGIONS_NSO,Régions,6351,Délégation de Kebili Sud
RDS_DICT_REGIONS_NSO,Régions,27699709,Kebili Sud
RDS_DICT_REGIONS_NSO,Régions,27699719,Bazma
RDS_DICT_REGIONS_NSO,Régions,27699729,Jemna Nord
RDS_DICT_REGIONS_NSO,Régions,27699739,jemna Sud
RDS_DICT_REGIONS_NSO,Régions,27699749,Bechelli
RDS_DICT_REGIONS_NSO,Régions,27699759,Jersine
RDS_DICT_REGIONS_NSO,Régions,27699769,El Blidete
RDS_DICT_REGIONS_NSO,Régions,27699779,Beni Mehemed
RDS_DICT_REGIONS_NSO,Régions,27699789,Janoura
RDS_DICT_REGIONS_NSO,Régions,6352,Délégation de Kebeli Nord
RDS_DICT_REGIONS_NSO,Régions,27699799,Kebeli nord
RDS_DICT_REGIONS_NSO,Régions,27699809,El Mansoura
RDS_DICT_REGIONS_NSO,Régions,27699819,Errabta
RDS_DICT_REGIONS_NSO,Régions,27699829,Tonbar
RDS_DICT_REGIONS_NSO,Régions,27699839,Limagues Estiffimia
RDS_DICT_REGIONS_NSO,Régions,27699849,Telmine
RDS_DICT_REGIONS_NSO,Régions,27699859,Tenbib
RDS_DICT_REGIONS_NSO,Régions,27699869,Saïdane
RDS_DICT_REGIONS_NSO,Régions,27699879,El Gattaya
RDS_DICT_REGIONS_NSO,Régions,27699889,Kebeli Est
RDS_DICT_REGIONS_NSO,Régions,6353,Délégation de Souk El Ahed
RDS_DICT_REGIONS_NSO,Régions,27699899,El Menchia
RDS_DICT_REGIONS_NSO,Régions,27699909,Bou Abdellah
RDS_DICT_REGIONS_NSO,Régions,27699919,Oum Essoumâa
RDS_DICT_REGIONS_NSO,Régions,27699929,Ezzaouaïa
RDS_DICT_REGIONS_NSO,Régions,27699939,Bèchri
RDS_DICT_REGIONS_NSO,Régions,27699949,Fatnassa
RDS_DICT_REGIONS_NSO,Régions,27699959,Negga
RDS_DICT_REGIONS_NSO,Régions,6354,Délégation de Douz Nord
RDS_DICT_REGIONS_NSO,Régions,27699969,Douz Est
RDS_DICT_REGIONS_NSO,Régions,27699979,El Golaa
RDS_DICT_REGIONS_NSO,Régions,27699989,El Aouina Nord
RDS_DICT_REGIONS_NSO,Régions,27699999,El Aouina Sud
RDS_DICT_REGIONS_NSO,Régions,27700009,Elabadla
RDS_DICT_REGIONS_NSO,Régions,6355,Délégation de Douz Sud
RDS_DICT_REGIONS_NSO,Régions,27700019,Douz Ouest
RDS_DICT_REGIONS_NSO,Régions,27700029,El Adhara
RDS_DICT_REGIONS_NSO,Régions,27700039,El Aouina Nord
RDS_DICT_REGIONS_NSO,Régions,27700049,Nouil Nord
RDS_DICT_REGIONS_NSO,Régions,27700059,Nouil Sud
RDS_DICT_REGIONS_NSO,Régions,6356,Délégation de Faouar
RDS_DICT_REGIONS_NSO,Régions,27700069,Sabria Ouest
RDS_DICT_REGIONS_NSO,Régions,27700079,Sabria Est
RDS_DICT_REGIONS_NSO,Régions,27700089,Gharib
RDS_DICT_REGIONS_NSO,Régions,27700099,Gueïdma
RDS_DICT_REGIONS_NSO,Régions,27700109,Rejim Mâatoug
RDS_DICT_REGIONS_NSO,Régions,27700119,El Matrouha
RDS_DICT_REGIONS_NSO,Régions,27700129,Bichni - Edarjin
