dimension_id,dimension_name,element_key,element_name
RDS_DICT_INDICATORS_NSO,Indicateurs,11920516,Agriculture
RDS_DICT_INDICATORS_NSO,Indicateurs,27523439,Données structurelles
RDS_DICT_INDICATORS_NSO,Indicateurs,27523489,Superficie agricole utilisée totale (SAU)
RDS_DICT_INDICATORS_NSO,Indicateurs,27523499,Superficie agricole irriguée totale
RDS_DICT_INDICATORS_NSO,Indicateurs,27523509,Nombre d'exploitations agricoles
RDS_DICT_INDICATORS_NSO,Indicateurs,27523519,Répartition de la superficie selon la catégorie d'occupation du sol
RDS_DICT_INDICATORS_NSO,Indicateurs,27523529,Nord
RDS_DICT_INDICATORS_NSO,Indicateurs,27523539,Superficie labourable
RDS_DICT_INDICATORS_NSO,Indicateurs,27523549,Jachère
RDS_DICT_INDICATORS_NSO,Indicateurs,27523559,Autres terres (cultivés)
RDS_DICT_INDICATORS_NSO,Indicateurs,27523569,"Parcours, Alfa et Broussailles"
RDS_DICT_INDICATORS_NSO,Indicateurs,27523579,"Bois,  forêt"
RDS_DICT_INDICATORS_NSO,Indicateurs,27523589,Céréaliculture
RDS_DICT_INDICATORS_NSO,Indicateurs,27523599,Fourrages
RDS_DICT_INDICATORS_NSO,Indicateurs,27523609,Annuels
RDS_DICT_INDICATORS_NSO,Indicateurs,27523619,Pluriannuels
RDS_DICT_INDICATORS_NSO,Indicateurs,27523629,Légumes
RDS_DICT_INDICATORS_NSO,Indicateurs,27523639,Légumineuses en sec
RDS_DICT_INDICATORS_NSO,Indicateurs,27523649,Féves et févroles
RDS_DICT_INDICATORS_NSO,Indicateurs,27523659,Petit poids et poichiches
RDS_DICT_INDICATORS_NSO,Indicateurs,27523669,Autres légumineuses
RDS_DICT_INDICATORS_NSO,Indicateurs,27523679,Arboriculture fruitière
RDS_DICT_INDICATORS_NSO,Indicateurs,27523689,Centre
RDS_DICT_INDICATORS_NSO,Indicateurs,27523699,Superficie labourable
RDS_DICT_INDICATORS_NSO,Indicateurs,27523709,Jachère
RDS_DICT_INDICATORS_NSO,Indicateurs,27523719,Autres terres (cultivés)
RDS_DICT_INDICATORS_NSO,Indicateurs,27523729,"Parcours, Alfa et Broussailles"
RDS_DICT_INDICATORS_NSO,Indicateurs,27523739,"Bois,  forêt"
RDS_DICT_INDICATORS_NSO,Indicateurs,27523749,Céréaliculture
RDS_DICT_INDICATORS_NSO,Indicateurs,27523759,Fourrages
RDS_DICT_INDICATORS_NSO,Indicateurs,27523769,Annuels
RDS_DICT_INDICATORS_NSO,Indicateurs,27523779,Pluriannuels
RDS_DICT_INDICATORS_NSO,Indicateurs,27523789,Légumes
RDS_DICT_INDICATORS_NSO,Indicateurs,27523799,Légumineuses en sec
RDS_DICT_INDICATORS_NSO,Indicateurs,27523809,Féves et févroles
RDS_DICT_INDICATORS_NSO,Indicateurs,27523819,Petit poids et poichiches
RDS_DICT_INDICATORS_NSO,Indicateurs,27523829,Autres légumineuses
RDS_DICT_INDICATORS_NSO,Indicateurs,27523839,Arboriculture fruitière
RDS_DICT_INDICATORS_NSO,Indicateurs,27523849,Sud
RDS_DICT_INDICATORS_NSO,Indicateurs,27523859,Superficie labourable
RDS_DICT_INDICATORS_NSO,Indicateurs,27523869,Jachère
RDS_DICT_INDICATORS_NSO,Indicateurs,27523879,Autres terres (cultivés)
RDS_DICT_INDICATORS_NSO,Indicateurs,27523889,"Parcours, Alfa et Broussailles"
RDS_DICT_INDICATORS_NSO,Indicateurs,27523899,"Bois,  forêt"
RDS_DICT_INDICATORS_NSO,Indicateurs,27523909,Céréaliculture
RDS_DICT_INDICATORS_NSO,Indicateurs,27523919,Fourrages
RDS_DICT_INDICATORS_NSO,Indicateurs,27523929,Annuels
RDS_DICT_INDICATORS_NSO,Indicateurs,27523939,Pluriannuels
RDS_DICT_INDICATORS_NSO,Indicateurs,27523949,Légumes
RDS_DICT_INDICATORS_NSO,Indicateurs,27523959,Légumineuses en sec
RDS_DICT_INDICATORS_NSO,Indicateurs,27523969,Féves et févroles
RDS_DICT_INDICATORS_NSO,Indicateurs,27523979,Petit poids et poichiches
RDS_DICT_INDICATORS_NSO,Indicateurs,27523989,Autres légumineuses
RDS_DICT_INDICATORS_NSO,Indicateurs,27523999,Arboriculture fruitière
RDS_DICT_INDICATORS_NSO,Indicateurs,27524009,Total
RDS_DICT_INDICATORS_NSO,Indicateurs,27524019,Superficie labourable
RDS_DICT_INDICATORS_NSO,Indicateurs,27524029,Jachère
RDS_DICT_INDICATORS_NSO,Indicateurs,27524039,Autres terres (cultivés)
RDS_DICT_INDICATORS_NSO,Indicateurs,27524049,"Parcours, Alfa et Broussailles"
RDS_DICT_INDICATORS_NSO,Indicateurs,27524059,"Bois,  forêt"
RDS_DICT_INDICATORS_NSO,Indicateurs,27524069,Céréaliculture
RDS_DICT_INDICATORS_NSO,Indicateurs,27524079,Fourrages
RDS_DICT_INDICATORS_NSO,Indicateurs,27524089,Annuels
RDS_DICT_INDICATORS_NSO,Indicateurs,27524099,Pluriannuels
RDS_DICT_INDICATORS_NSO,Indicateurs,27524109,Légumes
RDS_DICT_INDICATORS_NSO,Indicateurs,27524119,Légumineuses en sec
RDS_DICT_INDICATORS_NSO,Indicateurs,27524129,Féves et févroles
RDS_DICT_INDICATORS_NSO,Indicateurs,27524139,Petit poids et poichiches
RDS_DICT_INDICATORS_NSO,Indicateurs,27524149,Autres légumineuses
RDS_DICT_INDICATORS_NSO,Indicateurs,27524159,Arboriculture fruitière
RDS_DICT_INDICATORS_NSO,Indicateurs,27523449,Production végétale
RDS_DICT_INDICATORS_NSO,Indicateurs,27524169,Evolution des superficies ensemencées en céréales
RDS_DICT_INDICATORS_NSO,Indicateurs,27524179,Blé dur
RDS_DICT_INDICATORS_NSO,Indicateurs,27524189,Blé tendre
RDS_DICT_INDICATORS_NSO,Indicateurs,27524199,Orge
RDS_DICT_INDICATORS_NSO,Indicateurs,27524209,Triticale
RDS_DICT_INDICATORS_NSO,Indicateurs,27524219,Superficie récoltée
RDS_DICT_INDICATORS_NSO,Indicateurs,27524229,Total céréale
RDS_DICT_INDICATORS_NSO,Indicateurs,27524239,Céréales (sans riz)
RDS_DICT_INDICATORS_NSO,Indicateurs,27524249,Blé tendre et épeautres
RDS_DICT_INDICATORS_NSO,Indicateurs,27524259,Blé dur
RDS_DICT_INDICATORS_NSO,Indicateurs,27524269,Seigle et méteil
RDS_DICT_INDICATORS_NSO,Indicateurs,27524279,Orge
RDS_DICT_INDICATORS_NSO,Indicateurs,27524309,"Légumineuses sèches, en grains"
RDS_DICT_INDICATORS_NSO,Indicateurs,27524319,Total plantes sarclées
RDS_DICT_INDICATORS_NSO,Indicateurs,27524329,Pommes de terre
RDS_DICT_INDICATORS_NSO,Indicateurs,27524339,Betteraves sucrières
RDS_DICT_INDICATORS_NSO,Indicateurs,27524359,Toutes plantes oléagineuses
RDS_DICT_INDICATORS_NSO,Indicateurs,27524369,Tournesol
RDS_DICT_INDICATORS_NSO,Indicateurs,27524379,"Total légumes frais, incluant les jardins familiaux"
RDS_DICT_INDICATORS_NSO,Indicateurs,27524389,Légumes frais excluant les jardins familiaux
RDS_DICT_INDICATORS_NSO,Indicateurs,27524399,"Total fruits y compris jardins familiaux (excluant raisins, olives and dattes)"
RDS_DICT_INDICATORS_NSO,Indicateurs,27524409,Pommes
RDS_DICT_INDICATORS_NSO,Indicateurs,27524419,Poires
RDS_DICT_INDICATORS_NSO,Indicateurs,27524429,Pêches
RDS_DICT_INDICATORS_NSO,Indicateurs,27524439,Abricots
RDS_DICT_INDICATORS_NSO,Indicateurs,27524449,Cerises
RDS_DICT_INDICATORS_NSO,Indicateurs,27524459,Prunes
RDS_DICT_INDICATORS_NSO,Indicateurs,27524469,Amandes
RDS_DICT_INDICATORS_NSO,Indicateurs,27524479,Figues
RDS_DICT_INDICATORS_NSO,Indicateurs,27524499,Total agrumes
RDS_DICT_INDICATORS_NSO,Indicateurs,27524509,Oranges
RDS_DICT_INDICATORS_NSO,Indicateurs,27524519,Mandarines
RDS_DICT_INDICATORS_NSO,Indicateurs,27524529,"Tangerines, Clémentines"
RDS_DICT_INDICATORS_NSO,Indicateurs,27524539,"Citrons, Citrons verts"
RDS_DICT_INDICATORS_NSO,Indicateurs,27524559,"Autres agrumes, n.d.a."
RDS_DICT_INDICATORS_NSO,Indicateurs,27524569,Total raisins
RDS_DICT_INDICATORS_NSO,Indicateurs,27524579,Raisins de table Pour la table
RDS_DICT_INDICATORS_NSO,Indicateurs,27524589,Raisins de cuve Pour jus et vinification
RDS_DICT_INDICATORS_NSO,Indicateurs,27524599,Total olives
RDS_DICT_INDICATORS_NSO,Indicateurs,27524609,Olives de table
RDS_DICT_INDICATORS_NSO,Indicateurs,27524629,Olives à huile
RDS_DICT_INDICATORS_NSO,Indicateurs,27524639,Dattes
RDS_DICT_INDICATORS_NSO,Indicateurs,27524649,Total plantes industrielles
RDS_DICT_INDICATORS_NSO,Indicateurs,27524659,Toutes plantes textiles
RDS_DICT_INDICATORS_NSO,Indicateurs,27524669,Tabac brut
RDS_DICT_INDICATORS_NSO,Indicateurs,27524679,Total fourrages
RDS_DICT_INDICATORS_NSO,Indicateurs,27524689,Production récoltée
RDS_DICT_INDICATORS_NSO,Indicateurs,27524699,Total céréale
RDS_DICT_INDICATORS_NSO,Indicateurs,27524709,Céréales (sans riz)
RDS_DICT_INDICATORS_NSO,Indicateurs,27524719,Blé tendre et épeautres
RDS_DICT_INDICATORS_NSO,Indicateurs,27524729,Blé dur
RDS_DICT_INDICATORS_NSO,Indicateurs,27524749,Orge
RDS_DICT_INDICATORS_NSO,Indicateurs,27524769,Triticale
RDS_DICT_INDICATORS_NSO,Indicateurs,27524789,Total plantes sarclées
RDS_DICT_INDICATORS_NSO,Indicateurs,27524799,Pommes de terre
RDS_DICT_INDICATORS_NSO,Indicateurs,27524809,Betteraves sucrières
RDS_DICT_INDICATORS_NSO,Indicateurs,27524829,"Total légumes frais, incluant les jardins familiaux"
RDS_DICT_INDICATORS_NSO,Indicateurs,27524839,Légumes frais excluant les jardins familiaux
RDS_DICT_INDICATORS_NSO,Indicateurs,27524849,Total légumes frais
RDS_DICT_INDICATORS_NSO,Indicateurs,27524859,Tomates
RDS_DICT_INDICATORS_NSO,Indicateurs,27524869,Piments
RDS_DICT_INDICATORS_NSO,Indicateurs,27524879,Oignons secs & verts
RDS_DICT_INDICATORS_NSO,Indicateurs,27524889,Carottes
RDS_DICT_INDICATORS_NSO,Indicateurs,27524899,Navets
RDS_DICT_INDICATORS_NSO,Indicateurs,27524909,Radis
RDS_DICT_INDICATORS_NSO,Indicateurs,27524919,Fenouils
RDS_DICT_INDICATORS_NSO,Indicateurs,27524929,Choux
RDS_DICT_INDICATORS_NSO,Indicateurs,27524939,Choux-fleurs
RDS_DICT_INDICATORS_NSO,Indicateurs,27524949,"Persils, Celeris"
RDS_DICT_INDICATORS_NSO,Indicateurs,27524959,"Blettes, épinards"
RDS_DICT_INDICATORS_NSO,Indicateurs,27524969,Salades (letus)
RDS_DICT_INDICATORS_NSO,Indicateurs,27524979,Cardons
RDS_DICT_INDICATORS_NSO,Indicateurs,27524989,Artichauts
RDS_DICT_INDICATORS_NSO,Indicateurs,27524999,Fèves vertes
RDS_DICT_INDICATORS_NSO,Indicateurs,27525009,Petits pois verts
RDS_DICT_INDICATORS_NSO,Indicateurs,27525019,Courges
RDS_DICT_INDICATORS_NSO,Indicateurs,27525029,Courgettes
RDS_DICT_INDICATORS_NSO,Indicateurs,27525039,Concombres
RDS_DICT_INDICATORS_NSO,Indicateurs,27525049,Ails
RDS_DICT_INDICATORS_NSO,Indicateurs,27525059,"Melons, pasteques"
RDS_DICT_INDICATORS_NSO,Indicateurs,27525069,Autres  légumes
RDS_DICT_INDICATORS_NSO,Indicateurs,27525079,Evolution de la production des légumineuses
RDS_DICT_INDICATORS_NSO,Indicateurs,27525089,Fèves et  Fèveroles
RDS_DICT_INDICATORS_NSO,Indicateurs,27525099,Petits pois et  Pois Chiches
RDS_DICT_INDICATORS_NSO,Indicateurs,27525109,"Total fruits y compris jardins familiaux (excluant raisins, olives et dattes)"
RDS_DICT_INDICATORS_NSO,Indicateurs,27525119,Pommes
RDS_DICT_INDICATORS_NSO,Indicateurs,27525129,Poires
RDS_DICT_INDICATORS_NSO,Indicateurs,27525139,Pêches
RDS_DICT_INDICATORS_NSO,Indicateurs,27525149,Abricots
RDS_DICT_INDICATORS_NSO,Indicateurs,27525159,Cerises
RDS_DICT_INDICATORS_NSO,Indicateurs,27525169,Prunes
RDS_DICT_INDICATORS_NSO,Indicateurs,27525179,Amandes
RDS_DICT_INDICATORS_NSO,Indicateurs,27525189,Figues
RDS_DICT_INDICATORS_NSO,Indicateurs,27525199,Fraises
RDS_DICT_INDICATORS_NSO,Indicateurs,27525209,Grenades
RDS_DICT_INDICATORS_NSO,Indicateurs,27525219,Nèfles et Cerises
RDS_DICT_INDICATORS_NSO,Indicateurs,27525229,Coings
RDS_DICT_INDICATORS_NSO,Indicateurs,27525239,Autres fruits
RDS_DICT_INDICATORS_NSO,Indicateurs,27525249,Total agrumes
RDS_DICT_INDICATORS_NSO,Indicateurs,27525259,Oranges
RDS_DICT_INDICATORS_NSO,Indicateurs,27525269,Mandarines
RDS_DICT_INDICATORS_NSO,Indicateurs,27525279,"Tangerines, Clémentines"
RDS_DICT_INDICATORS_NSO,Indicateurs,27525289,"Citrons, Citrons verts"
RDS_DICT_INDICATORS_NSO,Indicateurs,27525309,"Autres agrumes, n.d.a."
RDS_DICT_INDICATORS_NSO,Indicateurs,27525319,Total raisins
RDS_DICT_INDICATORS_NSO,Indicateurs,27525329,Raisins de table Pour la table
RDS_DICT_INDICATORS_NSO,Indicateurs,27525339,Raisins de cuve Pour jus et vinification
RDS_DICT_INDICATORS_NSO,Indicateurs,27525349,Total olives
RDS_DICT_INDICATORS_NSO,Indicateurs,27525359,Olives de table
RDS_DICT_INDICATORS_NSO,Indicateurs,27525369,Olives à huile
RDS_DICT_INDICATORS_NSO,Indicateurs,27525379,Total Dattes
RDS_DICT_INDICATORS_NSO,Indicateurs,27525389,Production brutes de palmier par variétés et par années de récolte
RDS_DICT_INDICATORS_NSO,Indicateurs,27525399,Deglet ennour
RDS_DICT_INDICATORS_NSO,Indicateurs,27525409,Tozeur
RDS_DICT_INDICATORS_NSO,Indicateurs,27525419,Gabès
RDS_DICT_INDICATORS_NSO,Indicateurs,27525429,kébili
RDS_DICT_INDICATORS_NSO,Indicateurs,27525439,Gafsa
RDS_DICT_INDICATORS_NSO,Indicateurs,27525449,Dattes communes
RDS_DICT_INDICATORS_NSO,Indicateurs,27525459,Tozeur
RDS_DICT_INDICATORS_NSO,Indicateurs,27525469,Gabès
RDS_DICT_INDICATORS_NSO,Indicateurs,27525479,kébili
RDS_DICT_INDICATORS_NSO,Indicateurs,27525489,Gafsa
RDS_DICT_INDICATORS_NSO,Indicateurs,27525499,Total
RDS_DICT_INDICATORS_NSO,Indicateurs,27525509,Tozeur
RDS_DICT_INDICATORS_NSO,Indicateurs,27525519,Gabès
RDS_DICT_INDICATORS_NSO,Indicateurs,27525529,kébili
RDS_DICT_INDICATORS_NSO,Indicateurs,27525539,Gafsa
RDS_DICT_INDICATORS_NSO,Indicateurs,27525549,Evolution de la production du vins mouts et mistelles par gouvernorat
RDS_DICT_INDICATORS_NSO,Indicateurs,27525559,Tunis- Zaghouan-Ariana- Ben Arous
RDS_DICT_INDICATORS_NSO,Indicateurs,27525569,Bizerte
RDS_DICT_INDICATORS_NSO,Indicateurs,27525579,Nabeul
RDS_DICT_INDICATORS_NSO,Indicateurs,27525589,Autres gouvernorats
RDS_DICT_INDICATORS_NSO,Indicateurs,27525599,Evolution de la superficie des vignobles par gouvernorat
RDS_DICT_INDICATORS_NSO,Indicateurs,27525609,Tunis- Zaghouan-Ariana- Ben Arous
RDS_DICT_INDICATORS_NSO,Indicateurs,27525619,Bizerte
RDS_DICT_INDICATORS_NSO,Indicateurs,27525629,Nabeul
RDS_DICT_INDICATORS_NSO,Indicateurs,27525639,Autres gouvernorats
RDS_DICT_INDICATORS_NSO,Indicateurs,27525649,Evolution de la production des cultures industrielles par unités
RDS_DICT_INDICATORS_NSO,Indicateurs,27525659,Total plantes industrielles
RDS_DICT_INDICATORS_NSO,Indicateurs,27525669,Toutes plantes oléagineuses
RDS_DICT_INDICATORS_NSO,Indicateurs,27525679,Tournesol
RDS_DICT_INDICATORS_NSO,Indicateurs,27525699,Tabac brut
RDS_DICT_INDICATORS_NSO,Indicateurs,27525709,Tabac à priser (soufi)
RDS_DICT_INDICATORS_NSO,Indicateurs,27525719,Nombre de planteurs (Nb)
RDS_DICT_INDICATORS_NSO,Indicateurs,27525729,Superficie (Ha)
RDS_DICT_INDICATORS_NSO,Indicateurs,27525739,Production (T)
RDS_DICT_INDICATORS_NSO,Indicateurs,27525749,Prix moyen à la Production (D/QL)
RDS_DICT_INDICATORS_NSO,Indicateurs,27525759,Tabac à fumer  (arbi)
RDS_DICT_INDICATORS_NSO,Indicateurs,27525769,Nombre de planteurs (Nb)
RDS_DICT_INDICATORS_NSO,Indicateurs,27525779,Superficie (Ha)
RDS_DICT_INDICATORS_NSO,Indicateurs,27525789,Production (T)
RDS_DICT_INDICATORS_NSO,Indicateurs,27525799,Prix moyen à la Production (D/QL)
RDS_DICT_INDICATORS_NSO,Indicateurs,27525809,Liège  (T)
RDS_DICT_INDICATORS_NSO,Indicateurs,27525819,Alfa  (T)
RDS_DICT_INDICATORS_NSO,Indicateurs,27525829,Bois (1000m3)
RDS_DICT_INDICATORS_NSO,Indicateurs,27525839,Total fourrages
RDS_DICT_INDICATORS_NSO,Indicateurs,27523459,Production animale
RDS_DICT_INDICATORS_NSO,Indicateurs,27525859,Cheptel en nombre de têtes
RDS_DICT_INDICATORS_NSO,Indicateurs,27525869,Total du cheptel bovin
RDS_DICT_INDICATORS_NSO,Indicateurs,27525879,Vaches laitières
RDS_DICT_INDICATORS_NSO,Indicateurs,27525889,Total du cheptel ovin
RDS_DICT_INDICATORS_NSO,Indicateurs,27525899,Brebis et agnelles laitières saillis
RDS_DICT_INDICATORS_NSO,Indicateurs,27525909,Total du cheptel caprin
RDS_DICT_INDICATORS_NSO,Indicateurs,27525919,Chèvres ayant mis bas
RDS_DICT_INDICATORS_NSO,Indicateurs,27525939,Répartition du cheptel par région
RDS_DICT_INDICATORS_NSO,Indicateurs,27525949,Bovins
RDS_DICT_INDICATORS_NSO,Indicateurs,27525959,Nord
RDS_DICT_INDICATORS_NSO,Indicateurs,27525969,Centre
RDS_DICT_INDICATORS_NSO,Indicateurs,27525979,Sud
RDS_DICT_INDICATORS_NSO,Indicateurs,27525989,Ovins
RDS_DICT_INDICATORS_NSO,Indicateurs,27525999,Nord
RDS_DICT_INDICATORS_NSO,Indicateurs,27526009,Centre
RDS_DICT_INDICATORS_NSO,Indicateurs,27526019,Sud
RDS_DICT_INDICATORS_NSO,Indicateurs,27526029,Caprins
RDS_DICT_INDICATORS_NSO,Indicateurs,27526039,Nord
RDS_DICT_INDICATORS_NSO,Indicateurs,27526049,Centre
RDS_DICT_INDICATORS_NSO,Indicateurs,27526059,Sud
RDS_DICT_INDICATORS_NSO,Indicateurs,27679189,Total
RDS_DICT_INDICATORS_NSO,Indicateurs,27679199,Nord
RDS_DICT_INDICATORS_NSO,Indicateurs,27679219,Centre
RDS_DICT_INDICATORS_NSO,Indicateurs,27679209,Sud
RDS_DICT_INDICATORS_NSO,Indicateurs,27525929,Total du cheptel porcin
RDS_DICT_INDICATORS_NSO,Indicateurs,27526069,Elevage de volailles
RDS_DICT_INDICATORS_NSO,Indicateurs,27526079,"Poules, race pondeuse (poussins destinés à la ponte)"
RDS_DICT_INDICATORS_NSO,Indicateurs,27526089,"Poules, coqs, poulets, race chair (poussins pour l’engraissement)"
RDS_DICT_INDICATORS_NSO,Indicateurs,27526099,Production et utilisation du lait à la ferme
RDS_DICT_INDICATORS_NSO,Indicateurs,27526109,Vache
RDS_DICT_INDICATORS_NSO,Indicateurs,27526119,Brebis
RDS_DICT_INDICATORS_NSO,Indicateurs,27526139,Production totale du viande par type
RDS_DICT_INDICATORS_NSO,Indicateurs,27526149,Bovins
RDS_DICT_INDICATORS_NSO,Indicateurs,27526159,Ovins
RDS_DICT_INDICATORS_NSO,Indicateurs,27526169,Caprins
RDS_DICT_INDICATORS_NSO,Indicateurs,27526179,Porcs
RDS_DICT_INDICATORS_NSO,Indicateurs,27526189,Volailles
RDS_DICT_INDICATORS_NSO,Indicateurs,27526199,Poulets de chair
RDS_DICT_INDICATORS_NSO,Indicateurs,27526209,Dindes
RDS_DICT_INDICATORS_NSO,Indicateurs,27526229,Autres
RDS_DICT_INDICATORS_NSO,Indicateurs,27526239,Œufs (millions de pièces)
RDS_DICT_INDICATORS_NSO,Indicateurs,27523469,Pêche et aquacullture
RDS_DICT_INDICATORS_NSO,Indicateurs,27526249,Pêche (poids vifs en Tonne)
RDS_DICT_INDICATORS_NSO,Indicateurs,27526259,Capture annuelle totale dans toutes zones de pêche (R00)
RDS_DICT_INDICATORS_NSO,Indicateurs,27526269,Total captures - Toutes espèces
RDS_DICT_INDICATORS_NSO,Indicateurs,27526279,ANE - Anchois - Engraulis encrasicolus
RDS_DICT_INDICATORS_NSO,Indicateurs,27526289,PIL - Sardine commune - Sardina pilchardus
RDS_DICT_INDICATORS_NSO,Indicateurs,27526299,SIX - Sardinelles nca - Sardinella spp
RDS_DICT_INDICATORS_NSO,Indicateurs,27526309,SVE - Petite praire - Chamelea gallina
RDS_DICT_INDICATORS_NSO,Indicateurs,27526319,SPR - Sprat - Sprattus sprattus
RDS_DICT_INDICATORS_NSO,Indicateurs,27526329,MSM - Moule méditerranéenne - Mytilus galloprovincialis
RDS_DICT_INDICATORS_NSO,Indicateurs,27526339,JAX - Chinchards noirs nca - Trachurus spp
RDS_DICT_INDICATORS_NSO,Indicateurs,27526349,Captures annuelles dans la zone de pêche Méditerranée et Mer Noire (R37)
RDS_DICT_INDICATORS_NSO,Indicateurs,27526359,Total captures - Toutes espèces
RDS_DICT_INDICATORS_NSO,Indicateurs,27526369,ANE - Anchois - Engraulis encrasicolus
RDS_DICT_INDICATORS_NSO,Indicateurs,27526379,PIL - Sardine commune - Sardina pilchardus
RDS_DICT_INDICATORS_NSO,Indicateurs,27526389,SIX - Sardinelles nca - Sardinella spp
RDS_DICT_INDICATORS_NSO,Indicateurs,27526399,SVE - Petite praire - Chamelea gallina
RDS_DICT_INDICATORS_NSO,Indicateurs,27526409,SPR - Sprat - Sprattus sprattus
RDS_DICT_INDICATORS_NSO,Indicateurs,27526419,MSM - Moule méditerranéenne - Mytilus galloprovincialis
RDS_DICT_INDICATORS_NSO,Indicateurs,27526429,JAX - Chinchards noirs nca - Trachurus spp
RDS_DICT_INDICATORS_NSO,Indicateurs,27527039,Evolution de la production de la pêche  par unités de pêche
RDS_DICT_INDICATORS_NSO,Indicateurs,27527049,Chalut
RDS_DICT_INDICATORS_NSO,Indicateurs,27527059,Pêche avec feu
RDS_DICT_INDICATORS_NSO,Indicateurs,27527069,Côtière
RDS_DICT_INDICATORS_NSO,Indicateurs,27527079,Thon
RDS_DICT_INDICATORS_NSO,Indicateurs,27527089,Crustacé  (Langouste)
RDS_DICT_INDICATORS_NSO,Indicateurs,27527099,Lagunaire & Aquaculture
RDS_DICT_INDICATORS_NSO,Indicateurs,27527109,Eponge
RDS_DICT_INDICATORS_NSO,Indicateurs,27527119,Corail
RDS_DICT_INDICATORS_NSO,Indicateurs,27527129,Coquillage
RDS_DICT_INDICATORS_NSO,Indicateurs,27527139,Répartition de la flotille active par type d'embarcation et gouvernorat
RDS_DICT_INDICATORS_NSO,Indicateurs,27527149,Chalutiers1
RDS_DICT_INDICATORS_NSO,Indicateurs,27527159,Jendouba - Beja
RDS_DICT_INDICATORS_NSO,Indicateurs,27527169,Bizerte
RDS_DICT_INDICATORS_NSO,Indicateurs,27527179,Tunis - Ben Arous
RDS_DICT_INDICATORS_NSO,Indicateurs,27527189,Nabeul
RDS_DICT_INDICATORS_NSO,Indicateurs,27527199,Sousse
RDS_DICT_INDICATORS_NSO,Indicateurs,27527209,Monastir
RDS_DICT_INDICATORS_NSO,Indicateurs,27527219,Mahdia
RDS_DICT_INDICATORS_NSO,Indicateurs,27527229,Sfax
RDS_DICT_INDICATORS_NSO,Indicateurs,27527239,Gabès
RDS_DICT_INDICATORS_NSO,Indicateurs,27527249,Médenine
RDS_DICT_INDICATORS_NSO,Indicateurs,27527259,Autres ports
RDS_DICT_INDICATORS_NSO,Indicateurs,27527269,Sardiniers2
RDS_DICT_INDICATORS_NSO,Indicateurs,27527279,Jendouba - Beja
RDS_DICT_INDICATORS_NSO,Indicateurs,27527289,Bizerte
RDS_DICT_INDICATORS_NSO,Indicateurs,27527299,Tunis - Ben Arous
RDS_DICT_INDICATORS_NSO,Indicateurs,27527309,Nabeul
RDS_DICT_INDICATORS_NSO,Indicateurs,27527319,Sousse
RDS_DICT_INDICATORS_NSO,Indicateurs,27527329,Monastir
RDS_DICT_INDICATORS_NSO,Indicateurs,27527339,Mahdia
RDS_DICT_INDICATORS_NSO,Indicateurs,27527349,Sfax
RDS_DICT_INDICATORS_NSO,Indicateurs,27527359,Gabès
RDS_DICT_INDICATORS_NSO,Indicateurs,27527369,Médenine
RDS_DICT_INDICATORS_NSO,Indicateurs,27527379,Autres ports
RDS_DICT_INDICATORS_NSO,Indicateurs,27527389,Motorisée3
RDS_DICT_INDICATORS_NSO,Indicateurs,27527399,Jendouba - Beja
RDS_DICT_INDICATORS_NSO,Indicateurs,27527409,Bizerte
RDS_DICT_INDICATORS_NSO,Indicateurs,27527419,Tunis - Ben Arous
RDS_DICT_INDICATORS_NSO,Indicateurs,27527429,Nabeul
RDS_DICT_INDICATORS_NSO,Indicateurs,27527439,Sousse
RDS_DICT_INDICATORS_NSO,Indicateurs,27527449,Monastir
RDS_DICT_INDICATORS_NSO,Indicateurs,27527459,Mahdia
RDS_DICT_INDICATORS_NSO,Indicateurs,27527469,Sfax
RDS_DICT_INDICATORS_NSO,Indicateurs,27527479,Gabès
RDS_DICT_INDICATORS_NSO,Indicateurs,27527489,Médenine
RDS_DICT_INDICATORS_NSO,Indicateurs,27527499,Autres ports
RDS_DICT_INDICATORS_NSO,Indicateurs,27527509,Non Motorisée
RDS_DICT_INDICATORS_NSO,Indicateurs,27527519,Jendouba - Beja
RDS_DICT_INDICATORS_NSO,Indicateurs,27527529,Bizerte
RDS_DICT_INDICATORS_NSO,Indicateurs,27527539,Tunis - Ben Arous
RDS_DICT_INDICATORS_NSO,Indicateurs,27527549,Nabeul
RDS_DICT_INDICATORS_NSO,Indicateurs,27527559,Sousse
RDS_DICT_INDICATORS_NSO,Indicateurs,27527569,Monastir
RDS_DICT_INDICATORS_NSO,Indicateurs,27527579,Mahdia
RDS_DICT_INDICATORS_NSO,Indicateurs,27527589,Sfax
RDS_DICT_INDICATORS_NSO,Indicateurs,27527599,Gabès
RDS_DICT_INDICATORS_NSO,Indicateurs,27527609,Médenine
RDS_DICT_INDICATORS_NSO,Indicateurs,27527619,Autres ports
RDS_DICT_INDICATORS_NSO,Indicateurs,27527629,Thoniers
RDS_DICT_INDICATORS_NSO,Indicateurs,27527649,Bizerte
RDS_DICT_INDICATORS_NSO,Indicateurs,27527669,Nabeul
RDS_DICT_INDICATORS_NSO,Indicateurs,27527679,Sousse
RDS_DICT_INDICATORS_NSO,Indicateurs,27527689,Monastir
RDS_DICT_INDICATORS_NSO,Indicateurs,27527699,Mahdia
RDS_DICT_INDICATORS_NSO,Indicateurs,27527709,Sfax
RDS_DICT_INDICATORS_NSO,Indicateurs,27527719,Gabès
RDS_DICT_INDICATORS_NSO,Indicateurs,27527729,Médenine
RDS_DICT_INDICATORS_NSO,Indicateurs,27526529,Aquaculture
RDS_DICT_INDICATORS_NSO,Indicateurs,27526719,Production annuelle de l'aquaculture  de tous environnements (T)
RDS_DICT_INDICATORS_NSO,Indicateurs,27526729,Total production de l'aquaculture - Toutes espèces
RDS_DICT_INDICATORS_NSO,Indicateurs,27526739,MSM - Moule méditerranéenne - Mytilus galloprovincialis
RDS_DICT_INDICATORS_NSO,Indicateurs,27526749,SBG - Dorade royale - Sparus aurata
RDS_DICT_INDICATORS_NSO,Indicateurs,27526759,BSS - Bar européen - Dicentrarchus labrax
RDS_DICT_INDICATORS_NSO,Indicateurs,27526769,MUF - Mulet à grosse tête - Mugil cephalus
RDS_DICT_INDICATORS_NSO,Indicateurs,27526779,CLG - Palourde japonaise - Ruditapes philippinarum
RDS_DICT_INDICATORS_NSO,Indicateurs,27526789,BSE - Bars nca - Dicentrarchus spp
RDS_DICT_INDICATORS_NSO,Indicateurs,27526799,Production annuelle de l'aquaculture en eau douce (I)
RDS_DICT_INDICATORS_NSO,Indicateurs,27526809,Total production de l'aquaculture - Toutes espèces
RDS_DICT_INDICATORS_NSO,Indicateurs,27526819,MSM - Moule méditerranéenne - Mytilus galloprovincialis
RDS_DICT_INDICATORS_NSO,Indicateurs,27526829,SBG - Dorade royale - Sparus aurata
RDS_DICT_INDICATORS_NSO,Indicateurs,27526839,BSS - Bar européen - Dicentrarchus labrax
RDS_DICT_INDICATORS_NSO,Indicateurs,27526849,MUF - Mulet à grosse tête - Mugil cephalus
RDS_DICT_INDICATORS_NSO,Indicateurs,27526859,CLG - Palourde japonaise - Ruditapes philippinarum
RDS_DICT_INDICATORS_NSO,Indicateurs,27526869,BSE - Bars nca - Dicentrarchus spp
RDS_DICT_INDICATORS_NSO,Indicateurs,27526959,Production annuelle de l'aquaculture en eau de mer (M)
RDS_DICT_INDICATORS_NSO,Indicateurs,27526969,Total production de l'aquaculture - Toutes espèces
RDS_DICT_INDICATORS_NSO,Indicateurs,27526979,MSM - Moule méditerranéenne - Mytilus galloprovincialis
RDS_DICT_INDICATORS_NSO,Indicateurs,27526989,SBG - Dorade royale - Sparus aurata
RDS_DICT_INDICATORS_NSO,Indicateurs,27526999,BSS - Bar européen - Dicentrarchus labrax
RDS_DICT_INDICATORS_NSO,Indicateurs,27527009,MUF - Mulet à grosse tête - Mugil cephalus
RDS_DICT_INDICATORS_NSO,Indicateurs,27527019,CLG - Palourde japonaise - Ruditapes philippinarum
RDS_DICT_INDICATORS_NSO,Indicateurs,27527029,BSE - Bars nca - Dicentrarchus spp
RDS_DICT_INDICATORS_NSO,Indicateurs,27523479,Comptes économiques de l'agriculture et prix
RDS_DICT_INDICATORS_NSO,Indicateurs,27527749,Comptes Economiques de l'Agriculture (CEA)
RDS_DICT_INDICATORS_NSO,Indicateurs,27527759,Valeur de la production agricole au prix de base courant
RDS_DICT_INDICATORS_NSO,Indicateurs,27527769,Production totale de la branche agricole
RDS_DICT_INDICATORS_NSO,Indicateurs,27527779,Poduction végétale
RDS_DICT_INDICATORS_NSO,Indicateurs,27527789,Production animale
RDS_DICT_INDICATORS_NSO,Indicateurs,27527799,Valeur des consommations intermédiares
RDS_DICT_INDICATORS_NSO,Indicateurs,27527809,Consommations intermédiares totales
RDS_DICT_INDICATORS_NSO,Indicateurs,27527819,Semences et plants
RDS_DICT_INDICATORS_NSO,Indicateurs,27527829,Energie et lubrifiants
RDS_DICT_INDICATORS_NSO,Indicateurs,27527839,Engrais et amendements
RDS_DICT_INDICATORS_NSO,Indicateurs,27527849,Antiparasitaires (pesticides)
RDS_DICT_INDICATORS_NSO,Indicateurs,27527859,Aliments pour animaux
RDS_DICT_INDICATORS_NSO,Indicateurs,27527869,Valeur de la production agricole au prix de base constant (année de référence 2000)
RDS_DICT_INDICATORS_NSO,Indicateurs,27527879,Production totale de la branche agricole
RDS_DICT_INDICATORS_NSO,Indicateurs,27527889,Production végétale
RDS_DICT_INDICATORS_NSO,Indicateurs,27527899,Production animale
RDS_DICT_INDICATORS_NSO,Indicateurs,27527909,Valeur des consommations intermédiares à prix constant (année de référence 2000)
RDS_DICT_INDICATORS_NSO,Indicateurs,27527919,Consommations intermédiares totales
RDS_DICT_INDICATORS_NSO,Indicateurs,27527929,Semences et plants
RDS_DICT_INDICATORS_NSO,Indicateurs,27527939,Energie et lubrifiants
RDS_DICT_INDICATORS_NSO,Indicateurs,27527949,Engrais et amendements
RDS_DICT_INDICATORS_NSO,Indicateurs,27527959,Antiparasitaires (pesticides)
RDS_DICT_INDICATORS_NSO,Indicateurs,27527969,Aliments pour animaux
RDS_DICT_INDICATORS_NSO,Indicateurs,27526699,Prix agricoles
RDS_DICT_INDICATORS_NSO,Indicateurs,27526539,Indices de prix des produits agricoles en valeur nominale
RDS_DICT_INDICATORS_NSO,Indicateurs,27526549,Total production agricole
RDS_DICT_INDICATORS_NSO,Indicateurs,27526559,Production végétale
RDS_DICT_INDICATORS_NSO,Indicateurs,27526569,Céréales
RDS_DICT_INDICATORS_NSO,Indicateurs,27526579,Plantes industrielles
RDS_DICT_INDICATORS_NSO,Indicateurs,27526589,Plantes fourragères
RDS_DICT_INDICATORS_NSO,Indicateurs,27526599,Produits maraîchers et horticoles
RDS_DICT_INDICATORS_NSO,Indicateurs,27526609,Pommes de terre
RDS_DICT_INDICATORS_NSO,Indicateurs,27526619,Fruits
RDS_DICT_INDICATORS_NSO,Indicateurs,27526629,Vins
RDS_DICT_INDICATORS_NSO,Indicateurs,27526639,Huile d’olive
RDS_DICT_INDICATORS_NSO,Indicateurs,27526649,Autres produits végétaux
RDS_DICT_INDICATORS_NSO,Indicateurs,27526659,Production animale
RDS_DICT_INDICATORS_NSO,Indicateurs,27526669,Animaux
RDS_DICT_INDICATORS_NSO,Indicateurs,27526689,Indices de prix des intrants agricoles en valeur nominale
RDS_DICT_INDICATORS_NSO,Indicateurs,27526709,Total intrants agricoles
RDS_DICT_INDICATORS_NSO,Indicateurs,27527979,Biens et services habituellement consommés dans l’agriculture (intrant 1)
RDS_DICT_INDICATORS_NSO,Indicateurs,27527989,Semences et plants
RDS_DICT_INDICATORS_NSO,Indicateurs,27527999,Energie et lubrifiants
RDS_DICT_INDICATORS_NSO,Indicateurs,27528009,Engrais et amendements
RDS_DICT_INDICATORS_NSO,Indicateurs,27528019,Produits de protection des cultures et antiparasitaires
RDS_DICT_INDICATORS_NSO,Indicateurs,27528029,Dépenses vétérinaires
RDS_DICT_INDICATORS_NSO,Indicateurs,27528039,Aliments pour animaux
RDS_DICT_INDICATORS_NSO,Indicateurs,27528049,Entretien du matériel
RDS_DICT_INDICATORS_NSO,Indicateurs,27528059,Entretien des bâtiments
RDS_DICT_INDICATORS_NSO,Indicateurs,27528069,Autres biens et services (intrant 1)
RDS_DICT_INDICATORS_NSO,Indicateurs,27528079,Biens et services contribuant aux investissements agricoles (intrant 2)
RDS_DICT_INDICATORS_NSO,Indicateurs,27528089,Matériel
RDS_DICT_INDICATORS_NSO,Indicateurs,27528099,Constructions
RDS_DICT_INDICATORS_NSO,Indicateurs,11921516,Commerce extérieur
RDS_DICT_INDICATORS_NSO,Indicateurs,28737899,Indicateurs du commerce extérieur à valeur brut
RDS_DICT_INDICATORS_NSO,Indicateurs,22898216,Balance commerciale
RDS_DICT_INDICATORS_NSO,Indicateurs,22535816,Exportations Totales
RDS_DICT_INDICATORS_NSO,Indicateurs,22535716,Importations Totales
RDS_DICT_INDICATORS_NSO,Indicateurs,22898316,Echanges par type d'utilisation
RDS_DICT_INDICATORS_NSO,Indicateurs,27700229,Exportations
RDS_DICT_INDICATORS_NSO,Indicateurs,22898716,"Exports,Produits agricoles et alimentaires de base"
RDS_DICT_INDICATORS_NSO,Indicateurs,22898816,Produits énergétiques
RDS_DICT_INDICATORS_NSO,Indicateurs,22898916,Produits miniers et phosphates
RDS_DICT_INDICATORS_NSO,Indicateurs,22899016,Autres produits intermédiaires
RDS_DICT_INDICATORS_NSO,Indicateurs,22899116,Produits d'équipement
RDS_DICT_INDICATORS_NSO,Indicateurs,27700309,Autres produits de consommation
RDS_DICT_INDICATORS_NSO,Indicateurs,27700239,Importations
RDS_DICT_INDICATORS_NSO,Indicateurs,22899316,"Imports , Produits agricoles et alimentaires de base"
RDS_DICT_INDICATORS_NSO,Indicateurs,22899416,Produits énergétiques
RDS_DICT_INDICATORS_NSO,Indicateurs,22899516,Produits miniers et phosphates
RDS_DICT_INDICATORS_NSO,Indicateurs,22899616,Autres produits intermédiaires
RDS_DICT_INDICATORS_NSO,Indicateurs,22899716,Produits d'équipement
RDS_DICT_INDICATORS_NSO,Indicateurs,22899816,Autres produits de consommation
RDS_DICT_INDICATORS_NSO,Indicateurs,22898416,Echanges par groupement sectoriel d'activité
RDS_DICT_INDICATORS_NSO,Indicateurs,27700249,Exportations
RDS_DICT_INDICATORS_NSO,Indicateurs,22899916,Agriculture et industries agro-alimentaires
RDS_DICT_INDICATORS_NSO,Indicateurs,22900016,Energie et lubrifiants
RDS_DICT_INDICATORS_NSO,Indicateurs,22900116,"Mines, phosphates et dérivés"
RDS_DICT_INDICATORS_NSO,Indicateurs,22900216,"Textiles, habillements et cuirs"
RDS_DICT_INDICATORS_NSO,Indicateurs,22900316,Industries mécaniques et électriques
RDS_DICT_INDICATORS_NSO,Indicateurs,22900516,Autres industries mécaniques
RDS_DICT_INDICATORS_NSO,Indicateurs,22900616,Industries électriques
RDS_DICT_INDICATORS_NSO,Indicateurs,22900716,Autres industries manufacturières
RDS_DICT_INDICATORS_NSO,Indicateurs,22900816,Ensemble des produits
RDS_DICT_INDICATORS_NSO,Indicateurs,27700259,Importations
RDS_DICT_INDICATORS_NSO,Indicateurs,22900916,Agriculture et industries agro-alimentaires
RDS_DICT_INDICATORS_NSO,Indicateurs,22901016,Energie et lubrifiants
RDS_DICT_INDICATORS_NSO,Indicateurs,22901116,"Mines, phosphates et dérivés"
RDS_DICT_INDICATORS_NSO,Indicateurs,22901216,"Textiles, habillements et cuirs"
RDS_DICT_INDICATORS_NSO,Indicateurs,22901316,Industries mécaniques et électriques
RDS_DICT_INDICATORS_NSO,Indicateurs,22901516,Autres industries mécaniques
RDS_DICT_INDICATORS_NSO,Indicateurs,22901616,Industries électriques
RDS_DICT_INDICATORS_NSO,Indicateurs,22901716,Autres industries manufacturières
RDS_DICT_INDICATORS_NSO,Indicateurs,22901816,Ensemble des produits
RDS_DICT_INDICATORS_NSO,Indicateurs,22898516,Echanges par pays
RDS_DICT_INDICATORS_NSO,Indicateurs,27700269,Exportations
RDS_DICT_INDICATORS_NSO,Indicateurs,22901916,AFRIQUE
RDS_DICT_INDICATORS_NSO,Indicateurs,22902016,Algérie
RDS_DICT_INDICATORS_NSO,Indicateurs,22902116,Libye
RDS_DICT_INDICATORS_NSO,Indicateurs,22902216,Maroc
RDS_DICT_INDICATORS_NSO,Indicateurs,22902316,Autres pays d'Afrique
RDS_DICT_INDICATORS_NSO,Indicateurs,22902416,AMERIQUE
RDS_DICT_INDICATORS_NSO,Indicateurs,22902516,Brésil
RDS_DICT_INDICATORS_NSO,Indicateurs,22902616,Etats-Unis d'Amérique
RDS_DICT_INDICATORS_NSO,Indicateurs,22902716,Autres pays d'Amérique
RDS_DICT_INDICATORS_NSO,Indicateurs,22902816,ASIE
RDS_DICT_INDICATORS_NSO,Indicateurs,22902916,Chine populaire
RDS_DICT_INDICATORS_NSO,Indicateurs,22903016,Inde
RDS_DICT_INDICATORS_NSO,Indicateurs,22903116,Japon
RDS_DICT_INDICATORS_NSO,Indicateurs,22903216,Autres pays d'Asie
RDS_DICT_INDICATORS_NSO,Indicateurs,22903316,EUROPE
RDS_DICT_INDICATORS_NSO,Indicateurs,22903416,Allemagne
RDS_DICT_INDICATORS_NSO,Indicateurs,22903516,Belgique
RDS_DICT_INDICATORS_NSO,Indicateurs,22903616,France
RDS_DICT_INDICATORS_NSO,Indicateurs,22903716,Italie
RDS_DICT_INDICATORS_NSO,Indicateurs,22903816,Pays-Bas
RDS_DICT_INDICATORS_NSO,Indicateurs,22903916,Pologne
RDS_DICT_INDICATORS_NSO,Indicateurs,22904016,Royaume-Uni
RDS_DICT_INDICATORS_NSO,Indicateurs,22904116,Suède
RDS_DICT_INDICATORS_NSO,Indicateurs,22904216,Suisse
RDS_DICT_INDICATORS_NSO,Indicateurs,22904316,Espagne
RDS_DICT_INDICATORS_NSO,Indicateurs,22904416,Autres pays d'Europe
RDS_DICT_INDICATORS_NSO,Indicateurs,22904516,Autres pays
RDS_DICT_INDICATORS_NSO,Indicateurs,22904616,Total
RDS_DICT_INDICATORS_NSO,Indicateurs,27700279,Importations
RDS_DICT_INDICATORS_NSO,Indicateurs,22904716,AFRIQUE
RDS_DICT_INDICATORS_NSO,Indicateurs,22904816,Algérie
RDS_DICT_INDICATORS_NSO,Indicateurs,22904916,Libye
RDS_DICT_INDICATORS_NSO,Indicateurs,22905016,Maroc
RDS_DICT_INDICATORS_NSO,Indicateurs,22905116,Autres pays d'Afrique
RDS_DICT_INDICATORS_NSO,Indicateurs,22905216,AMERIQUE
RDS_DICT_INDICATORS_NSO,Indicateurs,22905316,Brésil
RDS_DICT_INDICATORS_NSO,Indicateurs,22905416,Etats-Unis d'Amérique
RDS_DICT_INDICATORS_NSO,Indicateurs,22905516,Autres pays d'Amérique
RDS_DICT_INDICATORS_NSO,Indicateurs,22905616,ASIE
RDS_DICT_INDICATORS_NSO,Indicateurs,22905716,Chine populaire
RDS_DICT_INDICATORS_NSO,Indicateurs,22905816,Inde
RDS_DICT_INDICATORS_NSO,Indicateurs,22905916,Japon
RDS_DICT_INDICATORS_NSO,Indicateurs,22906016,Autres pays d'Asie
RDS_DICT_INDICATORS_NSO,Indicateurs,22906116,"Imports, Europe"
RDS_DICT_INDICATORS_NSO,Indicateurs,22906216,Allemagne
RDS_DICT_INDICATORS_NSO,Indicateurs,22906316,Belgique
RDS_DICT_INDICATORS_NSO,Indicateurs,22906416,France
RDS_DICT_INDICATORS_NSO,Indicateurs,22906516,Italie
RDS_DICT_INDICATORS_NSO,Indicateurs,22906616,Pays-Bas
RDS_DICT_INDICATORS_NSO,Indicateurs,22906716,Pologne
RDS_DICT_INDICATORS_NSO,Indicateurs,22906816,Royaume-Uni
RDS_DICT_INDICATORS_NSO,Indicateurs,22906916,Suède
RDS_DICT_INDICATORS_NSO,Indicateurs,22907016,Suisse
RDS_DICT_INDICATORS_NSO,Indicateurs,22907116,Espagne
RDS_DICT_INDICATORS_NSO,Indicateurs,22907216,Autres pays d'Europe
RDS_DICT_INDICATORS_NSO,Indicateurs,22907316,Autres pays
RDS_DICT_INDICATORS_NSO,Indicateurs,22907416,Total
RDS_DICT_INDICATORS_NSO,Indicateurs,22898616,Echanges par principaux produits
RDS_DICT_INDICATORS_NSO,Indicateurs,27700289,Exportations
RDS_DICT_INDICATORS_NSO,Indicateurs,22907516,Produits agro-alimentaires
RDS_DICT_INDICATORS_NSO,Indicateurs,22907616,Huile d'olive
RDS_DICT_INDICATORS_NSO,Indicateurs,22907716,"Poissons, crustacés et mollusques"
RDS_DICT_INDICATORS_NSO,Indicateurs,22907816,Dattes
RDS_DICT_INDICATORS_NSO,Indicateurs,22907916,Agrumes
RDS_DICT_INDICATORS_NSO,Indicateurs,22908016,"Principaux produits exportés ,Energie et lubrifiants"
RDS_DICT_INDICATORS_NSO,Indicateurs,22908116,Pétrole Brut
RDS_DICT_INDICATORS_NSO,Indicateurs,22908216,Produit raffinés
RDS_DICT_INDICATORS_NSO,Indicateurs,22908316,"Principaux produits exportés,Mines  Phosphate et dérivés"
RDS_DICT_INDICATORS_NSO,Indicateurs,22908416,Phosphate brut
RDS_DICT_INDICATORS_NSO,Indicateurs,22908516,Acide phosphorique
RDS_DICT_INDICATORS_NSO,Indicateurs,22908616,D.A.P
RDS_DICT_INDICATORS_NSO,Indicateurs,22908716,Superphosphate triple
RDS_DICT_INDICATORS_NSO,Indicateurs,22908816,Sel
RDS_DICT_INDICATORS_NSO,Indicateurs,22908916,Zinc
RDS_DICT_INDICATORS_NSO,Indicateurs,22909016,"Principaux produits exportés,Textile habillement et cuir"
RDS_DICT_INDICATORS_NSO,Indicateurs,22909116,Bonneterie
RDS_DICT_INDICATORS_NSO,Indicateurs,22909216,Confection
RDS_DICT_INDICATORS_NSO,Indicateurs,22909316,Tissus
RDS_DICT_INDICATORS_NSO,Indicateurs,22909416,Tapis d'artisanat
RDS_DICT_INDICATORS_NSO,Indicateurs,22909516,Tiges de chaussures
RDS_DICT_INDICATORS_NSO,Indicateurs,22909616,Chaussures
RDS_DICT_INDICATORS_NSO,Indicateurs,22909716,Ouvrages en cuir
RDS_DICT_INDICATORS_NSO,Indicateurs,22909816,Autres industries exportés
RDS_DICT_INDICATORS_NSO,Indicateurs,22909916,Ciments
RDS_DICT_INDICATORS_NSO,Indicateurs,22910016,Pates à papier
RDS_DICT_INDICATORS_NSO,Indicateurs,22910116,Huiles essentielles et parfumerie
RDS_DICT_INDICATORS_NSO,Indicateurs,22910216,produits pharmaceutiques
RDS_DICT_INDICATORS_NSO,Indicateurs,22910316,Ouvrages en plastique
RDS_DICT_INDICATORS_NSO,Indicateurs,22910416,Pneumatiques
RDS_DICT_INDICATORS_NSO,Indicateurs,22910516,Produits céramique
RDS_DICT_INDICATORS_NSO,Indicateurs,22910616,Fils et cables éléctriques
RDS_DICT_INDICATORS_NSO,Indicateurs,22910716,Transformateurs
RDS_DICT_INDICATORS_NSO,Indicateurs,22910816,"Réfrigérateurs, appareils de prod. froid."
RDS_DICT_INDICATORS_NSO,Indicateurs,22910916,Chassis et pièces détachées
RDS_DICT_INDICATORS_NSO,Indicateurs,27700299,Importations
RDS_DICT_INDICATORS_NSO,Indicateurs,27543319,Produits Agro-alimentaires
RDS_DICT_INDICATORS_NSO,Indicateurs,27543379,Blé dur
RDS_DICT_INDICATORS_NSO,Indicateurs,27543389,Blé tendre
RDS_DICT_INDICATORS_NSO,Indicateurs,27543399,Orge
RDS_DICT_INDICATORS_NSO,Indicateurs,27543409,Mais
RDS_DICT_INDICATORS_NSO,Indicateurs,27543419,Pomme de terre
RDS_DICT_INDICATORS_NSO,Indicateurs,27543429,Café
RDS_DICT_INDICATORS_NSO,Indicateurs,27543439,Thé
RDS_DICT_INDICATORS_NSO,Indicateurs,27543449,Viande
RDS_DICT_INDICATORS_NSO,Indicateurs,27543459,Laits et dérivés
RDS_DICT_INDICATORS_NSO,Indicateurs,27543469,Huiles végétales
RDS_DICT_INDICATORS_NSO,Indicateurs,27543479,Sucre
RDS_DICT_INDICATORS_NSO,Indicateurs,27543489,Tourteaux de Soja
RDS_DICT_INDICATORS_NSO,Indicateurs,27543499,Tabac brut
RDS_DICT_INDICATORS_NSO,Indicateurs,27543329,Principaux produits importé: Energie et lubrifiant
RDS_DICT_INDICATORS_NSO,Indicateurs,27543509,Petrole brut
RDS_DICT_INDICATORS_NSO,Indicateurs,27543519,Produits raffinés
RDS_DICT_INDICATORS_NSO,Indicateurs,27543529,Gaz naturel
RDS_DICT_INDICATORS_NSO,Indicateurs,27543539,Houille et coke
RDS_DICT_INDICATORS_NSO,Indicateurs,27543339,"produits de Mines, phosphate et dérivés"
RDS_DICT_INDICATORS_NSO,Indicateurs,27543549,Souffre
RDS_DICT_INDICATORS_NSO,Indicateurs,27543559,Ammoniac
RDS_DICT_INDICATORS_NSO,Indicateurs,27543349,"Produits Textile, habillement et cuirs"
RDS_DICT_INDICATORS_NSO,Indicateurs,27543569,Coton en masse
RDS_DICT_INDICATORS_NSO,Indicateurs,27543579,Fils et files
RDS_DICT_INDICATORS_NSO,Indicateurs,27543589,Tissus
RDS_DICT_INDICATORS_NSO,Indicateurs,27543599,Articles en textiles
RDS_DICT_INDICATORS_NSO,Indicateurs,27543609,Cuir et peaux
RDS_DICT_INDICATORS_NSO,Indicateurs,27543359,Produits de Transport
RDS_DICT_INDICATORS_NSO,Indicateurs,27543619,Tracteurs
RDS_DICT_INDICATORS_NSO,Indicateurs,27543629,Camions
RDS_DICT_INDICATORS_NSO,Indicateurs,27543639,Bus et Cars
RDS_DICT_INDICATORS_NSO,Indicateurs,27543649,Voitures de tourisme
RDS_DICT_INDICATORS_NSO,Indicateurs,27543659,Châssis et carosserie
RDS_DICT_INDICATORS_NSO,Indicateurs,27543669,Autres matériels de transport
RDS_DICT_INDICATORS_NSO,Indicateurs,27543369,"Produits d'Industries mécaniques , électrique et autres produits"
RDS_DICT_INDICATORS_NSO,Indicateurs,27543679,Tabacs fabriqués
RDS_DICT_INDICATORS_NSO,Indicateurs,27543689,Produits pharmaceutiques
RDS_DICT_INDICATORS_NSO,Indicateurs,27543699,Matières en plastique
RDS_DICT_INDICATORS_NSO,Indicateurs,27543709,Ouvrages en plastique
RDS_DICT_INDICATORS_NSO,Indicateurs,27543719,Autres produits chimiques
RDS_DICT_INDICATORS_NSO,Indicateurs,27543729,Produits de peintures
RDS_DICT_INDICATORS_NSO,Indicateurs,27543739,Ouvrages en caoutchouc
RDS_DICT_INDICATORS_NSO,Indicateurs,27543749,Bois
RDS_DICT_INDICATORS_NSO,Indicateurs,27543759,Papiers et cartons
RDS_DICT_INDICATORS_NSO,Indicateurs,27543769,Livres et articles de librairie
RDS_DICT_INDICATORS_NSO,Indicateurs,27543779,Fer et aciers
RDS_DICT_INDICATORS_NSO,Indicateurs,27543789,Tubes et tuyaux
RDS_DICT_INDICATORS_NSO,Indicateurs,27543799,Cuivre
RDS_DICT_INDICATORS_NSO,Indicateurs,27543809,Aluminium
RDS_DICT_INDICATORS_NSO,Indicateurs,27543819,Roulements robinetterie
RDS_DICT_INDICATORS_NSO,Indicateurs,27543829,Pompes
RDS_DICT_INDICATORS_NSO,Indicateurs,27543839,Générateurs transformateurs
RDS_DICT_INDICATORS_NSO,Indicateurs,27543849,Turbines à gaz
RDS_DICT_INDICATORS_NSO,Indicateurs,27543859,Engins agricoles
RDS_DICT_INDICATORS_NSO,Indicateurs,27543869,Machines I.A.A
RDS_DICT_INDICATORS_NSO,Indicateurs,27543879,Machines textiles
RDS_DICT_INDICATORS_NSO,Indicateurs,27543889,Machines pour industries de papiers
RDS_DICT_INDICATORS_NSO,Indicateurs,27543899,Machines pour l’impression
RDS_DICT_INDICATORS_NSO,Indicateurs,27543909,Fils et câbles électriques
RDS_DICT_INDICATORS_NSO,Indicateurs,27543919,Lampes et tubes cathodiques
RDS_DICT_INDICATORS_NSO,Indicateurs,27543929,Appareils de télécom
RDS_DICT_INDICATORS_NSO,Indicateurs,27543939,Appareils de manutentions
RDS_DICT_INDICATORS_NSO,Indicateurs,27543949,Appareils informatiques
RDS_DICT_INDICATORS_NSO,Indicateurs,27543959,Optique et appareils scientifiques
RDS_DICT_INDICATORS_NSO,Indicateurs,27543969,"Jouet, jeux et articles de sport"
RDS_DICT_INDICATORS_NSO,Indicateurs,27545449,Indice de valeur unitaire du commerce extérieur (Base 2010)
RDS_DICT_INDICATORS_NSO,Indicateurs,27549829,Indice des Valeurs Unitaires à l’importation
RDS_DICT_INDICATORS_NSO,Indicateurs,27549839,Agriculture et industries agro-alimentaires
RDS_DICT_INDICATORS_NSO,Indicateurs,27549849,Energie et lubrifiants
RDS_DICT_INDICATORS_NSO,Indicateurs,27549859,"Mines, phosphates et dérivés"
RDS_DICT_INDICATORS_NSO,Indicateurs,27549869,"Textiles, habillements et cuirs"
RDS_DICT_INDICATORS_NSO,Indicateurs,28188259,"Textiles, Habillements"
RDS_DICT_INDICATORS_NSO,Indicateurs,28188269,Cuirs et chaussures
RDS_DICT_INDICATORS_NSO,Indicateurs,27549879,Industries mécaniques et électriques
RDS_DICT_INDICATORS_NSO,Indicateurs,28188279,Matériel de transport
RDS_DICT_INDICATORS_NSO,Indicateurs,28188289,Autres Industries Mécaniques
RDS_DICT_INDICATORS_NSO,Indicateurs,28188299,Industries Electriques
RDS_DICT_INDICATORS_NSO,Indicateurs,27549889,Autres industries manufacturières
RDS_DICT_INDICATORS_NSO,Indicateurs,27549819,Indice des Valeurs Unitaires à l’exportation
RDS_DICT_INDICATORS_NSO,Indicateurs,27549899,Agriculture et industries agro-alimentaires
RDS_DICT_INDICATORS_NSO,Indicateurs,27549909,Energie et lubrifiants
RDS_DICT_INDICATORS_NSO,Indicateurs,27549919,"Mines, phosphates et dérivés"
RDS_DICT_INDICATORS_NSO,Indicateurs,27549929,"Textiles, habillements et cuirs"
RDS_DICT_INDICATORS_NSO,Indicateurs,28188359,"Textiles, Habillements"
RDS_DICT_INDICATORS_NSO,Indicateurs,28188369,Cuirs et chaussures
RDS_DICT_INDICATORS_NSO,Indicateurs,27549939,Industries mécaniques et électriques
RDS_DICT_INDICATORS_NSO,Indicateurs,28188329,Matériel de transport
RDS_DICT_INDICATORS_NSO,Indicateurs,28188339,Autres Industries Mécaniques
RDS_DICT_INDICATORS_NSO,Indicateurs,28188349,Industries Electriques
RDS_DICT_INDICATORS_NSO,Indicateurs,27549949,Autres industries manufacturières
RDS_DICT_INDICATORS_NSO,Indicateurs,28233109,Indice de valeur unitaire du commerce extérieur (Base 2015)
RDS_DICT_INDICATORS_NSO,Indicateurs,28233359,Indice des Valeurs  Unitaires à l’importation
RDS_DICT_INDICATORS_NSO,Indicateurs,28233369,Agriculture et industries agro-alimentaires
RDS_DICT_INDICATORS_NSO,Indicateurs,28233379,Energie et lubrifiants
RDS_DICT_INDICATORS_NSO,Indicateurs,28233389,"Mines, phosphates et dérivés"
RDS_DICT_INDICATORS_NSO,Indicateurs,28233399,"Textiles, habillements et cuirs"
RDS_DICT_INDICATORS_NSO,Indicateurs,28233409,"Textiles, Habillements"
RDS_DICT_INDICATORS_NSO,Indicateurs,28233419,Cuirs et chaussures
RDS_DICT_INDICATORS_NSO,Indicateurs,28233429,Industries mécaniques et électriques
RDS_DICT_INDICATORS_NSO,Indicateurs,28233449,Autres Industries Mécaniques
RDS_DICT_INDICATORS_NSO,Indicateurs,28233459,Industries Electriques
RDS_DICT_INDICATORS_NSO,Indicateurs,28233469,Autres industries manufacturières
RDS_DICT_INDICATORS_NSO,Indicateurs,28233479,Indice des Valeurs  Unitaires à l’exportation
RDS_DICT_INDICATORS_NSO,Indicateurs,28233489,Agriculture et industries agro-alimentaires
RDS_DICT_INDICATORS_NSO,Indicateurs,28233499,Energie et lubrifiants
RDS_DICT_INDICATORS_NSO,Indicateurs,28233509,"Mines, phosphates et dérivés"
RDS_DICT_INDICATORS_NSO,Indicateurs,28233519,"Textiles, habillements et cuirs"
RDS_DICT_INDICATORS_NSO,Indicateurs,28233529,"Textiles, Habillements"
RDS_DICT_INDICATORS_NSO,Indicateurs,28233539,Cuirs et chaussures
RDS_DICT_INDICATORS_NSO,Indicateurs,28233549,Industries mécaniques et électriques
RDS_DICT_INDICATORS_NSO,Indicateurs,28233569,Autres Industries Mécaniques
RDS_DICT_INDICATORS_NSO,Indicateurs,28233579,Industries Electriques
RDS_DICT_INDICATORS_NSO,Indicateurs,28233589,Autres industries manufacturières
RDS_DICT_INDICATORS_NSO,Indicateurs,28737909,Indicateurs du commerce extérieur en CVS (corrections des variations saisonnières)
RDS_DICT_INDICATORS_NSO,Indicateurs,28737919,Balance commerciale (CVS)
RDS_DICT_INDICATORS_NSO,Indicateurs,28737929,Exportations (CVS)
RDS_DICT_INDICATORS_NSO,Indicateurs,28737939,Importations (CVS)
RDS_DICT_INDICATORS_NSO,Indicateurs,28738569,Solde commercial (CVS)
RDS_DICT_INDICATORS_NSO,Indicateurs,28737959,Echanges par groupement sectoriel des activités (CVS)
RDS_DICT_INDICATORS_NSO,Indicateurs,28737969,Exportations selon le groupement sectoriel des activités (CVS)
RDS_DICT_INDICATORS_NSO,Indicateurs,28737979,Agriculture et Industries Agroalimentaires (CVS)
RDS_DICT_INDICATORS_NSO,Indicateurs,28737989,Régime général (CVS)
RDS_DICT_INDICATORS_NSO,Indicateurs,28737999,Régime offshore (CVS)
RDS_DICT_INDICATORS_NSO,Indicateurs,28738009,Energie et Lubrifiants (CVS)
RDS_DICT_INDICATORS_NSO,Indicateurs,28738019,Régime général (CVS)
RDS_DICT_INDICATORS_NSO,Indicateurs,28738029,Régime offshore (CVS)
RDS_DICT_INDICATORS_NSO,Indicateurs,28738039,"Mines, Phosphates et Derivés (CVS)"
RDS_DICT_INDICATORS_NSO,Indicateurs,28738049,Régime général (CVS)
RDS_DICT_INDICATORS_NSO,Indicateurs,28738059,Régime offshore (CVS)
RDS_DICT_INDICATORS_NSO,Indicateurs,28738069,"Textiles, Habillements et cuirs (CVS)"
RDS_DICT_INDICATORS_NSO,Indicateurs,28738579,Régime général (CVS)
RDS_DICT_INDICATORS_NSO,Indicateurs,28738589,Régime offshore (CVS)
RDS_DICT_INDICATORS_NSO,Indicateurs,28738079,"Textiles, Habillements  (CVS)"
RDS_DICT_INDICATORS_NSO,Indicateurs,28738089,Régime général (CVS)
RDS_DICT_INDICATORS_NSO,Indicateurs,28738099,Régime offshore (CVS)
RDS_DICT_INDICATORS_NSO,Indicateurs,28738109,Cuirs et Chaussures (CVS)
RDS_DICT_INDICATORS_NSO,Indicateurs,28738119,Régime général (CVS)
RDS_DICT_INDICATORS_NSO,Indicateurs,28738129,Régime offshore (CVS)
RDS_DICT_INDICATORS_NSO,Indicateurs,28738139,Industries Mécaniques et Electriques (CVS)
RDS_DICT_INDICATORS_NSO,Indicateurs,28738599,Régime général (CVS)
RDS_DICT_INDICATORS_NSO,Indicateurs,28738609,Régime offshore (CVS)
RDS_DICT_INDICATORS_NSO,Indicateurs,28738149,Autres Industries Mécaniques (CVS)
RDS_DICT_INDICATORS_NSO,Indicateurs,28738159,Régime général (CVS)
RDS_DICT_INDICATORS_NSO,Indicateurs,28738169,Régime offshore (CVS)
RDS_DICT_INDICATORS_NSO,Indicateurs,28738179,Industries Electriques (CVS)
RDS_DICT_INDICATORS_NSO,Indicateurs,28738189,Régime général (CVS)
RDS_DICT_INDICATORS_NSO,Indicateurs,28738199,Régime offshore (CVS)
RDS_DICT_INDICATORS_NSO,Indicateurs,28738209,Autres Industries Manufacturières (CVS)
RDS_DICT_INDICATORS_NSO,Indicateurs,28738219,Régime général (CVS)
RDS_DICT_INDICATORS_NSO,Indicateurs,28738229,Régime offshore (CVS)
RDS_DICT_INDICATORS_NSO,Indicateurs,28738239,Ensemble des Produits (CVS)
RDS_DICT_INDICATORS_NSO,Indicateurs,28738249,Régime général (CVS)
RDS_DICT_INDICATORS_NSO,Indicateurs,28738259,Régime offshore (CVS)
RDS_DICT_INDICATORS_NSO,Indicateurs,28738269,Importations selon le groupement sectoriel des activités (CVS)
RDS_DICT_INDICATORS_NSO,Indicateurs,28738279,Agriculture et Industries Agroalimentaires (CVS)
RDS_DICT_INDICATORS_NSO,Indicateurs,28738289,Régime général (CVS)
RDS_DICT_INDICATORS_NSO,Indicateurs,28738299,Régime offshore (CVS)
RDS_DICT_INDICATORS_NSO,Indicateurs,28738309,Energie et Lubrifiants (CVS)
RDS_DICT_INDICATORS_NSO,Indicateurs,28738319,Régime général (CVS)
RDS_DICT_INDICATORS_NSO,Indicateurs,28738329,Régime offshore (CVS)
RDS_DICT_INDICATORS_NSO,Indicateurs,28738339,"Mines, Phosphates et Derivés (CVS)"
RDS_DICT_INDICATORS_NSO,Indicateurs,28738349,Régime général (CVS)
RDS_DICT_INDICATORS_NSO,Indicateurs,28738359,Régime offshore (CVS)
RDS_DICT_INDICATORS_NSO,Indicateurs,28738369,"Textiles, Habillements et cuirs (CVS)"
RDS_DICT_INDICATORS_NSO,Indicateurs,28738619,Régime général (CVS)
RDS_DICT_INDICATORS_NSO,Indicateurs,28738629,Régime offshore (CVS)
RDS_DICT_INDICATORS_NSO,Indicateurs,28738379,"Textiles, Habillements  (CVS)"
RDS_DICT_INDICATORS_NSO,Indicateurs,28738389,Régime général (CVS)
RDS_DICT_INDICATORS_NSO,Indicateurs,28738399,Régime offshore (CVS)
RDS_DICT_INDICATORS_NSO,Indicateurs,28738409,Cuirs et Chaussures (CVS)
RDS_DICT_INDICATORS_NSO,Indicateurs,28738419,Régime général (CVS)
RDS_DICT_INDICATORS_NSO,Indicateurs,28738429,Régime offshore (CVS)
RDS_DICT_INDICATORS_NSO,Indicateurs,28738439,Industries Mécaniques et Elect. (CVS)
RDS_DICT_INDICATORS_NSO,Indicateurs,28738639,Régime général (CVS)
RDS_DICT_INDICATORS_NSO,Indicateurs,28738649,Régime offshore (CVS)
RDS_DICT_INDICATORS_NSO,Indicateurs,28738449,Autres Industries Mécaniques (CVS)
RDS_DICT_INDICATORS_NSO,Indicateurs,28738459,Régime général (CVS)
RDS_DICT_INDICATORS_NSO,Indicateurs,28738469,Régime offshore (CVS)
RDS_DICT_INDICATORS_NSO,Indicateurs,28738479,Industries Electriques (CVS)
RDS_DICT_INDICATORS_NSO,Indicateurs,28738489,Régime général (CVS)
RDS_DICT_INDICATORS_NSO,Indicateurs,28738499,Régime offshore (CVS)
RDS_DICT_INDICATORS_NSO,Indicateurs,28738509,Autres Industries Manufacturières (CVS)
RDS_DICT_INDICATORS_NSO,Indicateurs,28738519,Régime général (CVS)
RDS_DICT_INDICATORS_NSO,Indicateurs,28738529,Régime offshore (CVS)
RDS_DICT_INDICATORS_NSO,Indicateurs,28738539,Ensemble des Produits (CVS)
RDS_DICT_INDICATORS_NSO,Indicateurs,28738549,Régime général (CVS)
RDS_DICT_INDICATORS_NSO,Indicateurs,28738559,Régime offshore (CVS)
RDS_DICT_INDICATORS_NSO,Indicateurs,11920416,Culture et sport
RDS_DICT_INDICATORS_NSO,Indicateurs,22293916,Réseau des bibliothèques
RDS_DICT_INDICATORS_NSO,Indicateurs,22294316,Nombre de bibliothèques
RDS_DICT_INDICATORS_NSO,Indicateurs,22296516,"Bibliothèques publiques pour adultes, jeunes et enfants"
RDS_DICT_INDICATORS_NSO,Indicateurs,22296716,Bibliothèques ambulantes (Bibliocars)
RDS_DICT_INDICATORS_NSO,Indicateurs,22294416,Capacité des bibliothèques
RDS_DICT_INDICATORS_NSO,Indicateurs,22297416,Capacité des Bibliothèques publiques pour adultes et jeunes
RDS_DICT_INDICATORS_NSO,Indicateurs,22297616,Capacité des Bibliothèques pour enfants
RDS_DICT_INDICATORS_NSO,Indicateurs,22294516,Fond des livres
RDS_DICT_INDICATORS_NSO,Indicateurs,22297716,Bibliothèques publiques pour adultes et jeunes
RDS_DICT_INDICATORS_NSO,Indicateurs,22297816,Bibliothèques publiques pour enfants
RDS_DICT_INDICATORS_NSO,Indicateurs,22297916,Bibliothèques ambulantes (Bibliocars)
RDS_DICT_INDICATORS_NSO,Indicateurs,22294616,Lecteurs
RDS_DICT_INDICATORS_NSO,Indicateurs,22296816,Bibliothèques publiques pour adultes et jeunes
RDS_DICT_INDICATORS_NSO,Indicateurs,22296916,Bibliothèques publiques pour enfants
RDS_DICT_INDICATORS_NSO,Indicateurs,22294716,Les abonnés
RDS_DICT_INDICATORS_NSO,Indicateurs,22298016,Bibliothèques publiques pour adultes et jeunes
RDS_DICT_INDICATORS_NSO,Indicateurs,22298116,Bibliothèques publiques pour enfants
RDS_DICT_INDICATORS_NSO,Indicateurs,22298216,Bibliothèques ambulantes (Bibliocars)
RDS_DICT_INDICATORS_NSO,Indicateurs,22294816,Livres prétés
RDS_DICT_INDICATORS_NSO,Indicateurs,22297116,Bibliothèques publiques pour adultes et jeunes
RDS_DICT_INDICATORS_NSO,Indicateurs,22297216,Bibliothèques publiques pour enfants
RDS_DICT_INDICATORS_NSO,Indicateurs,22297316,Bibliothèques ambulantes (Bibliocars)
RDS_DICT_INDICATORS_NSO,Indicateurs,22294016,Cinéma
RDS_DICT_INDICATORS_NSO,Indicateurs,22294116,Films visés
RDS_DICT_INDICATORS_NSO,Indicateurs,22298416,Longs métrages
RDS_DICT_INDICATORS_NSO,Indicateurs,22298616,Américains
RDS_DICT_INDICATORS_NSO,Indicateurs,22298716,Français
RDS_DICT_INDICATORS_NSO,Indicateurs,22298816,Egyptiens
RDS_DICT_INDICATORS_NSO,Indicateurs,22298916,Indiens
RDS_DICT_INDICATORS_NSO,Indicateurs,22299016,Italiens
RDS_DICT_INDICATORS_NSO,Indicateurs,22299116,chinois (Hong Kong)
RDS_DICT_INDICATORS_NSO,Indicateurs,22299216,Tunisiens
RDS_DICT_INDICATORS_NSO,Indicateurs,22299316,Divers
RDS_DICT_INDICATORS_NSO,Indicateurs,22298516,Courts métrages
RDS_DICT_INDICATORS_NSO,Indicateurs,22299916,chinois (Hong Kong)
RDS_DICT_INDICATORS_NSO,Indicateurs,22300016,Tunisiens
RDS_DICT_INDICATORS_NSO,Indicateurs,22300116,Divers
RDS_DICT_INDICATORS_NSO,Indicateurs,27942679,Total des films
RDS_DICT_INDICATORS_NSO,Indicateurs,27942689,Américains
RDS_DICT_INDICATORS_NSO,Indicateurs,27942699,Français
RDS_DICT_INDICATORS_NSO,Indicateurs,27942709,Egyptiens
RDS_DICT_INDICATORS_NSO,Indicateurs,27942719,Indiens
RDS_DICT_INDICATORS_NSO,Indicateurs,27942729,Italiens
RDS_DICT_INDICATORS_NSO,Indicateurs,27942739,Chinois (Hong Kong)
RDS_DICT_INDICATORS_NSO,Indicateurs,27942749,Tunisiens
RDS_DICT_INDICATORS_NSO,Indicateurs,27942759,Divers
RDS_DICT_INDICATORS_NSO,Indicateurs,22294216,Les entrées dans les salles du cinéma
RDS_DICT_INDICATORS_NSO,Indicateurs,22294916,Les salles de cinéma
RDS_DICT_INDICATORS_NSO,Indicateurs,27942839,Maisons des jeunes
RDS_DICT_INDICATORS_NSO,Indicateurs,27942849,Nombre de maisons de jeunes
RDS_DICT_INDICATORS_NSO,Indicateurs,27942859,Abonnes aux maisons des jeunes par sexe
RDS_DICT_INDICATORS_NSO,Indicateurs,27942869,Masculin
RDS_DICT_INDICATORS_NSO,Indicateurs,27942879,Féminin
RDS_DICT_INDICATORS_NSO,Indicateurs,27942889,Abonnes aux maisons des jeunes par activité
RDS_DICT_INDICATORS_NSO,Indicateurs,27942899,Santé
RDS_DICT_INDICATORS_NSO,Indicateurs,27942929,Environnement
RDS_DICT_INDICATORS_NSO,Indicateurs,27942959,Audio-visiuel
RDS_DICT_INDICATORS_NSO,Indicateurs,27942989,Beaux arts
RDS_DICT_INDICATORS_NSO,Indicateurs,27943019,Expressions corporels
RDS_DICT_INDICATORS_NSO,Indicateurs,27965029,Bricolage
RDS_DICT_INDICATORS_NSO,Indicateurs,27943049,Internet et informatique
RDS_DICT_INDICATORS_NSO,Indicateurs,27943079,Théatre
RDS_DICT_INDICATORS_NSO,Indicateurs,27943109,Littéraires et culturels
RDS_DICT_INDICATORS_NSO,Indicateurs,27943139,Musique
RDS_DICT_INDICATORS_NSO,Indicateurs,27947339,Médias jeunesse
RDS_DICT_INDICATORS_NSO,Indicateurs,27947349,Langues
RDS_DICT_INDICATORS_NSO,Indicateurs,27943199,Activités sportives
RDS_DICT_INDICATORS_NSO,Indicateurs,27943169,Autres activités
RDS_DICT_INDICATORS_NSO,Indicateurs,27943229,Sports
RDS_DICT_INDICATORS_NSO,Indicateurs,27943239,Infrastructure sportive
RDS_DICT_INDICATORS_NSO,Indicateurs,27943249,Nombre de salles de sports
RDS_DICT_INDICATORS_NSO,Indicateurs,27943259,Publique
RDS_DICT_INDICATORS_NSO,Indicateurs,27943269,Privée
RDS_DICT_INDICATORS_NSO,Indicateurs,27943279,Nombre de stades gazonnés
RDS_DICT_INDICATORS_NSO,Indicateurs,27943289,Aَbonnés aux salles de sport privées
RDS_DICT_INDICATORS_NSO,Indicateurs,27943339,Ensemble des associations
RDS_DICT_INDICATORS_NSO,Indicateurs,27943349,Répartition des licenciés
RDS_DICT_INDICATORS_NSO,Indicateurs,27944739,Total des licenciés
RDS_DICT_INDICATORS_NSO,Indicateurs,27943369,Football
RDS_DICT_INDICATORS_NSO,Indicateurs,27943379,Handball
RDS_DICT_INDICATORS_NSO,Indicateurs,27943389,Volley Ball
RDS_DICT_INDICATORS_NSO,Indicateurs,27943399,Basketball
RDS_DICT_INDICATORS_NSO,Indicateurs,27943409,Rugby
RDS_DICT_INDICATORS_NSO,Indicateurs,27943419,Athlétisme
RDS_DICT_INDICATORS_NSO,Indicateurs,27943429,Gymnastique
RDS_DICT_INDICATORS_NSO,Indicateurs,27943439,Natation
RDS_DICT_INDICATORS_NSO,Indicateurs,27943449,Haltérophilie
RDS_DICT_INDICATORS_NSO,Indicateurs,27943459,Judo
RDS_DICT_INDICATORS_NSO,Indicateurs,27943469,Karaté & Disciplines Associées
RDS_DICT_INDICATORS_NSO,Indicateurs,27943479,Boxe
RDS_DICT_INDICATORS_NSO,Indicateurs,27943489,Escrime
RDS_DICT_INDICATORS_NSO,Indicateurs,27943499,Lutte
RDS_DICT_INDICATORS_NSO,Indicateurs,27943509,Tennis
RDS_DICT_INDICATORS_NSO,Indicateurs,27943519,Sport d’handicapé
RDS_DICT_INDICATORS_NSO,Indicateurs,27943529,Apnée
RDS_DICT_INDICATORS_NSO,Indicateurs,27943539,Boule et pétanque
RDS_DICT_INDICATORS_NSO,Indicateurs,27943549,Tennis de table
RDS_DICT_INDICATORS_NSO,Indicateurs,27943559,Voile
RDS_DICT_INDICATORS_NSO,Indicateurs,27943569,Aviron
RDS_DICT_INDICATORS_NSO,Indicateurs,27943579,Taekwondo
RDS_DICT_INDICATORS_NSO,Indicateurs,27943589,Echec
RDS_DICT_INDICATORS_NSO,Indicateurs,27943599,Danse
RDS_DICT_INDICATORS_NSO,Indicateurs,27943609,Golf
RDS_DICT_INDICATORS_NSO,Indicateurs,27943619,Equitation
RDS_DICT_INDICATORS_NSO,Indicateurs,27943629,Cyclisme
RDS_DICT_INDICATORS_NSO,Indicateurs,27943639,Base-ball
RDS_DICT_INDICATORS_NSO,Indicateurs,27943649,Bridge
RDS_DICT_INDICATORS_NSO,Indicateurs,27943659,karaté kyokushinkaï et des arts martiaux
RDS_DICT_INDICATORS_NSO,Indicateurs,27943669,Kick-boxing
RDS_DICT_INDICATORS_NSO,Indicateurs,27943679,Wosho king-foo
RDS_DICT_INDICATORS_NSO,Indicateurs,27943689,Pêche Sportive
RDS_DICT_INDICATORS_NSO,Indicateurs,27943699,Culturisme
RDS_DICT_INDICATORS_NSO,Indicateurs,27943709,Motocyclisme
RDS_DICT_INDICATORS_NSO,Indicateurs,27943719,Canoë-kayak
RDS_DICT_INDICATORS_NSO,Indicateurs,27943729,Tir
RDS_DICT_INDICATORS_NSO,Indicateurs,27947399,Yousikan budo
RDS_DICT_INDICATORS_NSO,Indicateurs,27947409,Auto
RDS_DICT_INDICATORS_NSO,Indicateurs,27944749,Féminin
RDS_DICT_INDICATORS_NSO,Indicateurs,27945139,Football
RDS_DICT_INDICATORS_NSO,Indicateurs,27945149,Handball
RDS_DICT_INDICATORS_NSO,Indicateurs,27945159,Volley Ball
RDS_DICT_INDICATORS_NSO,Indicateurs,27945169,Basketball
RDS_DICT_INDICATORS_NSO,Indicateurs,27945179,Rugby
RDS_DICT_INDICATORS_NSO,Indicateurs,27945189,Athlétisme
RDS_DICT_INDICATORS_NSO,Indicateurs,27945199,Gymnastique
RDS_DICT_INDICATORS_NSO,Indicateurs,27945209,Natation
RDS_DICT_INDICATORS_NSO,Indicateurs,27945219,Haltérophilie
RDS_DICT_INDICATORS_NSO,Indicateurs,27945229,Judo
RDS_DICT_INDICATORS_NSO,Indicateurs,27945239,Karaté & Disciplines Associées
RDS_DICT_INDICATORS_NSO,Indicateurs,27945249,Boxe
RDS_DICT_INDICATORS_NSO,Indicateurs,27945259,Escrime
RDS_DICT_INDICATORS_NSO,Indicateurs,27945269,Lutte
RDS_DICT_INDICATORS_NSO,Indicateurs,27945279,Tennis
RDS_DICT_INDICATORS_NSO,Indicateurs,27945289,Sport d’handicapé
RDS_DICT_INDICATORS_NSO,Indicateurs,27945299,Apnée
RDS_DICT_INDICATORS_NSO,Indicateurs,27945309,Boule et pétanque
RDS_DICT_INDICATORS_NSO,Indicateurs,27945319,Tennis de table
RDS_DICT_INDICATORS_NSO,Indicateurs,27945329,Voile
RDS_DICT_INDICATORS_NSO,Indicateurs,27945339,Aviron
RDS_DICT_INDICATORS_NSO,Indicateurs,27945349,Taekwondo
RDS_DICT_INDICATORS_NSO,Indicateurs,27945359,Echec
RDS_DICT_INDICATORS_NSO,Indicateurs,27945369,Danse
RDS_DICT_INDICATORS_NSO,Indicateurs,27945379,Golf
RDS_DICT_INDICATORS_NSO,Indicateurs,27945389,Equitation
RDS_DICT_INDICATORS_NSO,Indicateurs,27945399,Cyclisme
RDS_DICT_INDICATORS_NSO,Indicateurs,27945409,Base-ball
RDS_DICT_INDICATORS_NSO,Indicateurs,27945419,Bridge
RDS_DICT_INDICATORS_NSO,Indicateurs,27945429,karaté kyokushinkaï et des arts martiaux
RDS_DICT_INDICATORS_NSO,Indicateurs,27945439,Kick-boxing
RDS_DICT_INDICATORS_NSO,Indicateurs,27945449,Wosho king-foo
RDS_DICT_INDICATORS_NSO,Indicateurs,27945459,Pêche Sportive
RDS_DICT_INDICATORS_NSO,Indicateurs,27945469,Culturisme
RDS_DICT_INDICATORS_NSO,Indicateurs,27945479,Motocyclisme
RDS_DICT_INDICATORS_NSO,Indicateurs,27945489,Canoë-kayak
RDS_DICT_INDICATORS_NSO,Indicateurs,27945499,Tir
RDS_DICT_INDICATORS_NSO,Indicateurs,27947419,Yousikan budo
RDS_DICT_INDICATORS_NSO,Indicateurs,27947429,Auto
RDS_DICT_INDICATORS_NSO,Indicateurs,27945129,Masculin
RDS_DICT_INDICATORS_NSO,Indicateurs,27945509,Football
RDS_DICT_INDICATORS_NSO,Indicateurs,27945519,Handball
RDS_DICT_INDICATORS_NSO,Indicateurs,27945529,Volley Ball
RDS_DICT_INDICATORS_NSO,Indicateurs,27945539,Basketball
RDS_DICT_INDICATORS_NSO,Indicateurs,27945549,Rugby
RDS_DICT_INDICATORS_NSO,Indicateurs,27945559,Athlétisme
RDS_DICT_INDICATORS_NSO,Indicateurs,27945569,Gymnastique
RDS_DICT_INDICATORS_NSO,Indicateurs,27945579,Natation
RDS_DICT_INDICATORS_NSO,Indicateurs,27945589,Haltérophilie
RDS_DICT_INDICATORS_NSO,Indicateurs,27945599,Judo
RDS_DICT_INDICATORS_NSO,Indicateurs,27945609,Karaté & Disciplines Associées
RDS_DICT_INDICATORS_NSO,Indicateurs,27945619,Boxe
RDS_DICT_INDICATORS_NSO,Indicateurs,27945629,Escrime
RDS_DICT_INDICATORS_NSO,Indicateurs,27945639,Lutte
RDS_DICT_INDICATORS_NSO,Indicateurs,27945649,Tennis
RDS_DICT_INDICATORS_NSO,Indicateurs,27945659,Sport d’handicapé
RDS_DICT_INDICATORS_NSO,Indicateurs,27945669,Apnée
RDS_DICT_INDICATORS_NSO,Indicateurs,27945679,Boule et pétanque
RDS_DICT_INDICATORS_NSO,Indicateurs,27945689,Tennis de table
RDS_DICT_INDICATORS_NSO,Indicateurs,27945699,Voile
RDS_DICT_INDICATORS_NSO,Indicateurs,27945709,Aviron
RDS_DICT_INDICATORS_NSO,Indicateurs,27945719,Taekwondo
RDS_DICT_INDICATORS_NSO,Indicateurs,27945729,Echec
RDS_DICT_INDICATORS_NSO,Indicateurs,27945739,Danse
RDS_DICT_INDICATORS_NSO,Indicateurs,27945749,Golf
RDS_DICT_INDICATORS_NSO,Indicateurs,27945759,Equitation
RDS_DICT_INDICATORS_NSO,Indicateurs,27945769,Cyclisme
RDS_DICT_INDICATORS_NSO,Indicateurs,27945779,Base-ball
RDS_DICT_INDICATORS_NSO,Indicateurs,27945789,Bridge
RDS_DICT_INDICATORS_NSO,Indicateurs,27945799,karaté kyokushinkaï et des arts martiaux
RDS_DICT_INDICATORS_NSO,Indicateurs,27945809,Kick-boxing
RDS_DICT_INDICATORS_NSO,Indicateurs,27945819,Wosho king-foo
RDS_DICT_INDICATORS_NSO,Indicateurs,27945829,Pêche Sportive
RDS_DICT_INDICATORS_NSO,Indicateurs,27945839,Culturisme
RDS_DICT_INDICATORS_NSO,Indicateurs,27945849,Motocyclisme
RDS_DICT_INDICATORS_NSO,Indicateurs,27945859,Canoë-kayak
RDS_DICT_INDICATORS_NSO,Indicateurs,27945869,Tir
RDS_DICT_INDICATORS_NSO,Indicateurs,27947439,Yousikan budo
RDS_DICT_INDICATORS_NSO,Indicateurs,27947449,Auto
RDS_DICT_INDICATORS_NSO,Indicateurs,11920316,Education
RDS_DICT_INDICATORS_NSO,Indicateurs,22316416,Publique
RDS_DICT_INDICATORS_NSO,Indicateurs,27329916,Année préparatoire
RDS_DICT_INDICATORS_NSO,Indicateurs,27330016,Effectif des enfants inscrits
RDS_DICT_INDICATORS_NSO,Indicateurs,27330116,Masculin
RDS_DICT_INDICATORS_NSO,Indicateurs,27330216,Féminin
RDS_DICT_INDICATORS_NSO,Indicateurs,27330316,Effectif des éducateurs
RDS_DICT_INDICATORS_NSO,Indicateurs,27330416,Masculin
RDS_DICT_INDICATORS_NSO,Indicateurs,27330516,Féminin
RDS_DICT_INDICATORS_NSO,Indicateurs,27330616,Nombre des écoles
RDS_DICT_INDICATORS_NSO,Indicateurs,22242216,Premier cycle de l'enseignement de base public
RDS_DICT_INDICATORS_NSO,Indicateurs,22242516,Nombre d'éléve
RDS_DICT_INDICATORS_NSO,Indicateurs,22243916,Sexe
RDS_DICT_INDICATORS_NSO,Indicateurs,22248516,Masculin
RDS_DICT_INDICATORS_NSO,Indicateurs,22248616,Feminin
RDS_DICT_INDICATORS_NSO,Indicateurs,22244016,Année d'étude
RDS_DICT_INDICATORS_NSO,Indicateurs,27330716,1ère Année
RDS_DICT_INDICATORS_NSO,Indicateurs,27330816,2éme Année
RDS_DICT_INDICATORS_NSO,Indicateurs,27330916,3éme Année
RDS_DICT_INDICATORS_NSO,Indicateurs,27331016,4éme Année
RDS_DICT_INDICATORS_NSO,Indicateurs,27331116,5éme Année
RDS_DICT_INDICATORS_NSO,Indicateurs,27331216,6éme Année
RDS_DICT_INDICATORS_NSO,Indicateurs,22242616,Nombres d'écoles
RDS_DICT_INDICATORS_NSO,Indicateurs,22242716,Nombres de locaux classes
RDS_DICT_INDICATORS_NSO,Indicateurs,22242816,Nombre d'enseignants
RDS_DICT_INDICATORS_NSO,Indicateurs,22317816,Masculin
RDS_DICT_INDICATORS_NSO,Indicateurs,22317916,Feminin
RDS_DICT_INDICATORS_NSO,Indicateurs,22242916,Nombre de classes-élèves
RDS_DICT_INDICATORS_NSO,Indicateurs,22244216,1ère Année
RDS_DICT_INDICATORS_NSO,Indicateurs,22244316,2éme Année
RDS_DICT_INDICATORS_NSO,Indicateurs,22244416,3éme Année
RDS_DICT_INDICATORS_NSO,Indicateurs,22244516,4éme Année
RDS_DICT_INDICATORS_NSO,Indicateurs,22244616,5éme Année
RDS_DICT_INDICATORS_NSO,Indicateurs,22244716,6éme Année
RDS_DICT_INDICATORS_NSO,Indicateurs,22243016,Résultats des exmanes de passage à la 7ème année
RDS_DICT_INDICATORS_NSO,Indicateurs,22288416,Présentés
RDS_DICT_INDICATORS_NSO,Indicateurs,22288516,Admis
RDS_DICT_INDICATORS_NSO,Indicateurs,22242316,Deuxième cycle de l'enseignement de base public et l'enseignement secondaire public
RDS_DICT_INDICATORS_NSO,Indicateurs,22243116,Nombre d'éléve
RDS_DICT_INDICATORS_NSO,Indicateurs,22244816,Sexe
RDS_DICT_INDICATORS_NSO,Indicateurs,22249516,Masculin
RDS_DICT_INDICATORS_NSO,Indicateurs,22249616,Feminin
RDS_DICT_INDICATORS_NSO,Indicateurs,22244916,Année d'étude
RDS_DICT_INDICATORS_NSO,Indicateurs,22257316,7ème Année de Base
RDS_DICT_INDICATORS_NSO,Indicateurs,22257416,8ème Année de Base
RDS_DICT_INDICATORS_NSO,Indicateurs,22257516,9ème Année de Base
RDS_DICT_INDICATORS_NSO,Indicateurs,22257616,1ère Année secondaire
RDS_DICT_INDICATORS_NSO,Indicateurs,22257716,2ème Année secondaire
RDS_DICT_INDICATORS_NSO,Indicateurs,22257816,3ème Année secondaire
RDS_DICT_INDICATORS_NSO,Indicateurs,22257916,4ème Année secondaire
RDS_DICT_INDICATORS_NSO,Indicateurs,22243216,Nombre d'établissement
RDS_DICT_INDICATORS_NSO,Indicateurs,22243316,Nombres de locaux classes
RDS_DICT_INDICATORS_NSO,Indicateurs,22243416,Nombre d'enseignants
RDS_DICT_INDICATORS_NSO,Indicateurs,22245116,Sexe
RDS_DICT_INDICATORS_NSO,Indicateurs,22250616,Masculin
RDS_DICT_INDICATORS_NSO,Indicateurs,22260116,Tunisien
RDS_DICT_INDICATORS_NSO,Indicateurs,22260216,Etranger
RDS_DICT_INDICATORS_NSO,Indicateurs,22250716,Feminin
RDS_DICT_INDICATORS_NSO,Indicateurs,22260316,Tunisien
RDS_DICT_INDICATORS_NSO,Indicateurs,22260416,Etranger
RDS_DICT_INDICATORS_NSO,Indicateurs,22243516,Résultats des exmanes du Baccalauréat
RDS_DICT_INDICATORS_NSO,Indicateurs,22288616,Présentés
RDS_DICT_INDICATORS_NSO,Indicateurs,22245316,Lettres
RDS_DICT_INDICATORS_NSO,Indicateurs,22245416,Mathématiques
RDS_DICT_INDICATORS_NSO,Indicateurs,22245516,Sciences expérimentales
RDS_DICT_INDICATORS_NSO,Indicateurs,22245616,Technique
RDS_DICT_INDICATORS_NSO,Indicateurs,22245716,Economie et Gestion
RDS_DICT_INDICATORS_NSO,Indicateurs,22245816,Sciences informatiques
RDS_DICT_INDICATORS_NSO,Indicateurs,22245916,Sport
RDS_DICT_INDICATORS_NSO,Indicateurs,22288716,Admis
RDS_DICT_INDICATORS_NSO,Indicateurs,22288816,Lettres
RDS_DICT_INDICATORS_NSO,Indicateurs,22288916,Mathématiques
RDS_DICT_INDICATORS_NSO,Indicateurs,22289016,Sciences expérimentales
RDS_DICT_INDICATORS_NSO,Indicateurs,22289216,Economie et Gestion
RDS_DICT_INDICATORS_NSO,Indicateurs,22289116,Technique
RDS_DICT_INDICATORS_NSO,Indicateurs,22289316,Sciences informatiques
RDS_DICT_INDICATORS_NSO,Indicateurs,22289416,Sport
RDS_DICT_INDICATORS_NSO,Indicateurs,22242416,Education supérieure publique
RDS_DICT_INDICATORS_NSO,Indicateurs,22243616,Etudiants réguliers
RDS_DICT_INDICATORS_NSO,Indicateurs,22246016,Domaine d'étude
RDS_DICT_INDICATORS_NSO,Indicateurs,22251016,Formation des formateurs et sciences de l’éducation
RDS_DICT_INDICATORS_NSO,Indicateurs,22260916,Masculin
RDS_DICT_INDICATORS_NSO,Indicateurs,22261016,Feminin
RDS_DICT_INDICATORS_NSO,Indicateurs,22251116,Arts
RDS_DICT_INDICATORS_NSO,Indicateurs,22261116,Masculin
RDS_DICT_INDICATORS_NSO,Indicateurs,22261216,Feminin
RDS_DICT_INDICATORS_NSO,Indicateurs,22251216,Lettres
RDS_DICT_INDICATORS_NSO,Indicateurs,22261316,Masculin
RDS_DICT_INDICATORS_NSO,Indicateurs,22261416,Feminin
RDS_DICT_INDICATORS_NSO,Indicateurs,22251316,Affaires commerciales et administratives
RDS_DICT_INDICATORS_NSO,Indicateurs,22261516,Masculin
RDS_DICT_INDICATORS_NSO,Indicateurs,22261616,Feminin
RDS_DICT_INDICATORS_NSO,Indicateurs,22251416,Droit
RDS_DICT_INDICATORS_NSO,Indicateurs,22261716,Masculin
RDS_DICT_INDICATORS_NSO,Indicateurs,22261816,Feminin
RDS_DICT_INDICATORS_NSO,Indicateurs,22251516,Journalisme et sciences de l’information
RDS_DICT_INDICATORS_NSO,Indicateurs,22261916,Masculin
RDS_DICT_INDICATORS_NSO,Indicateurs,22262016,Feminin
RDS_DICT_INDICATORS_NSO,Indicateurs,22251616,Sciences sociales et du comportement
RDS_DICT_INDICATORS_NSO,Indicateurs,22262116,Masculin
RDS_DICT_INDICATORS_NSO,Indicateurs,22262216,Feminin
RDS_DICT_INDICATORS_NSO,Indicateurs,22251716,Mathématiques et statistiques
RDS_DICT_INDICATORS_NSO,Indicateurs,22262316,Masculin
RDS_DICT_INDICATORS_NSO,Indicateurs,22262416,Feminin
RDS_DICT_INDICATORS_NSO,Indicateurs,22251816,Sciences informatiques et télécommunications
RDS_DICT_INDICATORS_NSO,Indicateurs,22262516,Masculin
RDS_DICT_INDICATORS_NSO,Indicateurs,22262616,Feminin
RDS_DICT_INDICATORS_NSO,Indicateurs,22251916,Sciences de la vie
RDS_DICT_INDICATORS_NSO,Indicateurs,22262716,Masculin
RDS_DICT_INDICATORS_NSO,Indicateurs,22262816,Feminin
RDS_DICT_INDICATORS_NSO,Indicateurs,22252016,Sciences physiques
RDS_DICT_INDICATORS_NSO,Indicateurs,22262916,Masculin
RDS_DICT_INDICATORS_NSO,Indicateurs,22263016,Feminin
RDS_DICT_INDICATORS_NSO,Indicateurs,22252116,Industrie de transformation et de traitement
RDS_DICT_INDICATORS_NSO,Indicateurs,22263116,Masculin
RDS_DICT_INDICATORS_NSO,Indicateurs,22263216,Feminin
RDS_DICT_INDICATORS_NSO,Indicateurs,22252216,Architecture et bâtiment
RDS_DICT_INDICATORS_NSO,Indicateurs,22263316,Masculin
RDS_DICT_INDICATORS_NSO,Indicateurs,22263416,Feminin
RDS_DICT_INDICATORS_NSO,Indicateurs,22252316,Ingénierie et techniques apparentées
RDS_DICT_INDICATORS_NSO,Indicateurs,22263516,Masculin
RDS_DICT_INDICATORS_NSO,Indicateurs,22263616,Feminin
RDS_DICT_INDICATORS_NSO,Indicateurs,22252416,Sciences vétérinaires
RDS_DICT_INDICATORS_NSO,Indicateurs,22263716,Masculin
RDS_DICT_INDICATORS_NSO,Indicateurs,22263816,Feminin
RDS_DICT_INDICATORS_NSO,Indicateurs,22252516,"Agriculture, sylviculture et halieutique"
RDS_DICT_INDICATORS_NSO,Indicateurs,22263916,Masculin
RDS_DICT_INDICATORS_NSO,Indicateurs,22264016,Feminin
RDS_DICT_INDICATORS_NSO,Indicateurs,22252616,Santé
RDS_DICT_INDICATORS_NSO,Indicateurs,22264116,Masculin
RDS_DICT_INDICATORS_NSO,Indicateurs,22264216,Feminin
RDS_DICT_INDICATORS_NSO,Indicateurs,22252716,Protection de l’environnement
RDS_DICT_INDICATORS_NSO,Indicateurs,22264316,Masculin
RDS_DICT_INDICATORS_NSO,Indicateurs,22264416,Feminin
RDS_DICT_INDICATORS_NSO,Indicateurs,22252816,Services de transport
RDS_DICT_INDICATORS_NSO,Indicateurs,22264516,Masculin
RDS_DICT_INDICATORS_NSO,Indicateurs,22264616,Feminin
RDS_DICT_INDICATORS_NSO,Indicateurs,27964909,Services sociaux
RDS_DICT_INDICATORS_NSO,Indicateurs,27964919,Masculin
RDS_DICT_INDICATORS_NSO,Indicateurs,27964929,Féminin
RDS_DICT_INDICATORS_NSO,Indicateurs,22252916,Services aux particuliers
RDS_DICT_INDICATORS_NSO,Indicateurs,22264716,Masculin
RDS_DICT_INDICATORS_NSO,Indicateurs,22264816,Feminin
RDS_DICT_INDICATORS_NSO,Indicateurs,22246116,Ministère de tutelle
RDS_DICT_INDICATORS_NSO,Indicateurs,22253016,Ministère de l'Enseignement Supérieur
RDS_DICT_INDICATORS_NSO,Indicateurs,22264916,Masculin
RDS_DICT_INDICATORS_NSO,Indicateurs,22265016,Feminin
RDS_DICT_INDICATORS_NSO,Indicateurs,22253116,Ministère  de la  Santé publique
RDS_DICT_INDICATORS_NSO,Indicateurs,22265116,Masculin
RDS_DICT_INDICATORS_NSO,Indicateurs,22265216,Feminin
RDS_DICT_INDICATORS_NSO,Indicateurs,22253216,"Ministère de la Jeunesse, du Sport et de l'Educaion Physique"
RDS_DICT_INDICATORS_NSO,Indicateurs,22265316,Masculin
RDS_DICT_INDICATORS_NSO,Indicateurs,22265416,Feminin
RDS_DICT_INDICATORS_NSO,Indicateurs,22253316,Ministère des  technologies de communications
RDS_DICT_INDICATORS_NSO,Indicateurs,22265516,Masculin
RDS_DICT_INDICATORS_NSO,Indicateurs,22265616,Feminin
RDS_DICT_INDICATORS_NSO,Indicateurs,22253416,Ministère de l’Agriculture et des ressources hydrauliques
RDS_DICT_INDICATORS_NSO,Indicateurs,22265716,Masculin
RDS_DICT_INDICATORS_NSO,Indicateurs,22265816,Feminin
RDS_DICT_INDICATORS_NSO,Indicateurs,22253516,Ministère des Affaires  Sociales et de la solidarité et des Tunisiens à l’étranger
RDS_DICT_INDICATORS_NSO,Indicateurs,22265916,Masculin
RDS_DICT_INDICATORS_NSO,Indicateurs,22266016,Feminin
RDS_DICT_INDICATORS_NSO,Indicateurs,22253616,Ministère des Affaires de la Femme
RDS_DICT_INDICATORS_NSO,Indicateurs,22266116,Masculin
RDS_DICT_INDICATORS_NSO,Indicateurs,22266216,Feminin
RDS_DICT_INDICATORS_NSO,Indicateurs,22253716,Ministère de Tourisme
RDS_DICT_INDICATORS_NSO,Indicateurs,22266316,Masculin
RDS_DICT_INDICATORS_NSO,Indicateurs,22266416,Feminin
RDS_DICT_INDICATORS_NSO,Indicateurs,22243716,Etudiants diplômés
RDS_DICT_INDICATORS_NSO,Indicateurs,22246216,Formation des formateurs et sciences de l’éducation
RDS_DICT_INDICATORS_NSO,Indicateurs,22289516,Masculin
RDS_DICT_INDICATORS_NSO,Indicateurs,22289616,Feminin
RDS_DICT_INDICATORS_NSO,Indicateurs,22246316,Arts
RDS_DICT_INDICATORS_NSO,Indicateurs,22289716,Masculin
RDS_DICT_INDICATORS_NSO,Indicateurs,22289816,Feminin
RDS_DICT_INDICATORS_NSO,Indicateurs,22246416,Lettres
RDS_DICT_INDICATORS_NSO,Indicateurs,22289916,Masculin
RDS_DICT_INDICATORS_NSO,Indicateurs,22290016,Feminin
RDS_DICT_INDICATORS_NSO,Indicateurs,22246516,Affaires commerciales et administratives
RDS_DICT_INDICATORS_NSO,Indicateurs,22290116,Masculin
RDS_DICT_INDICATORS_NSO,Indicateurs,22290216,Feminin
RDS_DICT_INDICATORS_NSO,Indicateurs,22246616,Droit
RDS_DICT_INDICATORS_NSO,Indicateurs,22290316,Masculin
RDS_DICT_INDICATORS_NSO,Indicateurs,22290416,Feminin
RDS_DICT_INDICATORS_NSO,Indicateurs,22246716,Journalisme et sciences de l’information
RDS_DICT_INDICATORS_NSO,Indicateurs,22290516,Masculin
RDS_DICT_INDICATORS_NSO,Indicateurs,22290616,Feminin
RDS_DICT_INDICATORS_NSO,Indicateurs,22246816,Sciences sociales et du comportement
RDS_DICT_INDICATORS_NSO,Indicateurs,22290716,Masculin
RDS_DICT_INDICATORS_NSO,Indicateurs,22290816,Feminin
RDS_DICT_INDICATORS_NSO,Indicateurs,22246916,Mathématiques et statistiques
RDS_DICT_INDICATORS_NSO,Indicateurs,22290916,Masculin
RDS_DICT_INDICATORS_NSO,Indicateurs,22291016,Feminin
RDS_DICT_INDICATORS_NSO,Indicateurs,22247016,Sciences informatiques et télécommunications
RDS_DICT_INDICATORS_NSO,Indicateurs,22291116,Masculin
RDS_DICT_INDICATORS_NSO,Indicateurs,22291216,Feminin
RDS_DICT_INDICATORS_NSO,Indicateurs,22247116,Sciences de la vie
RDS_DICT_INDICATORS_NSO,Indicateurs,22291316,Masculin
RDS_DICT_INDICATORS_NSO,Indicateurs,22291416,Feminin
RDS_DICT_INDICATORS_NSO,Indicateurs,22247216,Sciences physiques
RDS_DICT_INDICATORS_NSO,Indicateurs,22291516,Masculin
RDS_DICT_INDICATORS_NSO,Indicateurs,22291616,Feminin
RDS_DICT_INDICATORS_NSO,Indicateurs,22247316,Industrie de transformation et de traitement
RDS_DICT_INDICATORS_NSO,Indicateurs,22291716,Masculin
RDS_DICT_INDICATORS_NSO,Indicateurs,22291816,Feminin
RDS_DICT_INDICATORS_NSO,Indicateurs,22247416,Architecture et bâtiment
RDS_DICT_INDICATORS_NSO,Indicateurs,22291916,Masculin
RDS_DICT_INDICATORS_NSO,Indicateurs,22292016,Feminin
RDS_DICT_INDICATORS_NSO,Indicateurs,22247516,Ingénierie et techniques apparentées
RDS_DICT_INDICATORS_NSO,Indicateurs,22292116,Masculin
RDS_DICT_INDICATORS_NSO,Indicateurs,22292216,Feminin
RDS_DICT_INDICATORS_NSO,Indicateurs,22247616,Sciences vétérinaires
RDS_DICT_INDICATORS_NSO,Indicateurs,22292316,Masculin
RDS_DICT_INDICATORS_NSO,Indicateurs,22292416,Feminin
RDS_DICT_INDICATORS_NSO,Indicateurs,22247716,"Agriculture, sylviculture et halieutique"
RDS_DICT_INDICATORS_NSO,Indicateurs,22292516,Masculin
RDS_DICT_INDICATORS_NSO,Indicateurs,22292616,Feminin
RDS_DICT_INDICATORS_NSO,Indicateurs,22247816,Santé
RDS_DICT_INDICATORS_NSO,Indicateurs,22292716,Masculin
RDS_DICT_INDICATORS_NSO,Indicateurs,22292816,Feminin
RDS_DICT_INDICATORS_NSO,Indicateurs,22247916,Protection de l’environnement
RDS_DICT_INDICATORS_NSO,Indicateurs,22292916,Masculin
RDS_DICT_INDICATORS_NSO,Indicateurs,22293016,Feminin
RDS_DICT_INDICATORS_NSO,Indicateurs,22248016,Services de transport
RDS_DICT_INDICATORS_NSO,Indicateurs,22293116,Masculin
RDS_DICT_INDICATORS_NSO,Indicateurs,22293216,Feminin
RDS_DICT_INDICATORS_NSO,Indicateurs,27964939,Services sociaux
RDS_DICT_INDICATORS_NSO,Indicateurs,27964949,Masculin
RDS_DICT_INDICATORS_NSO,Indicateurs,27964959,Féminin
RDS_DICT_INDICATORS_NSO,Indicateurs,22248116,Services aux particuliers
RDS_DICT_INDICATORS_NSO,Indicateurs,22293316,Masculin
RDS_DICT_INDICATORS_NSO,Indicateurs,22293416,Feminin
RDS_DICT_INDICATORS_NSO,Indicateurs,22243816,Personnel enseignant
RDS_DICT_INDICATORS_NSO,Indicateurs,22248216,Grade
RDS_DICT_INDICATORS_NSO,Indicateurs,22253816,Professeur et maître de conférence
RDS_DICT_INDICATORS_NSO,Indicateurs,22266516,Statuaires
RDS_DICT_INDICATORS_NSO,Indicateurs,22266616,Contractuels
RDS_DICT_INDICATORS_NSO,Indicateurs,22253916,Maître assistant et assistant
RDS_DICT_INDICATORS_NSO,Indicateurs,22266716,Statuaires
RDS_DICT_INDICATORS_NSO,Indicateurs,22266816,Contractuels
RDS_DICT_INDICATORS_NSO,Indicateurs,22254016,Hospitalo-univer
RDS_DICT_INDICATORS_NSO,Indicateurs,22266916,Statuaires
RDS_DICT_INDICATORS_NSO,Indicateurs,22267016,Contractuels
RDS_DICT_INDICATORS_NSO,Indicateurs,27964969,Professeur technologue
RDS_DICT_INDICATORS_NSO,Indicateurs,27964989,Statuaires
RDS_DICT_INDICATORS_NSO,Indicateurs,22254116,Technologues
RDS_DICT_INDICATORS_NSO,Indicateurs,22267116,Statuaires
RDS_DICT_INDICATORS_NSO,Indicateurs,22267216,Contractuels
RDS_DICT_INDICATORS_NSO,Indicateurs,27964979,Maître technologue
RDS_DICT_INDICATORS_NSO,Indicateurs,27965009,Statuaires
RDS_DICT_INDICATORS_NSO,Indicateurs,22254216,Assistant Technologues
RDS_DICT_INDICATORS_NSO,Indicateurs,22267316,Statuaires
RDS_DICT_INDICATORS_NSO,Indicateurs,22267416,Contractuels
RDS_DICT_INDICATORS_NSO,Indicateurs,22254316,Autres (Ingénieurs et Médecins )
RDS_DICT_INDICATORS_NSO,Indicateurs,22267516,Statuaires
RDS_DICT_INDICATORS_NSO,Indicateurs,22267616,Contractuels
RDS_DICT_INDICATORS_NSO,Indicateurs,22254416,Etrangers
RDS_DICT_INDICATORS_NSO,Indicateurs,22267716,Statuaires
RDS_DICT_INDICATORS_NSO,Indicateurs,22267816,Contractuels
RDS_DICT_INDICATORS_NSO,Indicateurs,22248416,Sexe
RDS_DICT_INDICATORS_NSO,Indicateurs,22254716,Masculin
RDS_DICT_INDICATORS_NSO,Indicateurs,22293516,Statuaires
RDS_DICT_INDICATORS_NSO,Indicateurs,22293616,Contractuels
RDS_DICT_INDICATORS_NSO,Indicateurs,22254816,Feminin
RDS_DICT_INDICATORS_NSO,Indicateurs,22293716,Statuaires
RDS_DICT_INDICATORS_NSO,Indicateurs,22293816,Contractuels
RDS_DICT_INDICATORS_NSO,Indicateurs,22314716,Emploi
RDS_DICT_INDICATORS_NSO,Indicateurs,27942799,Population active
RDS_DICT_INDICATORS_NSO,Indicateurs,40001000,Evolution de la population en âge d'activité (15 ans et plus)
RDS_DICT_INDICATORS_NSO,Indicateurs,40001001,Masculin
RDS_DICT_INDICATORS_NSO,Indicateurs,40001002,Féminin
RDS_DICT_INDICATORS_NSO,Indicateurs,40002000,Evolution de la population active
RDS_DICT_INDICATORS_NSO,Indicateurs,40002001,Masculin
RDS_DICT_INDICATORS_NSO,Indicateurs,40002002,Féminin
RDS_DICT_INDICATORS_NSO,Indicateurs,27942809,Population occupée
RDS_DICT_INDICATORS_NSO,Indicateurs,40003000,Evolution de la population active occupée
RDS_DICT_INDICATORS_NSO,Indicateurs,40003001,Masculin
RDS_DICT_INDICATORS_NSO,Indicateurs,40003002,Féminin
RDS_DICT_INDICATORS_NSO,Indicateurs,40004000,Evolution des créations d'emploi
RDS_DICT_INDICATORS_NSO,Indicateurs,40004001,Masculin
RDS_DICT_INDICATORS_NSO,Indicateurs,40004002,Féminin
RDS_DICT_INDICATORS_NSO,Indicateurs,40005000,Répartition de la population active occupée selon le secteur d'activité
RDS_DICT_INDICATORS_NSO,Indicateurs,40005001,Agriculture et pêche
RDS_DICT_INDICATORS_NSO,Indicateurs,40005002,Industries manufacturières
RDS_DICT_INDICATORS_NSO,Indicateurs,40005003,Industries agroalimentaires
RDS_DICT_INDICATORS_NSO,Indicateurs,40005004,"Matériaux de constructions, céramiques et verre"
RDS_DICT_INDICATORS_NSO,Indicateurs,40005005,Industries mécaniques et électriques
RDS_DICT_INDICATORS_NSO,Indicateurs,40005006,Industries chimiques
RDS_DICT_INDICATORS_NSO,Indicateurs,40005007,"Textile, l’habillement et des chaussures"
RDS_DICT_INDICATORS_NSO,Indicateurs,40005008,Autres industries manufacturières
RDS_DICT_INDICATORS_NSO,Indicateurs,40005009,Industries  non manufacturières
RDS_DICT_INDICATORS_NSO,Indicateurs,40005010,Mines et énergie
RDS_DICT_INDICATORS_NSO,Indicateurs,40005011,Construction et travaux publics
RDS_DICT_INDICATORS_NSO,Indicateurs,40005012,Services
RDS_DICT_INDICATORS_NSO,Indicateurs,40005013,Commerce
RDS_DICT_INDICATORS_NSO,Indicateurs,40005014,Transport et télécommunication
RDS_DICT_INDICATORS_NSO,Indicateurs,40005015,Hôtel et restauration
RDS_DICT_INDICATORS_NSO,Indicateurs,40005016,Banques et assurances
RDS_DICT_INDICATORS_NSO,Indicateurs,40005017,Services de réparation et de l'immobilier et autres services aux institutions
RDS_DICT_INDICATORS_NSO,Indicateurs,40005018,Services sociaux et culturels
RDS_DICT_INDICATORS_NSO,Indicateurs,40005019,"Services de l’éducation, la santé et administratives"
RDS_DICT_INDICATORS_NSO,Indicateurs,40005020,Non déclarés
RDS_DICT_INDICATORS_NSO,Indicateurs,28188409,Taux d'emploi
RDS_DICT_INDICATORS_NSO,Indicateurs,28188419,Masculin
RDS_DICT_INDICATORS_NSO,Indicateurs,28188429,Féminin
RDS_DICT_INDICATORS_NSO,Indicateurs,27942819,Chômage
RDS_DICT_INDICATORS_NSO,Indicateurs,40007000,Evolution de la population active en chômage
RDS_DICT_INDICATORS_NSO,Indicateurs,40007001,Masculin
RDS_DICT_INDICATORS_NSO,Indicateurs,40007002,Féminin
RDS_DICT_INDICATORS_NSO,Indicateurs,28270769,Taux de chômage
RDS_DICT_INDICATORS_NSO,Indicateurs,40008000,Par sexe
RDS_DICT_INDICATORS_NSO,Indicateurs,40008001,Masculin
RDS_DICT_INDICATORS_NSO,Indicateurs,40008002,Féminin
RDS_DICT_INDICATORS_NSO,Indicateurs,28270729,Par tranche d'âge
RDS_DICT_INDICATORS_NSO,Indicateurs,28270739,15-24 ans
RDS_DICT_INDICATORS_NSO,Indicateurs,28270749,25-59 ans
RDS_DICT_INDICATORS_NSO,Indicateurs,28270759,60 ans et plus
RDS_DICT_INDICATORS_NSO,Indicateurs,40009000,Répartition des chômeurs de l’enseignement supérieur selon la nature de diplôme
RDS_DICT_INDICATORS_NSO,Indicateurs,40009001,Diplôme de technicien supérieur ou équivalent
RDS_DICT_INDICATORS_NSO,Indicateurs,40009002,Maîtrise en sciences humaines
RDS_DICT_INDICATORS_NSO,Indicateurs,40009003,"Maîtrise en droit, économie et gestion"
RDS_DICT_INDICATORS_NSO,Indicateurs,40009004,Maîtrise en science exacte
RDS_DICT_INDICATORS_NSO,Indicateurs,40009005,Autre diplôme supérieur
RDS_DICT_INDICATORS_NSO,Indicateurs,40010000,Taux de chômage des diplômés de l’enseignement supérieur
RDS_DICT_INDICATORS_NSO,Indicateurs,40010001,Masculin
RDS_DICT_INDICATORS_NSO,Indicateurs,40010002,Féminin
RDS_DICT_INDICATORS_NSO,Indicateurs,27942829,Statistiques des bureaux d'emploi
RDS_DICT_INDICATORS_NSO,Indicateurs,22314916,Evolution des demandes d'emploi enregistrées
RDS_DICT_INDICATORS_NSO,Indicateurs,22315416,Sexe
RDS_DICT_INDICATORS_NSO,Indicateurs,22316016,Masculin
RDS_DICT_INDICATORS_NSO,Indicateurs,22316116,Feminin
RDS_DICT_INDICATORS_NSO,Indicateurs,22315516,Dont première demande
RDS_DICT_INDICATORS_NSO,Indicateurs,22315016,Evolution des offres d'emploi reçus
RDS_DICT_INDICATORS_NSO,Indicateurs,22315616,Placements réalisées par Sexe
RDS_DICT_INDICATORS_NSO,Indicateurs,22316216,Masculin
RDS_DICT_INDICATORS_NSO,Indicateurs,22316316,Feminin
RDS_DICT_INDICATORS_NSO,Indicateurs,22315716,Dont premier emploi
RDS_DICT_INDICATORS_NSO,Indicateurs,11920716,Energie
RDS_DICT_INDICATORS_NSO,Indicateurs,27529959,Production d'énergie primaire
RDS_DICT_INDICATORS_NSO,Indicateurs,27529969,Pétrole brut
RDS_DICT_INDICATORS_NSO,Indicateurs,27529979,Gaz naturel
RDS_DICT_INDICATORS_NSO,Indicateurs,27529989,Electricité primaire
RDS_DICT_INDICATORS_NSO,Indicateurs,27529999,Consommation d'énergie commerciale
RDS_DICT_INDICATORS_NSO,Indicateurs,27530009,Charbon
RDS_DICT_INDICATORS_NSO,Indicateurs,27530019,Carburants
RDS_DICT_INDICATORS_NSO,Indicateurs,27530029,Gaz naturel
RDS_DICT_INDICATORS_NSO,Indicateurs,27530039,Electricité primaire
RDS_DICT_INDICATORS_NSO,Indicateurs,27530049,Puissance installée par centrale
RDS_DICT_INDICATORS_NSO,Indicateurs,27530059,Thermique vapeur
RDS_DICT_INDICATORS_NSO,Indicateurs,27530069,Cycle combiné
RDS_DICT_INDICATORS_NSO,Indicateurs,27530079,Turbine à gaz
RDS_DICT_INDICATORS_NSO,Indicateurs,27530089,Hydraulique
RDS_DICT_INDICATORS_NSO,Indicateurs,27530099,Eolienne
RDS_DICT_INDICATORS_NSO,Indicateurs,27530109,Auto producteurs
RDS_DICT_INDICATORS_NSO,Indicateurs,27530119,Production d'éléctricité par centrale
RDS_DICT_INDICATORS_NSO,Indicateurs,27530129,Thermique vapeur
RDS_DICT_INDICATORS_NSO,Indicateurs,27530139,Cycle combiné
RDS_DICT_INDICATORS_NSO,Indicateurs,27530149,Turbine à gaz
RDS_DICT_INDICATORS_NSO,Indicateurs,27530159,Hydraulique
RDS_DICT_INDICATORS_NSO,Indicateurs,27530169,Eolienne
RDS_DICT_INDICATORS_NSO,Indicateurs,28759039,Photovoltaïque
RDS_DICT_INDICATORS_NSO,Indicateurs,27530179,Réseau électrique par tension
RDS_DICT_INDICATORS_NSO,Indicateurs,27530189,Basse tension
RDS_DICT_INDICATORS_NSO,Indicateurs,27530199,Moyenne tension
RDS_DICT_INDICATORS_NSO,Indicateurs,27530209,Haute tension
RDS_DICT_INDICATORS_NSO,Indicateurs,27530219,Consommation d'éléctricité par centre de distribution
RDS_DICT_INDICATORS_NSO,Indicateurs,27530229,Le grand Tunis
RDS_DICT_INDICATORS_NSO,Indicateurs,27530239,Nord-est
RDS_DICT_INDICATORS_NSO,Indicateurs,27530249,Nord-ouest
RDS_DICT_INDICATORS_NSO,Indicateurs,27530259,Le Centre
RDS_DICT_INDICATORS_NSO,Indicateurs,27530269,Sud-ouest
RDS_DICT_INDICATORS_NSO,Indicateurs,27530279,Sud-est
RDS_DICT_INDICATORS_NSO,Indicateurs,27530289,Consommation d'éléctricité par tension
RDS_DICT_INDICATORS_NSO,Indicateurs,27530299,Basse tension
RDS_DICT_INDICATORS_NSO,Indicateurs,27530309,Moyenne tension
RDS_DICT_INDICATORS_NSO,Indicateurs,27530319,Haute tension
RDS_DICT_INDICATORS_NSO,Indicateurs,27530329,Consommation d'éléctricité de haut et moyenne tension par branche d'activite économique
RDS_DICT_INDICATORS_NSO,Indicateurs,27530339,Industries extractives
RDS_DICT_INDICATORS_NSO,Indicateurs,27530349,Industries alimentaires
RDS_DICT_INDICATORS_NSO,Indicateurs,27530359,Textile et habillement
RDS_DICT_INDICATORS_NSO,Indicateurs,27530369,Papier et édition
RDS_DICT_INDICATORS_NSO,Indicateurs,27530379,Industries chimiques
RDS_DICT_INDICATORS_NSO,Indicateurs,27530389,Industries des matériaux de construction
RDS_DICT_INDICATORS_NSO,Indicateurs,27530399,Industries Métallurgique de base
RDS_DICT_INDICATORS_NSO,Indicateurs,27530409,Industries diverses
RDS_DICT_INDICATORS_NSO,Indicateurs,27530419,Agriculture
RDS_DICT_INDICATORS_NSO,Indicateurs,27530429,Eaux et service sanitaires
RDS_DICT_INDICATORS_NSO,Indicateurs,27530439,Transport et communication
RDS_DICT_INDICATORS_NSO,Indicateurs,27530449,Tourisme
RDS_DICT_INDICATORS_NSO,Indicateurs,27530459,Services
RDS_DICT_INDICATORS_NSO,Indicateurs,27530469,Nombre du consommateur d'éléctricité par centre de distribution et par tension
RDS_DICT_INDICATORS_NSO,Indicateurs,27530479,Nombre du consommateur d'éléctricité par centre de distribution
RDS_DICT_INDICATORS_NSO,Indicateurs,27530489,Le grand Tunis
RDS_DICT_INDICATORS_NSO,Indicateurs,27530499,Nord-est
RDS_DICT_INDICATORS_NSO,Indicateurs,27530509,Nord-ouest
RDS_DICT_INDICATORS_NSO,Indicateurs,27530519,Le Centre
RDS_DICT_INDICATORS_NSO,Indicateurs,27530529,Sud-ouest
RDS_DICT_INDICATORS_NSO,Indicateurs,27530539,Sud-est
RDS_DICT_INDICATORS_NSO,Indicateurs,27530549,Nombre des consommateurs d'éléctricité de basse tension par centre de distribution
RDS_DICT_INDICATORS_NSO,Indicateurs,27530559,Le grand Tunis
RDS_DICT_INDICATORS_NSO,Indicateurs,27530569,Nord-est
RDS_DICT_INDICATORS_NSO,Indicateurs,27530579,Nord-ouest
RDS_DICT_INDICATORS_NSO,Indicateurs,27530589,Le Centre
RDS_DICT_INDICATORS_NSO,Indicateurs,27530599,Sud-ouest
RDS_DICT_INDICATORS_NSO,Indicateurs,27530609,Sud-est
RDS_DICT_INDICATORS_NSO,Indicateurs,27530619,Nombre des consommateurs d'éléctricité de Moyenne et haute tension par centre de distribution
RDS_DICT_INDICATORS_NSO,Indicateurs,27530629,Le grand Tunis
RDS_DICT_INDICATORS_NSO,Indicateurs,27530639,Nord-est
RDS_DICT_INDICATORS_NSO,Indicateurs,27530649,Nord-ouest
RDS_DICT_INDICATORS_NSO,Indicateurs,27530659,Le Centre
RDS_DICT_INDICATORS_NSO,Indicateurs,27530669,Sud-ouest
RDS_DICT_INDICATORS_NSO,Indicateurs,27530679,Sud-est
RDS_DICT_INDICATORS_NSO,Indicateurs,27530829,Evolution du nombre des abonnées et de la longueur du réseau du Gaz naturel
RDS_DICT_INDICATORS_NSO,Indicateurs,27530839,Nombre d’abonnés
RDS_DICT_INDICATORS_NSO,Indicateurs,27530849,Haute pression
RDS_DICT_INDICATORS_NSO,Indicateurs,27530859,Moyenne pression
RDS_DICT_INDICATORS_NSO,Indicateurs,27530869,Basse pression
RDS_DICT_INDICATORS_NSO,Indicateurs,27530879,Longueur du réseau  (Km)
RDS_DICT_INDICATORS_NSO,Indicateurs,27530889,Transport et répartition
RDS_DICT_INDICATORS_NSO,Indicateurs,27530899,Distribution
RDS_DICT_INDICATORS_NSO,Indicateurs,27530909,Evolution de la production et de la consommation d'eau
RDS_DICT_INDICATORS_NSO,Indicateurs,27530919,Production
RDS_DICT_INDICATORS_NSO,Indicateurs,27530929,Consommation
RDS_DICT_INDICATORS_NSO,Indicateurs,27530939,Ménages
RDS_DICT_INDICATORS_NSO,Indicateurs,27530949,Industrie
RDS_DICT_INDICATORS_NSO,Indicateurs,27530959,Tourisme
RDS_DICT_INDICATORS_NSO,Indicateurs,27530969,Services
RDS_DICT_INDICATORS_NSO,Indicateurs,27530979,Autres
RDS_DICT_INDICATORS_NSO,Indicateurs,27530989,Abonnés
RDS_DICT_INDICATORS_NSO,Indicateurs,27530999,Production destinée directement à l’irrigation
RDS_DICT_INDICATORS_NSO,Indicateurs,27531009,Production et échange du pétrole brut
RDS_DICT_INDICATORS_NSO,Indicateurs,27531019,Production et raffinage
RDS_DICT_INDICATORS_NSO,Indicateurs,27531029,Production
RDS_DICT_INDICATORS_NSO,Indicateurs,27531039,Quantité reçue par la raffinerie
RDS_DICT_INDICATORS_NSO,Indicateurs,27531049,Dont locale
RDS_DICT_INDICATORS_NSO,Indicateurs,27531059,Quantitées traitées par la raffinerie
RDS_DICT_INDICATORS_NSO,Indicateurs,27531069,Echanges
RDS_DICT_INDICATORS_NSO,Indicateurs,27531079,Importations
RDS_DICT_INDICATORS_NSO,Indicateurs,27531089,Exportations
RDS_DICT_INDICATORS_NSO,Indicateurs,27531099,Production des carburants
RDS_DICT_INDICATORS_NSO,Indicateurs,27531109,Gaz de pétrole liquifié
RDS_DICT_INDICATORS_NSO,Indicateurs,27531119,Essence naturelle (gazoline)
RDS_DICT_INDICATORS_NSO,Indicateurs,27531129,Essence super (+sans plomb)
RDS_DICT_INDICATORS_NSO,Indicateurs,27531139,Essence normale
RDS_DICT_INDICATORS_NSO,Indicateurs,27531149,Pétrole lampant
RDS_DICT_INDICATORS_NSO,Indicateurs,27531159,White spirit
RDS_DICT_INDICATORS_NSO,Indicateurs,27531169,Fuel-Oil lourd
RDS_DICT_INDICATORS_NSO,Indicateurs,27531179,Bunker c
RDS_DICT_INDICATORS_NSO,Indicateurs,27531189,Gaz-Oil
RDS_DICT_INDICATORS_NSO,Indicateurs,27531199,Marine diesel
RDS_DICT_INDICATORS_NSO,Indicateurs,27531209,Virgin Naphte
RDS_DICT_INDICATORS_NSO,Indicateurs,27531219,Consommation du carburants
RDS_DICT_INDICATORS_NSO,Indicateurs,27531229,Gaz de pétrole liquifié
RDS_DICT_INDICATORS_NSO,Indicateurs,27531239,Essence super (+sans plomb)
RDS_DICT_INDICATORS_NSO,Indicateurs,27531249,Essence normale
RDS_DICT_INDICATORS_NSO,Indicateurs,27531259,Pétrole lampant
RDS_DICT_INDICATORS_NSO,Indicateurs,27531269,Essence pour avions
RDS_DICT_INDICATORS_NSO,Indicateurs,27531279,Fuel-oil lourd
RDS_DICT_INDICATORS_NSO,Indicateurs,27531289,Gaz-oil
RDS_DICT_INDICATORS_NSO,Indicateurs,27965089,Coke de pétrole
RDS_DICT_INDICATORS_NSO,Indicateurs,27530689,Production et consommation du gaz
RDS_DICT_INDICATORS_NSO,Indicateurs,27530699,Gaz disponible
RDS_DICT_INDICATORS_NSO,Indicateurs,27530709,Cap Bon
RDS_DICT_INDICATORS_NSO,Indicateurs,27530719,Intercontinental
RDS_DICT_INDICATORS_NSO,Indicateurs,27530729,Zinia
RDS_DICT_INDICATORS_NSO,Indicateurs,27530739,Miskar
RDS_DICT_INDICATORS_NSO,Indicateurs,28759049,Franning.B.T. Sabria et Gherib
RDS_DICT_INDICATORS_NSO,Indicateurs,27530749,Gaz Commercial Sud
RDS_DICT_INDICATORS_NSO,Indicateurs,27530759,Gaz chergui
RDS_DICT_INDICATORS_NSO,Indicateurs,27530769,Gaz hasdrubal
RDS_DICT_INDICATORS_NSO,Indicateurs,27700139,Gaz ElMaamoura
RDS_DICT_INDICATORS_NSO,Indicateurs,28759059,Gaz nawara
RDS_DICT_INDICATORS_NSO,Indicateurs,27530779,Consommation du Gaz
RDS_DICT_INDICATORS_NSO,Indicateurs,27530789,Centrales électriques
RDS_DICT_INDICATORS_NSO,Indicateurs,27530799,Industrie
RDS_DICT_INDICATORS_NSO,Indicateurs,27530809,Hôtellerie
RDS_DICT_INDICATORS_NSO,Indicateurs,27530819,Autres
RDS_DICT_INDICATORS_NSO,Indicateurs,11921416,Entreprises
RDS_DICT_INDICATORS_NSO,Indicateurs,22199216,Evolution des entreprises privées
RDS_DICT_INDICATORS_NSO,Indicateurs,22320216,Secteur d'activité
RDS_DICT_INDICATORS_NSO,Indicateurs,27663549,"Agriculture, Sylviculture et Pêche"
RDS_DICT_INDICATORS_NSO,Indicateurs,27663559,Industrie
RDS_DICT_INDICATORS_NSO,Indicateurs,27663569,Industries extractives
RDS_DICT_INDICATORS_NSO,Indicateurs,27663579,Industries alimentaires et de boissons
RDS_DICT_INDICATORS_NSO,Indicateurs,27663589,Industrie de Textiles et d'Habillement
RDS_DICT_INDICATORS_NSO,Indicateurs,27663599,Industrie du cuir et de la chaussure
RDS_DICT_INDICATORS_NSO,Indicateurs,27663609,"Travail du bois et fabrication d'articles en bois et en liège, à l'exception des meubles; fabrication d'articles en vannerie et sparterie"
RDS_DICT_INDICATORS_NSO,Indicateurs,27663619,Industrie du papier et du carton; Imprimerie et reproduction d'enregistrements
RDS_DICT_INDICATORS_NSO,Indicateurs,27663629,Industrie chimique et pharmaceutique
RDS_DICT_INDICATORS_NSO,Indicateurs,27663639,Fabrication de produits en caoutchouc et en plastique
RDS_DICT_INDICATORS_NSO,Indicateurs,27663649,Fabrication d'autres produits minéraux non métalliques
RDS_DICT_INDICATORS_NSO,Indicateurs,27663659,"Métallurgie; Fabrication de produits métalliques, à l'exception des machines et des équipements"
RDS_DICT_INDICATORS_NSO,Indicateurs,27663669,"Fabrication de produits informatiques, électroniques et optiques; Fabrication d'équipements électriques, de machines et équipements n.c.a"
RDS_DICT_INDICATORS_NSO,Indicateurs,27663679,Industrie automobile et d'autres matériels de transport
RDS_DICT_INDICATORS_NSO,Indicateurs,27663689,Fabrication de meubles
RDS_DICT_INDICATORS_NSO,Indicateurs,27663699,Réparation et installation de machines et d'équipements
RDS_DICT_INDICATORS_NSO,Indicateurs,27663709,Autres industries manufacturières
RDS_DICT_INDICATORS_NSO,Indicateurs,27663719,Construction
RDS_DICT_INDICATORS_NSO,Indicateurs,27663729,"Commerce, réparation d’automobiles et de motocycles"
RDS_DICT_INDICATORS_NSO,Indicateurs,27663739,Commerce et réparation d'automobiles et de motocycles
RDS_DICT_INDICATORS_NSO,Indicateurs,27663749,"Commerce de gros, à l'exception des automobiles et des motocycles"
RDS_DICT_INDICATORS_NSO,Indicateurs,27663759,"Commerce de détail, à l'exception des automobiles et des motocycles"
RDS_DICT_INDICATORS_NSO,Indicateurs,27663769,Transports et Entreposage
RDS_DICT_INDICATORS_NSO,Indicateurs,27663779,Hébergement et Restauration
RDS_DICT_INDICATORS_NSO,Indicateurs,27663789,Information et communication
RDS_DICT_INDICATORS_NSO,Indicateurs,27663799,Activités financières et d'assurances
RDS_DICT_INDICATORS_NSO,Indicateurs,27663809,Activités immobilières
RDS_DICT_INDICATORS_NSO,Indicateurs,27663819,"Activités spécialisées, scientifiques et techniques"
RDS_DICT_INDICATORS_NSO,Indicateurs,27663829,Activités de services administratifs et de soutien
RDS_DICT_INDICATORS_NSO,Indicateurs,27663839,"Enseignement, Santé humaine et action sociale"
RDS_DICT_INDICATORS_NSO,Indicateurs,27663849,Réparation d'ordinateurs et de biens personnels et domestiques
RDS_DICT_INDICATORS_NSO,Indicateurs,27663859,Autres services personnels
RDS_DICT_INDICATORS_NSO,Indicateurs,27663869,Autres activités
RDS_DICT_INDICATORS_NSO,Indicateurs,22320316,Taille
RDS_DICT_INDICATORS_NSO,Indicateurs,22325716,0
RDS_DICT_INDICATORS_NSO,Indicateurs,22325816,[1-2]
RDS_DICT_INDICATORS_NSO,Indicateurs,22325916,[3-5]
RDS_DICT_INDICATORS_NSO,Indicateurs,22326016,[6-9]
RDS_DICT_INDICATORS_NSO,Indicateurs,22326116,[10-19]
RDS_DICT_INDICATORS_NSO,Indicateurs,22326216,[20-49]
RDS_DICT_INDICATORS_NSO,Indicateurs,22326316,[50-99]
RDS_DICT_INDICATORS_NSO,Indicateurs,22326416,[100-199]
RDS_DICT_INDICATORS_NSO,Indicateurs,22326516,>=200
RDS_DICT_INDICATORS_NSO,Indicateurs,22320416,Forme Juridique
RDS_DICT_INDICATORS_NSO,Indicateurs,22326716,Société Anonyme
RDS_DICT_INDICATORS_NSO,Indicateurs,22326816,Société à responsabilité limitée
RDS_DICT_INDICATORS_NSO,Indicateurs,22326916,Société unipersonnelle à responsabilité limitée
RDS_DICT_INDICATORS_NSO,Indicateurs,22327016,Personne Physique
RDS_DICT_INDICATORS_NSO,Indicateurs,27946489,Autres formes
RDS_DICT_INDICATORS_NSO,Indicateurs,22320516,Nationalité
RDS_DICT_INDICATORS_NSO,Indicateurs,22327116,Tunisienne
RDS_DICT_INDICATORS_NSO,Indicateurs,22327216,Etrangère
RDS_DICT_INDICATORS_NSO,Indicateurs,22320616,Régime
RDS_DICT_INDICATORS_NSO,Indicateurs,22327316,Onshore
RDS_DICT_INDICATORS_NSO,Indicateurs,22327416,OffShore
RDS_DICT_INDICATORS_NSO,Indicateurs,22422616,Nombre de salariés formels
RDS_DICT_INDICATORS_NSO,Indicateurs,22422716,Secteur d'activité de l'entreprise
RDS_DICT_INDICATORS_NSO,Indicateurs,27663879,"Agriculture, Sylviculture et Pêche"
RDS_DICT_INDICATORS_NSO,Indicateurs,27663889,Industrie
RDS_DICT_INDICATORS_NSO,Indicateurs,27663899,Industries extractives
RDS_DICT_INDICATORS_NSO,Indicateurs,27663909,Industries alimentaires et de boissons
RDS_DICT_INDICATORS_NSO,Indicateurs,27663919,Industrie de Textiles et d'Habillement
RDS_DICT_INDICATORS_NSO,Indicateurs,27663929,Industrie du cuir et de la chaussure
RDS_DICT_INDICATORS_NSO,Indicateurs,27663939,"Travail du bois et fabrication d'articles en bois et en liège, à l'exception des meubles; fabrication d'articles en vannerie et sparterie"
RDS_DICT_INDICATORS_NSO,Indicateurs,27663949,Industrie du papier et du carton; Imprimerie et reproduction d'enregistrements
RDS_DICT_INDICATORS_NSO,Indicateurs,27663959,Industrie chimique et pharmaceutique
RDS_DICT_INDICATORS_NSO,Indicateurs,27663969,Fabrication de produits en caoutchouc et en plastique
RDS_DICT_INDICATORS_NSO,Indicateurs,27663979,Fabrication d'autres produits minéraux non métalliques
RDS_DICT_INDICATORS_NSO,Indicateurs,27663989,"Métallurgie; Fabrication de produits métalliques, à l'exception des machines et des équipements"
RDS_DICT_INDICATORS_NSO,Indicateurs,27663999,"Fabrication de produits informatiques, électroniques et optiques; Fabrication d'équipements électriques, de machines et équipements n.c.a"
RDS_DICT_INDICATORS_NSO,Indicateurs,27664009,Industrie automobile et d'autres matériels de transport
RDS_DICT_INDICATORS_NSO,Indicateurs,27664019,Fabrication de meubles
RDS_DICT_INDICATORS_NSO,Indicateurs,27664029,Réparation et installation de machines et d'équipements
RDS_DICT_INDICATORS_NSO,Indicateurs,27664039,Autres industries manufacturières
RDS_DICT_INDICATORS_NSO,Indicateurs,27664049,Construction
RDS_DICT_INDICATORS_NSO,Indicateurs,27664059,"Commerce, réparation d’automobiles et de motocycles"
RDS_DICT_INDICATORS_NSO,Indicateurs,27664069,Commerce et réparation d'automobiles et de motocycles
RDS_DICT_INDICATORS_NSO,Indicateurs,27664079,"Commerce de gros, à l'exception des automobiles et des motocycles"
RDS_DICT_INDICATORS_NSO,Indicateurs,27664089,"Commerce de détail, à l'exception des automobiles et des motocycles"
RDS_DICT_INDICATORS_NSO,Indicateurs,27664099,Transports et Entreposage
RDS_DICT_INDICATORS_NSO,Indicateurs,27664109,Hébergement et Restauration
RDS_DICT_INDICATORS_NSO,Indicateurs,27664119,Information et communication
RDS_DICT_INDICATORS_NSO,Indicateurs,27664129,Activités financières et d'assurances
RDS_DICT_INDICATORS_NSO,Indicateurs,27664139,Activités immobilières
RDS_DICT_INDICATORS_NSO,Indicateurs,27664149,"Activités spécialisées, scientifiques et techniques"
RDS_DICT_INDICATORS_NSO,Indicateurs,27664159,Activités de services administratifs et de soutien
RDS_DICT_INDICATORS_NSO,Indicateurs,27664169,"Enseignement, Santé humaine et action sociale"
RDS_DICT_INDICATORS_NSO,Indicateurs,27664179,Réparation d'ordinateurs et de biens personnels et domestiques
RDS_DICT_INDICATORS_NSO,Indicateurs,27664189,Autres services personnels
RDS_DICT_INDICATORS_NSO,Indicateurs,27664199,Autres activités
RDS_DICT_INDICATORS_NSO,Indicateurs,22422816,Taille de l'entreprise
RDS_DICT_INDICATORS_NSO,Indicateurs,22426016,[1-2]
RDS_DICT_INDICATORS_NSO,Indicateurs,22426116,[3-5]
RDS_DICT_INDICATORS_NSO,Indicateurs,22426216,[6-9]
RDS_DICT_INDICATORS_NSO,Indicateurs,22426316,[10-19]
RDS_DICT_INDICATORS_NSO,Indicateurs,22426416,[20-49]
RDS_DICT_INDICATORS_NSO,Indicateurs,22426516,[50-99]
RDS_DICT_INDICATORS_NSO,Indicateurs,22426616,[100-199]
RDS_DICT_INDICATORS_NSO,Indicateurs,22426716,>=200
RDS_DICT_INDICATORS_NSO,Indicateurs,22422916,Forme Juridique de l'entreprise
RDS_DICT_INDICATORS_NSO,Indicateurs,22426916,Société Anonyme
RDS_DICT_INDICATORS_NSO,Indicateurs,22427016,Société à responsabilité limitée
RDS_DICT_INDICATORS_NSO,Indicateurs,22427116,Société unipersonnelle à responsabilité limitée
RDS_DICT_INDICATORS_NSO,Indicateurs,22427216,Personne Physique
RDS_DICT_INDICATORS_NSO,Indicateurs,27946499,Autres formes
RDS_DICT_INDICATORS_NSO,Indicateurs,22423016,Nationalité de l'entreprise
RDS_DICT_INDICATORS_NSO,Indicateurs,22427316,Tunisienne
RDS_DICT_INDICATORS_NSO,Indicateurs,22427416,Etrangère
RDS_DICT_INDICATORS_NSO,Indicateurs,22423116,Régime de l'entreprise
RDS_DICT_INDICATORS_NSO,Indicateurs,22427516,Onshore
RDS_DICT_INDICATORS_NSO,Indicateurs,22427616,OffShore
RDS_DICT_INDICATORS_NSO,Indicateurs,27664209,Démographie des Entreprises
RDS_DICT_INDICATORS_NSO,Indicateurs,27664219,Evolution des entrées d'entreprises
RDS_DICT_INDICATORS_NSO,Indicateurs,27664229,Secteur d'activité
RDS_DICT_INDICATORS_NSO,Indicateurs,27664239,"Agriculture, Sylviculture et Pêche"
RDS_DICT_INDICATORS_NSO,Indicateurs,27664249,Industrie
RDS_DICT_INDICATORS_NSO,Indicateurs,27664259,Industries extractives
RDS_DICT_INDICATORS_NSO,Indicateurs,27664269,Industries alimentaires et de boissons
RDS_DICT_INDICATORS_NSO,Indicateurs,27664279,Industrie de Textiles et d'Habillement
RDS_DICT_INDICATORS_NSO,Indicateurs,27664289,Industrie du cuir et de la chaussure
RDS_DICT_INDICATORS_NSO,Indicateurs,27664299,"Travail du bois et fabrication d'articles en bois et en liège, à l'exception des meubles; fabrication d'articles en vannerie et sparterie"
RDS_DICT_INDICATORS_NSO,Indicateurs,27664309,Industrie du papier et du carton; Imprimerie et reproduction d'enregistrements
RDS_DICT_INDICATORS_NSO,Indicateurs,27664319,Industrie chimique et pharmaceutique
RDS_DICT_INDICATORS_NSO,Indicateurs,27664329,Fabrication de produits en caoutchouc et en plastique
RDS_DICT_INDICATORS_NSO,Indicateurs,27664339,Fabrication d'autres produits minéraux non métalliques
RDS_DICT_INDICATORS_NSO,Indicateurs,27664349,"Métallurgie; Fabrication de produits métalliques, à l'exception des machines et des équipements"
RDS_DICT_INDICATORS_NSO,Indicateurs,27664359,"Fabrication de produits informatiques, électroniques et optiques; Fabrication d'équipements électriques, de machines et équipements n.c.a"
RDS_DICT_INDICATORS_NSO,Indicateurs,27664369,Industrie automobile et d'autres matériels de transport
RDS_DICT_INDICATORS_NSO,Indicateurs,27664379,Fabrication de meubles
RDS_DICT_INDICATORS_NSO,Indicateurs,27664389,Réparation et installation de machines et d'équipements
RDS_DICT_INDICATORS_NSO,Indicateurs,27664399,Autres industries manufacturières
RDS_DICT_INDICATORS_NSO,Indicateurs,27664409,Construction
RDS_DICT_INDICATORS_NSO,Indicateurs,27664419,"Commerce, réparation d’automobiles et de motocycles"
RDS_DICT_INDICATORS_NSO,Indicateurs,27664429,Commerce et réparation d'automobiles et de motocycles
RDS_DICT_INDICATORS_NSO,Indicateurs,27664439,"Commerce de gros, à l'exception des automobiles et des motocycles"
RDS_DICT_INDICATORS_NSO,Indicateurs,27664449,"Commerce de détail, à l'exception des automobiles et des motocycles"
RDS_DICT_INDICATORS_NSO,Indicateurs,27664459,Transports et Entreposage
RDS_DICT_INDICATORS_NSO,Indicateurs,27664469,Hébergement et Restauration
RDS_DICT_INDICATORS_NSO,Indicateurs,27664479,Information et communication
RDS_DICT_INDICATORS_NSO,Indicateurs,27664489,Activités financières et d'assurances
RDS_DICT_INDICATORS_NSO,Indicateurs,27664499,Activités immobilières
RDS_DICT_INDICATORS_NSO,Indicateurs,27664509,"Activités spécialisées, scientifiques et techniques"
RDS_DICT_INDICATORS_NSO,Indicateurs,27664519,Activités de services administratifs et de soutien
RDS_DICT_INDICATORS_NSO,Indicateurs,27664529,"Enseignement, Santé humaine et action sociale"
RDS_DICT_INDICATORS_NSO,Indicateurs,27664539,Réparation d'ordinateurs et de biens personnels et domestiques
RDS_DICT_INDICATORS_NSO,Indicateurs,27664549,Autres services personnels
RDS_DICT_INDICATORS_NSO,Indicateurs,27664559,Autres activités
RDS_DICT_INDICATORS_NSO,Indicateurs,27664569,Taille
RDS_DICT_INDICATORS_NSO,Indicateurs,27664579,0
RDS_DICT_INDICATORS_NSO,Indicateurs,27664589,[1-2]
RDS_DICT_INDICATORS_NSO,Indicateurs,27664599,[3-5]
RDS_DICT_INDICATORS_NSO,Indicateurs,27664609,[6-9]
RDS_DICT_INDICATORS_NSO,Indicateurs,27664619,[10-19]
RDS_DICT_INDICATORS_NSO,Indicateurs,27664629,[20-49]
RDS_DICT_INDICATORS_NSO,Indicateurs,27664639,>=50
RDS_DICT_INDICATORS_NSO,Indicateurs,27664659,>=100
RDS_DICT_INDICATORS_NSO,Indicateurs,27664679,Forme Juridique
RDS_DICT_INDICATORS_NSO,Indicateurs,27665359,Personne morale
RDS_DICT_INDICATORS_NSO,Indicateurs,27664719,Personne Physique
RDS_DICT_INDICATORS_NSO,Indicateurs,27664729,Nationalité
RDS_DICT_INDICATORS_NSO,Indicateurs,27664739,Tunisienne
RDS_DICT_INDICATORS_NSO,Indicateurs,27664749,Etrangère
RDS_DICT_INDICATORS_NSO,Indicateurs,27664759,Régime
RDS_DICT_INDICATORS_NSO,Indicateurs,27664769,Onshore
RDS_DICT_INDICATORS_NSO,Indicateurs,27664779,OffShore
RDS_DICT_INDICATORS_NSO,Indicateurs,27664789,Evolution des sorties d'entreprises
RDS_DICT_INDICATORS_NSO,Indicateurs,27664799,Secteur d'activité
RDS_DICT_INDICATORS_NSO,Indicateurs,27664809,"Agriculture, Sylviculture et Pêche"
RDS_DICT_INDICATORS_NSO,Indicateurs,27664819,Industrie
RDS_DICT_INDICATORS_NSO,Indicateurs,27664829,Industries extractives
RDS_DICT_INDICATORS_NSO,Indicateurs,27664839,Industries alimentaires et de boissons
RDS_DICT_INDICATORS_NSO,Indicateurs,27664849,Industrie de Textiles et d'Habillement
RDS_DICT_INDICATORS_NSO,Indicateurs,27664859,Industrie du cuir et de la chaussure
RDS_DICT_INDICATORS_NSO,Indicateurs,27664869,"Travail du bois et fabrication d'articles en bois et en liège, à l'exception des meubles; fabrication d'articles en vannerie et sparterie"
RDS_DICT_INDICATORS_NSO,Indicateurs,27664879,Industrie du papier et du carton; Imprimerie et reproduction d'enregistrements
RDS_DICT_INDICATORS_NSO,Indicateurs,27664889,Industrie chimique et pharmaceutique
RDS_DICT_INDICATORS_NSO,Indicateurs,27664899,Fabrication de produits en caoutchouc et en plastique
RDS_DICT_INDICATORS_NSO,Indicateurs,27664909,Fabrication d'autres produits minéraux non métalliques
RDS_DICT_INDICATORS_NSO,Indicateurs,27664919,"Métallurgie; Fabrication de produits métalliques, à l'exception des machines et des équipements"
RDS_DICT_INDICATORS_NSO,Indicateurs,27664929,"Fabrication de produits informatiques, électroniques et optiques; Fabrication d'équipements électriques, de machines et équipements n.c.a"
RDS_DICT_INDICATORS_NSO,Indicateurs,27664939,Industrie automobile et d'autres matériels de transport
RDS_DICT_INDICATORS_NSO,Indicateurs,27664949,Fabrication de meubles
RDS_DICT_INDICATORS_NSO,Indicateurs,27664959,Réparation et installation de machines et d'équipements
RDS_DICT_INDICATORS_NSO,Indicateurs,27664969,Autres industries manufacturières
RDS_DICT_INDICATORS_NSO,Indicateurs,27664979,Construction
RDS_DICT_INDICATORS_NSO,Indicateurs,27664989,"Commerce, réparation d’automobiles et de motocycles"
RDS_DICT_INDICATORS_NSO,Indicateurs,27664999,Commerce et réparation d'automobiles et de motocycles
RDS_DICT_INDICATORS_NSO,Indicateurs,27665009,"Commerce de gros, à l'exception des automobiles et des motocycles"
RDS_DICT_INDICATORS_NSO,Indicateurs,27665019,"Commerce de détail, à l'exception des automobiles et des motocycles"
RDS_DICT_INDICATORS_NSO,Indicateurs,27665029,Transports et Entreposage
RDS_DICT_INDICATORS_NSO,Indicateurs,27665039,Hébergement et Restauration
RDS_DICT_INDICATORS_NSO,Indicateurs,27665049,Information et communication
RDS_DICT_INDICATORS_NSO,Indicateurs,27665059,Activités financières et d'assurances
RDS_DICT_INDICATORS_NSO,Indicateurs,27665069,Activités immobilières
RDS_DICT_INDICATORS_NSO,Indicateurs,27665079,"Activités spécialisées, scientifiques et techniques"
RDS_DICT_INDICATORS_NSO,Indicateurs,27665089,Activités de services administratifs et de soutien
RDS_DICT_INDICATORS_NSO,Indicateurs,27665099,"Enseignement, Santé humaine et action sociale"
RDS_DICT_INDICATORS_NSO,Indicateurs,27665109,Réparation d'ordinateurs et de biens personnels et domestiques
RDS_DICT_INDICATORS_NSO,Indicateurs,27665119,Autres services personnels
RDS_DICT_INDICATORS_NSO,Indicateurs,27665129,Autres activités
RDS_DICT_INDICATORS_NSO,Indicateurs,27665139,Taille
RDS_DICT_INDICATORS_NSO,Indicateurs,27665149,0
RDS_DICT_INDICATORS_NSO,Indicateurs,27665159,[1-2]
RDS_DICT_INDICATORS_NSO,Indicateurs,27665169,[3-5]
RDS_DICT_INDICATORS_NSO,Indicateurs,27665179,[6-9]
RDS_DICT_INDICATORS_NSO,Indicateurs,27665189,[10-19]
RDS_DICT_INDICATORS_NSO,Indicateurs,27665199,[20-49]
RDS_DICT_INDICATORS_NSO,Indicateurs,27665229,>=50
RDS_DICT_INDICATORS_NSO,Indicateurs,27665249,Forme Juridique
RDS_DICT_INDICATORS_NSO,Indicateurs,27665369,Personne morale
RDS_DICT_INDICATORS_NSO,Indicateurs,27665289,Personne Physique
RDS_DICT_INDICATORS_NSO,Indicateurs,27665299,Nationalité
RDS_DICT_INDICATORS_NSO,Indicateurs,27665309,Tunisienne
RDS_DICT_INDICATORS_NSO,Indicateurs,27665319,Etrangère
RDS_DICT_INDICATORS_NSO,Indicateurs,27665329,Régime
RDS_DICT_INDICATORS_NSO,Indicateurs,27665339,Onshore
RDS_DICT_INDICATORS_NSO,Indicateurs,27665349,OffShore
RDS_DICT_INDICATORS_NSO,Indicateurs,27945919,Evolution de la génération 2000
RDS_DICT_INDICATORS_NSO,Indicateurs,27945929,Secteur d'activité
RDS_DICT_INDICATORS_NSO,Indicateurs,27945939,"Agriculture, Sylviculture et Pêche"
RDS_DICT_INDICATORS_NSO,Indicateurs,27945949,Industrie
RDS_DICT_INDICATORS_NSO,Indicateurs,27945959,Industries extractives
RDS_DICT_INDICATORS_NSO,Indicateurs,27945969,Industries alimentaires et de boissons
RDS_DICT_INDICATORS_NSO,Indicateurs,27945979,Industrie de Textiles et d'Habillement
RDS_DICT_INDICATORS_NSO,Indicateurs,27945989,Industrie du cuir et de la chaussure
RDS_DICT_INDICATORS_NSO,Indicateurs,27945999,"Travail du bois et fabrication d'articles en bois et en liège, à l'exception des meubles; fabrication d'articles en vannerie et sparterie"
RDS_DICT_INDICATORS_NSO,Indicateurs,27946009,Industrie du papier et du carton; Imprimerie et reproduction d'enregistrements
RDS_DICT_INDICATORS_NSO,Indicateurs,27946019,Industrie chimique et pharmaceutique
RDS_DICT_INDICATORS_NSO,Indicateurs,27946029,Fabrication de produits en caoutchouc et en plastique
RDS_DICT_INDICATORS_NSO,Indicateurs,27946039,Fabrication d'autres produits minéraux non métalliques
RDS_DICT_INDICATORS_NSO,Indicateurs,27946049,"Métallurgie; Fabrication de produits métalliques, à l'exception des machines et des équipements"
RDS_DICT_INDICATORS_NSO,Indicateurs,27946059,"Fabrication de produits informatiques, électroniques et optiques; Fabrication d'équipements électriques, de machines et équipements n.c.a"
RDS_DICT_INDICATORS_NSO,Indicateurs,27946069,Industrie automobile et d'autres matériels de transport
RDS_DICT_INDICATORS_NSO,Indicateurs,27946079,Fabrication de meubles
RDS_DICT_INDICATORS_NSO,Indicateurs,27946089,Réparation et installation de machines et d'équipements
RDS_DICT_INDICATORS_NSO,Indicateurs,27946099,Autres industries manufacturières
RDS_DICT_INDICATORS_NSO,Indicateurs,27946109,Construction
RDS_DICT_INDICATORS_NSO,Indicateurs,27946119,"Commerce, réparation d’automobiles et de motocycles"
RDS_DICT_INDICATORS_NSO,Indicateurs,27946129,Commerce et réparation d'automobiles et de motocycles
RDS_DICT_INDICATORS_NSO,Indicateurs,27946139,"Commerce de gros, à l'exception des automobiles et des motocycles"
RDS_DICT_INDICATORS_NSO,Indicateurs,27946149,"Commerce de détail, à l'exception des automobiles et des motocycles"
RDS_DICT_INDICATORS_NSO,Indicateurs,27946159,Transports et Entreposage
RDS_DICT_INDICATORS_NSO,Indicateurs,27946169,Hébergement et Restauration
RDS_DICT_INDICATORS_NSO,Indicateurs,27946179,Information et communication
RDS_DICT_INDICATORS_NSO,Indicateurs,27946189,Activités financières et d'assurances
RDS_DICT_INDICATORS_NSO,Indicateurs,27946199,Activités immobilières
RDS_DICT_INDICATORS_NSO,Indicateurs,27946209,"Activités spécialisées, scientifiques et techniques"
RDS_DICT_INDICATORS_NSO,Indicateurs,27946219,Activités de services administratifs et de soutien
RDS_DICT_INDICATORS_NSO,Indicateurs,27946229,"Enseignement, Santé humaine et action sociale"
RDS_DICT_INDICATORS_NSO,Indicateurs,27946239,Réparation d'ordinateurs et de biens personnels et domestiques
RDS_DICT_INDICATORS_NSO,Indicateurs,27946249,Autres services personnels
RDS_DICT_INDICATORS_NSO,Indicateurs,27946259,Autres activités
RDS_DICT_INDICATORS_NSO,Indicateurs,27946269,Taille
RDS_DICT_INDICATORS_NSO,Indicateurs,27946279,0
RDS_DICT_INDICATORS_NSO,Indicateurs,27946289,[1-2]
RDS_DICT_INDICATORS_NSO,Indicateurs,27946299,[3-5]
RDS_DICT_INDICATORS_NSO,Indicateurs,27946309,[6-9]
RDS_DICT_INDICATORS_NSO,Indicateurs,27946319,[10-19]
RDS_DICT_INDICATORS_NSO,Indicateurs,27946329,[20-49]
RDS_DICT_INDICATORS_NSO,Indicateurs,27946339,[50-99]
RDS_DICT_INDICATORS_NSO,Indicateurs,27946469,[100-199]
RDS_DICT_INDICATORS_NSO,Indicateurs,27946479,200 et plus
RDS_DICT_INDICATORS_NSO,Indicateurs,27946349,Forme Juridique
RDS_DICT_INDICATORS_NSO,Indicateurs,27946359,Personne morale
RDS_DICT_INDICATORS_NSO,Indicateurs,27946399,Personne Physique
RDS_DICT_INDICATORS_NSO,Indicateurs,27946409,Nationalité
RDS_DICT_INDICATORS_NSO,Indicateurs,27946419,Tunisienne
RDS_DICT_INDICATORS_NSO,Indicateurs,27946429,Etrangère
RDS_DICT_INDICATORS_NSO,Indicateurs,27946439,Régime
RDS_DICT_INDICATORS_NSO,Indicateurs,27946449,Onshore
RDS_DICT_INDICATORS_NSO,Indicateurs,27946459,OffShore
RDS_DICT_INDICATORS_NSO,Indicateurs,27965039,Survie et création d'emploi de la génération 2000
RDS_DICT_INDICATORS_NSO,Indicateurs,27965049,Nombre d'entreprises
RDS_DICT_INDICATORS_NSO,Indicateurs,27965059,Taux de survie
RDS_DICT_INDICATORS_NSO,Indicateurs,27965069,Nombres de salariés
RDS_DICT_INDICATORS_NSO,Indicateurs,27965079,Nombre d'employés
RDS_DICT_INDICATORS_NSO,Indicateurs,28286449,Evolution de la génération 2005
RDS_DICT_INDICATORS_NSO,Indicateurs,28286459,Secteur d'activité
RDS_DICT_INDICATORS_NSO,Indicateurs,28286519,"Agriculture, Sylviculture et Pêche"
RDS_DICT_INDICATORS_NSO,Indicateurs,28286529,Industrie
RDS_DICT_INDICATORS_NSO,Indicateurs,28286539,Industries extractives
RDS_DICT_INDICATORS_NSO,Indicateurs,28286549,Industries alimentaires et de boissons
RDS_DICT_INDICATORS_NSO,Indicateurs,28286559,Industrie de Textiles et d'Habillement
RDS_DICT_INDICATORS_NSO,Indicateurs,28286569,Industrie du cuir et de la chaussure
RDS_DICT_INDICATORS_NSO,Indicateurs,28286579,"Travail du bois et fabrication d'articles en bois et en liège, à l'exception des meubles; fabrication d'articles en vannerie et sparterie"
RDS_DICT_INDICATORS_NSO,Indicateurs,28286589,Industrie du papier et du carton; Imprimerie et reproduction d'enregistrements
RDS_DICT_INDICATORS_NSO,Indicateurs,28286599,Industrie chimique et pharmaceutique
RDS_DICT_INDICATORS_NSO,Indicateurs,28286609,Fabrication de produits en caoutchouc et en plastique
RDS_DICT_INDICATORS_NSO,Indicateurs,28286619,Fabrication d'autres produits minéraux non métalliques
RDS_DICT_INDICATORS_NSO,Indicateurs,28286629,"Métallurgie; Fabrication de produits métalliques, à l'exception des machines et des équipements"
RDS_DICT_INDICATORS_NSO,Indicateurs,28286639,"Fabrication de produits informatiques, électroniques et optiques; Fabrication d'équipements électriques, de machines et équipements n.c.a"
RDS_DICT_INDICATORS_NSO,Indicateurs,28286649,Industrie automobile et d'autres matériels de transport
RDS_DICT_INDICATORS_NSO,Indicateurs,28286659,Fabrication de meubles
RDS_DICT_INDICATORS_NSO,Indicateurs,28286669,Réparation et installation de machines et d'équipements
RDS_DICT_INDICATORS_NSO,Indicateurs,28286679,Autres industries manufacturières
RDS_DICT_INDICATORS_NSO,Indicateurs,28286689,Construction
RDS_DICT_INDICATORS_NSO,Indicateurs,28286699,"Commerce, réparation d’automobiles et de motocycles"
RDS_DICT_INDICATORS_NSO,Indicateurs,28286709,Commerce et réparation d'automobiles et de motocycles
RDS_DICT_INDICATORS_NSO,Indicateurs,28286719,"Commerce de gros, à l'exception des automobiles et des motocycles"
RDS_DICT_INDICATORS_NSO,Indicateurs,28286729,"Commerce de détail, à l'exception des automobiles et des motocycles"
RDS_DICT_INDICATORS_NSO,Indicateurs,28286739,Transports et Entreposage
RDS_DICT_INDICATORS_NSO,Indicateurs,28286749,Hébergement et Restauration
RDS_DICT_INDICATORS_NSO,Indicateurs,28286759,Information et communication
RDS_DICT_INDICATORS_NSO,Indicateurs,28286769,Activités financières et d'assurances
RDS_DICT_INDICATORS_NSO,Indicateurs,28286779,Activités immobilières
RDS_DICT_INDICATORS_NSO,Indicateurs,28286789,"Activités spécialisées, scientifiques et techniques"
RDS_DICT_INDICATORS_NSO,Indicateurs,28286799,Activités de services administratifs et de soutien
RDS_DICT_INDICATORS_NSO,Indicateurs,28286809,"Enseignement, Santé humaine et action sociale"
RDS_DICT_INDICATORS_NSO,Indicateurs,28286819,Réparation d'ordinateurs et de biens personnels et domestiques
RDS_DICT_INDICATORS_NSO,Indicateurs,28286829,Autres services personnels
RDS_DICT_INDICATORS_NSO,Indicateurs,28286839,Autres activités
RDS_DICT_INDICATORS_NSO,Indicateurs,28286469,Taille
RDS_DICT_INDICATORS_NSO,Indicateurs,28286849,0
RDS_DICT_INDICATORS_NSO,Indicateurs,28286859,[1-2]
RDS_DICT_INDICATORS_NSO,Indicateurs,28286869,[3-5]
RDS_DICT_INDICATORS_NSO,Indicateurs,28286879,[6-9]
RDS_DICT_INDICATORS_NSO,Indicateurs,28286889,[10-19]
RDS_DICT_INDICATORS_NSO,Indicateurs,28286899,[20-49]
RDS_DICT_INDICATORS_NSO,Indicateurs,28286909,[50-99]
RDS_DICT_INDICATORS_NSO,Indicateurs,28286919,>=100
RDS_DICT_INDICATORS_NSO,Indicateurs,28286929,200 et plus
RDS_DICT_INDICATORS_NSO,Indicateurs,28286479,Forme Juridique
RDS_DICT_INDICATORS_NSO,Indicateurs,28286939,Personne morale
RDS_DICT_INDICATORS_NSO,Indicateurs,28286979,Personne Physique
RDS_DICT_INDICATORS_NSO,Indicateurs,28286489,Nationalité
RDS_DICT_INDICATORS_NSO,Indicateurs,28286989,Tunisienne
RDS_DICT_INDICATORS_NSO,Indicateurs,28286999,Etrangère
RDS_DICT_INDICATORS_NSO,Indicateurs,28286499,Régime
RDS_DICT_INDICATORS_NSO,Indicateurs,28287009,Onshore
RDS_DICT_INDICATORS_NSO,Indicateurs,28287019,OffShore
RDS_DICT_INDICATORS_NSO,Indicateurs,28287589,Survie et création d'emploi de la génération 2005
RDS_DICT_INDICATORS_NSO,Indicateurs,28287599,Nombre d'entreprises
RDS_DICT_INDICATORS_NSO,Indicateurs,28287609,Taux de survie
RDS_DICT_INDICATORS_NSO,Indicateurs,28287619,Nombres de salariés
RDS_DICT_INDICATORS_NSO,Indicateurs,28287629,Nombre d'employés
RDS_DICT_INDICATORS_NSO,Indicateurs,28286509,Evolution de la génération 2010
RDS_DICT_INDICATORS_NSO,Indicateurs,28287029,Secteur d'activité
RDS_DICT_INDICATORS_NSO,Indicateurs,28287079,"Agriculture, Sylviculture et Pêche"
RDS_DICT_INDICATORS_NSO,Indicateurs,28287089,Industrie
RDS_DICT_INDICATORS_NSO,Indicateurs,28287099,Industries extractives
RDS_DICT_INDICATORS_NSO,Indicateurs,28287109,Industries alimentaires et de boissons
RDS_DICT_INDICATORS_NSO,Indicateurs,28287119,Industrie de Textiles et d'Habillement
RDS_DICT_INDICATORS_NSO,Indicateurs,28287129,Industrie du cuir et de la chaussure
RDS_DICT_INDICATORS_NSO,Indicateurs,28287139,"Travail du bois et fabrication d'articles en bois et en liège, à l'exception des meubles; fabrication d'articles en vannerie et sparterie"
RDS_DICT_INDICATORS_NSO,Indicateurs,28287149,Industrie du papier et du carton; Imprimerie et reproduction d'enregistrements
RDS_DICT_INDICATORS_NSO,Indicateurs,28287159,Industrie chimique et pharmaceutique
RDS_DICT_INDICATORS_NSO,Indicateurs,28287169,Fabrication de produits en caoutchouc et en plastique
RDS_DICT_INDICATORS_NSO,Indicateurs,28287179,Fabrication d'autres produits minéraux non métalliques
RDS_DICT_INDICATORS_NSO,Indicateurs,28287189,"Métallurgie; Fabrication de produits métalliques, à l'exception des machines et des équipements"
RDS_DICT_INDICATORS_NSO,Indicateurs,28287199,"Fabrication de produits informatiques, électroniques et optiques; Fabrication d'équipements électriques, de machines et équipements n.c.a"
RDS_DICT_INDICATORS_NSO,Indicateurs,28287209,Industrie automobile et d'autres matériels de transport
RDS_DICT_INDICATORS_NSO,Indicateurs,28287219,Fabrication de meubles
RDS_DICT_INDICATORS_NSO,Indicateurs,28287229,Réparation et installation de machines et d'équipements
RDS_DICT_INDICATORS_NSO,Indicateurs,28287239,Autres industries manufacturières
RDS_DICT_INDICATORS_NSO,Indicateurs,28287249,Construction
RDS_DICT_INDICATORS_NSO,Indicateurs,28287259,"Commerce, réparation d’automobiles et de motocycles"
RDS_DICT_INDICATORS_NSO,Indicateurs,28287269,Commerce et réparation d'automobiles et de motocycles
RDS_DICT_INDICATORS_NSO,Indicateurs,28287279,"Commerce de gros, à l'exception des automobiles et des motocycles"
RDS_DICT_INDICATORS_NSO,Indicateurs,28287289,"Commerce de détail, à l'exception des automobiles et des motocycles"
RDS_DICT_INDICATORS_NSO,Indicateurs,28287299,Transports et Entreposage
RDS_DICT_INDICATORS_NSO,Indicateurs,28287309,Hébergement et Restauration
RDS_DICT_INDICATORS_NSO,Indicateurs,28287319,Information et communication
RDS_DICT_INDICATORS_NSO,Indicateurs,28287329,Activités financières et d'assurances
RDS_DICT_INDICATORS_NSO,Indicateurs,28287339,Activités immobilières
RDS_DICT_INDICATORS_NSO,Indicateurs,28287349,"Activités spécialisées, scientifiques et techniques"
RDS_DICT_INDICATORS_NSO,Indicateurs,28287359,Activités de services administratifs et de soutien
RDS_DICT_INDICATORS_NSO,Indicateurs,28287369,"Enseignement, Santé humaine et action sociale"
RDS_DICT_INDICATORS_NSO,Indicateurs,28287379,Réparation d'ordinateurs et de biens personnels et domestiques
RDS_DICT_INDICATORS_NSO,Indicateurs,28287389,Autres services personnels
RDS_DICT_INDICATORS_NSO,Indicateurs,28287399,Autres activités
RDS_DICT_INDICATORS_NSO,Indicateurs,28287039,Taille
RDS_DICT_INDICATORS_NSO,Indicateurs,28287409,0
RDS_DICT_INDICATORS_NSO,Indicateurs,28287419,[1-2]
RDS_DICT_INDICATORS_NSO,Indicateurs,28287429,[3-5]
RDS_DICT_INDICATORS_NSO,Indicateurs,28287439,[6-9]
RDS_DICT_INDICATORS_NSO,Indicateurs,28287449,[10-19]
RDS_DICT_INDICATORS_NSO,Indicateurs,28287459,[20-49]
RDS_DICT_INDICATORS_NSO,Indicateurs,28287469,[50-99]
RDS_DICT_INDICATORS_NSO,Indicateurs,28287479,>=100
RDS_DICT_INDICATORS_NSO,Indicateurs,28287489,200 et plus
RDS_DICT_INDICATORS_NSO,Indicateurs,28287049,Forme Juridique
RDS_DICT_INDICATORS_NSO,Indicateurs,28287499,Personne morale
RDS_DICT_INDICATORS_NSO,Indicateurs,28287539,Personne Physique
RDS_DICT_INDICATORS_NSO,Indicateurs,28287059,Nationalité
RDS_DICT_INDICATORS_NSO,Indicateurs,28287549,Tunisienne
RDS_DICT_INDICATORS_NSO,Indicateurs,28287559,Etrangère
RDS_DICT_INDICATORS_NSO,Indicateurs,28287069,Régime
RDS_DICT_INDICATORS_NSO,Indicateurs,28287569,Onshore
RDS_DICT_INDICATORS_NSO,Indicateurs,28287579,OffShore
RDS_DICT_INDICATORS_NSO,Indicateurs,28287639,Survie et création d'emploi de la génération 2010
RDS_DICT_INDICATORS_NSO,Indicateurs,28287649,Nombre d'entreprises
RDS_DICT_INDICATORS_NSO,Indicateurs,28287659,Taux de survie
RDS_DICT_INDICATORS_NSO,Indicateurs,28287669,Nombres de salariés
RDS_DICT_INDICATORS_NSO,Indicateurs,28287679,Nombre d'employés
RDS_DICT_INDICATORS_NSO,Indicateurs,28752059,Evolution de la génération 2015
RDS_DICT_INDICATORS_NSO,Indicateurs,28752069,Secteur d'activité
RDS_DICT_INDICATORS_NSO,Indicateurs,28752079,"Agriculture, Sylviculture et Pêche"
RDS_DICT_INDICATORS_NSO,Indicateurs,28752089,Industrie
RDS_DICT_INDICATORS_NSO,Indicateurs,28752099,Industries extractives
RDS_DICT_INDICATORS_NSO,Indicateurs,28752109,Industries alimentaires et de boissons
RDS_DICT_INDICATORS_NSO,Indicateurs,28752119,Industrie de Textiles et d'Habillement
RDS_DICT_INDICATORS_NSO,Indicateurs,28752129,Industrie du cuir et de la chaussure
RDS_DICT_INDICATORS_NSO,Indicateurs,28752139,"Travail du bois et fabrication d'articles en bois et en liège, à l'exception des meubles; fabrication d'articles en vannerie et sparterie"
RDS_DICT_INDICATORS_NSO,Indicateurs,28752149,Industrie du papier et du carton; Imprimerie et reproduction d'enregistrements
RDS_DICT_INDICATORS_NSO,Indicateurs,28752159,Industrie chimique et pharmaceutique
RDS_DICT_INDICATORS_NSO,Indicateurs,28752169,Fabrication de produits en caoutchouc et en plastique
RDS_DICT_INDICATORS_NSO,Indicateurs,28752179,Fabrication d'autres produits minéraux non métalliques
RDS_DICT_INDICATORS_NSO,Indicateurs,28752189,"Métallurgie; Fabrication de produits métalliques, à l'exception des machines et des équipements"
RDS_DICT_INDICATORS_NSO,Indicateurs,28752199,"Fabrication de produits informatiques, électroniques et optiques; Fabrication d'équipements électriques, de machines et équipements n.c.a"
RDS_DICT_INDICATORS_NSO,Indicateurs,28752209,Industrie automobile et d'autres matériels de transport
RDS_DICT_INDICATORS_NSO,Indicateurs,28752219,Fabrication de meubles
RDS_DICT_INDICATORS_NSO,Indicateurs,28752229,Réparation et installation de machines et d'équipements
RDS_DICT_INDICATORS_NSO,Indicateurs,28752239,Autres industries manufacturières
RDS_DICT_INDICATORS_NSO,Indicateurs,28752249,Construction
RDS_DICT_INDICATORS_NSO,Indicateurs,28752259,"Commerce, réparation d’automobiles et de motocycles"
RDS_DICT_INDICATORS_NSO,Indicateurs,28752269,Commerce et réparation d'automobiles et de motocycles
RDS_DICT_INDICATORS_NSO,Indicateurs,28752279,"Commerce de gros, à l'exception des automobiles et des motocycles"
RDS_DICT_INDICATORS_NSO,Indicateurs,28752289,"Commerce de détail, à l'exception des automobiles et des motocycles"
RDS_DICT_INDICATORS_NSO,Indicateurs,28752299,Transports et Entreposage
RDS_DICT_INDICATORS_NSO,Indicateurs,28752309,Hébergement et Restauration
RDS_DICT_INDICATORS_NSO,Indicateurs,28752319,Information et communication
RDS_DICT_INDICATORS_NSO,Indicateurs,28752329,Activités financières et d'assurances
RDS_DICT_INDICATORS_NSO,Indicateurs,28752339,Activités immobilières
RDS_DICT_INDICATORS_NSO,Indicateurs,28752349,"Activités spécialisées, scientifiques et techniques"
RDS_DICT_INDICATORS_NSO,Indicateurs,28752359,Activités de services administratifs et de soutien
RDS_DICT_INDICATORS_NSO,Indicateurs,28752369,"Enseignement, Santé humaine et action sociale"
RDS_DICT_INDICATORS_NSO,Indicateurs,28752379,Réparation d'ordinateurs et de biens personnels et domestiques
RDS_DICT_INDICATORS_NSO,Indicateurs,28752389,Autres services personnels
RDS_DICT_INDICATORS_NSO,Indicateurs,28752399,Autres activités
RDS_DICT_INDICATORS_NSO,Indicateurs,28752409,Taille
RDS_DICT_INDICATORS_NSO,Indicateurs,28752419,0
RDS_DICT_INDICATORS_NSO,Indicateurs,28752429,[1-2]
RDS_DICT_INDICATORS_NSO,Indicateurs,28752439,[3-5]
RDS_DICT_INDICATORS_NSO,Indicateurs,28752449,[6-9]
RDS_DICT_INDICATORS_NSO,Indicateurs,28752459,[10-19]
RDS_DICT_INDICATORS_NSO,Indicateurs,28752469,[20-49]
RDS_DICT_INDICATORS_NSO,Indicateurs,28752479,[50-99]
RDS_DICT_INDICATORS_NSO,Indicateurs,28752489,>=100
RDS_DICT_INDICATORS_NSO,Indicateurs,28752509,Forme Juridique
RDS_DICT_INDICATORS_NSO,Indicateurs,28752519,Personne morale
RDS_DICT_INDICATORS_NSO,Indicateurs,28752559,Personne Physique
RDS_DICT_INDICATORS_NSO,Indicateurs,28752569,Nationalité
RDS_DICT_INDICATORS_NSO,Indicateurs,28752579,Tunisienne
RDS_DICT_INDICATORS_NSO,Indicateurs,28752589,Etrangère
RDS_DICT_INDICATORS_NSO,Indicateurs,28752599,Régime
RDS_DICT_INDICATORS_NSO,Indicateurs,28752609,Onshore
RDS_DICT_INDICATORS_NSO,Indicateurs,28752619,OffShore
RDS_DICT_INDICATORS_NSO,Indicateurs,28752629,Survie et création d'emploi de la génération 2015
RDS_DICT_INDICATORS_NSO,Indicateurs,28752639,Nombre d'entreprises
RDS_DICT_INDICATORS_NSO,Indicateurs,28752649,Taux de survie
RDS_DICT_INDICATORS_NSO,Indicateurs,28752659,Nombres de salariés
RDS_DICT_INDICATORS_NSO,Indicateurs,28752669,Nombre d'employés
RDS_DICT_INDICATORS_NSO,Indicateurs,11921216,Environnement
RDS_DICT_INDICATORS_NSO,Indicateurs,22510016,Biodiversité
RDS_DICT_INDICATORS_NSO,Indicateurs,22510116,Parcs et réserves protégés
RDS_DICT_INDICATORS_NSO,Indicateurs,22510216,Surface totale des parcs et réserves protégés
RDS_DICT_INDICATORS_NSO,Indicateurs,22510316,Part du territoire national protégé
RDS_DICT_INDICATORS_NSO,Indicateurs,22510416,Nombre d'espèces connues
RDS_DICT_INDICATORS_NSO,Indicateurs,22510516,Mammifères
RDS_DICT_INDICATORS_NSO,Indicateurs,22510616,Oiseaux
RDS_DICT_INDICATORS_NSO,Indicateurs,22510716,Reptiles
RDS_DICT_INDICATORS_NSO,Indicateurs,22510816,Amphibiens
RDS_DICT_INDICATORS_NSO,Indicateurs,22510916,Poissons
RDS_DICT_INDICATORS_NSO,Indicateurs,22511016,Invertébrés
RDS_DICT_INDICATORS_NSO,Indicateurs,22511116,Plantes vasculaires
RDS_DICT_INDICATORS_NSO,Indicateurs,22511216,Pourcentage des espèces menacées
RDS_DICT_INDICATORS_NSO,Indicateurs,22511316,Mammifères menacés
RDS_DICT_INDICATORS_NSO,Indicateurs,22511416,Oiseaux menacés
RDS_DICT_INDICATORS_NSO,Indicateurs,22511516,Reptiles menacés
RDS_DICT_INDICATORS_NSO,Indicateurs,22511616,Amphibiens menacés
RDS_DICT_INDICATORS_NSO,Indicateurs,22511716,Poissons menacés
RDS_DICT_INDICATORS_NSO,Indicateurs,22511916,Plantes vasculaires menacées
RDS_DICT_INDICATORS_NSO,Indicateurs,22512016,Sols et forêts
RDS_DICT_INDICATORS_NSO,Indicateurs,22512116,Utilisation  des sols
RDS_DICT_INDICATORS_NSO,Indicateurs,27663539,Terrains bâtis et terrains connexes
RDS_DICT_INDICATORS_NSO,Indicateurs,22512316,Terres agricoles totales
RDS_DICT_INDICATORS_NSO,Indicateurs,22513316,Terres labourables
RDS_DICT_INDICATORS_NSO,Indicateurs,22513416,Terres consacrées à des cultures permanentes
RDS_DICT_INDICATORS_NSO,Indicateurs,22513516,Terres consacrées aux prairies et pâturages permanents
RDS_DICT_INDICATORS_NSO,Indicateurs,27947329,Terres agricoles irriguées
RDS_DICT_INDICATORS_NSO,Indicateurs,22512416,Total des forêts et terrains boisés
RDS_DICT_INDICATORS_NSO,Indicateurs,22512916,Incendies des Forêts
RDS_DICT_INDICATORS_NSO,Indicateurs,22513116,Nombre d'incendies
RDS_DICT_INDICATORS_NSO,Indicateurs,22513216,Surface
RDS_DICT_INDICATORS_NSO,Indicateurs,22512516,Superficies reboisées et des plantations pastorales
RDS_DICT_INDICATORS_NSO,Indicateurs,22512616,Superficie du Reboisement forestier
RDS_DICT_INDICATORS_NSO,Indicateurs,22514116,Taux de réussite
RDS_DICT_INDICATORS_NSO,Indicateurs,22512716,Superficie de la Plantation pastorale
RDS_DICT_INDICATORS_NSO,Indicateurs,22514316,Taux de réussite
RDS_DICT_INDICATORS_NSO,Indicateurs,22512816,Taux de couverture
RDS_DICT_INDICATORS_NSO,Indicateurs,22525516,Statistiques des déchêts
RDS_DICT_INDICATORS_NSO,Indicateurs,27543989,Production de déchets par secteurs
RDS_DICT_INDICATORS_NSO,Indicateurs,27543999,Agriculture et sylviculture
RDS_DICT_INDICATORS_NSO,Indicateurs,27544009,Activités industrielles
RDS_DICT_INDICATORS_NSO,Indicateurs,27544029,Industries manufacturières
RDS_DICT_INDICATORS_NSO,Indicateurs,27544039,Production d'énergie
RDS_DICT_INDICATORS_NSO,Indicateurs,27544049,Construction
RDS_DICT_INDICATORS_NSO,Indicateurs,27544069,Déchets municipaux
RDS_DICT_INDICATORS_NSO,Indicateurs,27544079,dont déchets ménagers
RDS_DICT_INDICATORS_NSO,Indicateurs,27544089,Total des déchets produits
RDS_DICT_INDICATORS_NSO,Indicateurs,27544099,dont déchets dangereux
RDS_DICT_INDICATORS_NSO,Indicateurs,27544109,Déchets municipaux par habitants
RDS_DICT_INDICATORS_NSO,Indicateurs,27544119,Gestion des déchets municipaux
RDS_DICT_INDICATORS_NSO,Indicateurs,27544129,Déchets municipaux collectés
RDS_DICT_INDICATORS_NSO,Indicateurs,27544139,Déchets municipaux importés pour traitement/élimination
RDS_DICT_INDICATORS_NSO,Indicateurs,27544149,Déchets municipaux exportés pour traitement/élimination
RDS_DICT_INDICATORS_NSO,Indicateurs,27544159,Déchets municipaux gérés dans le pays
RDS_DICT_INDICATORS_NSO,Indicateurs,27544169,Recyclés
RDS_DICT_INDICATORS_NSO,Indicateurs,27544179,Compostés
RDS_DICT_INDICATORS_NSO,Indicateurs,27544209,Mis en décharge
RDS_DICT_INDICATORS_NSO,Indicateurs,27544219,Mis en décharge controlée
RDS_DICT_INDICATORS_NSO,Indicateurs,27544239,Pourcentage de la population totale desservie par la collecte des déchets municipaux
RDS_DICT_INDICATORS_NSO,Indicateurs,27544249,Pourcentage de la population urbaine desservie par la collecte des déchets municipaux
RDS_DICT_INDICATORS_NSO,Indicateurs,27544259,Pourcentage de la population rurale desservie par la collecte des déchets municipaux
RDS_DICT_INDICATORS_NSO,Indicateurs,27544269,Composition des déchets municipaux
RDS_DICT_INDICATORS_NSO,Indicateurs,27544279,Papiers et cartons
RDS_DICT_INDICATORS_NSO,Indicateurs,27544289,Textiles
RDS_DICT_INDICATORS_NSO,Indicateurs,27544299,Matières plastiques
RDS_DICT_INDICATORS_NSO,Indicateurs,27544309,Verre
RDS_DICT_INDICATORS_NSO,Indicateurs,27544319,Métaux
RDS_DICT_INDICATORS_NSO,Indicateurs,27544329,Matières organiques
RDS_DICT_INDICATORS_NSO,Indicateurs,27544339,Autres déchets inorganiques
RDS_DICT_INDICATORS_NSO,Indicateurs,27544349,Gestion des déchets dangereux
RDS_DICT_INDICATORS_NSO,Indicateurs,27544359,Production de déchets dangereux
RDS_DICT_INDICATORS_NSO,Indicateurs,27544369,Déchets importés
RDS_DICT_INDICATORS_NSO,Indicateurs,27544379,Dechets exportés
RDS_DICT_INDICATORS_NSO,Indicateurs,27544389,Déchets dangereux à gérér dans le pays
RDS_DICT_INDICATORS_NSO,Indicateurs,27544399,Recyclés
RDS_DICT_INDICATORS_NSO,Indicateurs,27544439,Installations de traitement des déchets
RDS_DICT_INDICATORS_NSO,Indicateurs,27544449,Nombre des Centres de traitement
RDS_DICT_INDICATORS_NSO,Indicateurs,27544509,Nombre de décharges
RDS_DICT_INDICATORS_NSO,Indicateurs,27544529,Nombre de décharges controlées
RDS_DICT_INDICATORS_NSO,Indicateurs,27544549,Nombre d'Autres installations
RDS_DICT_INDICATORS_NSO,Indicateurs,22529316,Statistiques sur la pollution de l'air
RDS_DICT_INDICATORS_NSO,Indicateurs,27946839,Emissions de gaz à effet de serre (GES) dans le secteur d'énergie
RDS_DICT_INDICATORS_NSO,Indicateurs,27946849,Emission de dioxyde de carbone (CO2) dans le secteur de l'énergie
RDS_DICT_INDICATORS_NSO,Indicateurs,27946859,Industries du secteur de l'énergie
RDS_DICT_INDICATORS_NSO,Indicateurs,27946869,Industries manufacturières et Construction
RDS_DICT_INDICATORS_NSO,Indicateurs,27946879,Transports
RDS_DICT_INDICATORS_NSO,Indicateurs,27946889,Autres secteurs
RDS_DICT_INDICATORS_NSO,Indicateurs,27946899,Autre
RDS_DICT_INDICATORS_NSO,Indicateurs,27946909,Emissions d'oxyde nitreux (N2O) dans le secteur d'énergie
RDS_DICT_INDICATORS_NSO,Indicateurs,27946919,Emissions fugitives de méthane (CH4)
RDS_DICT_INDICATORS_NSO,Indicateurs,27946929,Emissions d'oxydes d'azote (NOx) dans le secteur d'énergie
RDS_DICT_INDICATORS_NSO,Indicateurs,27946939,Industries du secteur de l'énergie
RDS_DICT_INDICATORS_NSO,Indicateurs,27946949,Industries manufacturières et Construction
RDS_DICT_INDICATORS_NSO,Indicateurs,27946959,Transports
RDS_DICT_INDICATORS_NSO,Indicateurs,27946969,Autres secteurs
RDS_DICT_INDICATORS_NSO,Indicateurs,27946979,Parc véhicules
RDS_DICT_INDICATORS_NSO,Indicateurs,27946989,Véhicules à essence
RDS_DICT_INDICATORS_NSO,Indicateurs,27946999,Véhicules à moteur diesel
RDS_DICT_INDICATORS_NSO,Indicateurs,27947009,Autres véhicules
RDS_DICT_INDICATORS_NSO,Indicateurs,27528119,Statistiques de l'eau
RDS_DICT_INDICATORS_NSO,Indicateurs,27528129,Ressources en eau douce
RDS_DICT_INDICATORS_NSO,Indicateurs,27528139,Précipitations
RDS_DICT_INDICATORS_NSO,Indicateurs,27528149,Evapotranspiration réelle
RDS_DICT_INDICATORS_NSO,Indicateurs,27966109,Flux interne
RDS_DICT_INDICATORS_NSO,Indicateurs,27966129,Ressources Renouvelables en eau douce
RDS_DICT_INDICATORS_NSO,Indicateurs,27529069,Ressources régulières en eau douce 95 % du temps
RDS_DICT_INDICATORS_NSO,Indicateurs,27528159,Eaux disponibles pour prélèvement annuel
RDS_DICT_INDICATORS_NSO,Indicateurs,27528169,Eaux de surface
RDS_DICT_INDICATORS_NSO,Indicateurs,27529839,Eaux souterraines
RDS_DICT_INDICATORS_NSO,Indicateurs,27528179,Eaux souterraines renouvelables
RDS_DICT_INDICATORS_NSO,Indicateurs,27528189,Eaux souterraines non renouvelables
RDS_DICT_INDICATORS_NSO,Indicateurs,27528199,Nappes phréatiques
RDS_DICT_INDICATORS_NSO,Indicateurs,27528209,Nappes profondes
RDS_DICT_INDICATORS_NSO,Indicateurs,27529079,Bilan hydrologique
RDS_DICT_INDICATORS_NSO,Indicateurs,27529089,Volume brut d'eau douce prélevé
RDS_DICT_INDICATORS_NSO,Indicateurs,27529099,Eaux restituées à l'environnement sans avoir été utilisées
RDS_DICT_INDICATORS_NSO,Indicateurs,27529109,Volume net d'eau douce prélevé
RDS_DICT_INDICATORS_NSO,Indicateurs,27529119,Eau dessalée
RDS_DICT_INDICATORS_NSO,Indicateurs,27529129,Eau réutilisée
RDS_DICT_INDICATORS_NSO,Indicateurs,27529139,Volume total d'eau douce rendue utilisable
RDS_DICT_INDICATORS_NSO,Indicateurs,27529149,Pertes résultant de fuites survenues en cours de transport
RDS_DICT_INDICATORS_NSO,Indicateurs,27529159,Production d'eaux usées
RDS_DICT_INDICATORS_NSO,Indicateurs,27529169,Evapotranspiration
RDS_DICT_INDICATORS_NSO,Indicateurs,27528219,Prélévement des eaux
RDS_DICT_INDICATORS_NSO,Indicateurs,27529259,Volume brut d'eau douce de surface prélevé
RDS_DICT_INDICATORS_NSO,Indicateurs,27529199,Volume d'eau prélevé par les services d'alimentation en eau
RDS_DICT_INDICATORS_NSO,Indicateurs,27528669,Prélévement des eaux par la SONEDE
RDS_DICT_INDICATORS_NSO,Indicateurs,27528679,Eaux de surface
RDS_DICT_INDICATORS_NSO,Indicateurs,27528689,Eaux souterraines
RDS_DICT_INDICATORS_NSO,Indicateurs,27529209,Autres services
RDS_DICT_INDICATORS_NSO,Indicateurs,27529219,"Volume d'eau prélevé directement, par agent ou activité économique"
RDS_DICT_INDICATORS_NSO,Indicateurs,27529229,"Agriculture, sylviculture et pêche"
RDS_DICT_INDICATORS_NSO,Indicateurs,27529239,Industries manufacturières
RDS_DICT_INDICATORS_NSO,Indicateurs,27529249,Autres activités ou agents économiques
RDS_DICT_INDICATORS_NSO,Indicateurs,27529269,Volume brut d'eaux douces souterraines prélevé
RDS_DICT_INDICATORS_NSO,Indicateurs,27528229,Eaux souterraines par source
RDS_DICT_INDICATORS_NSO,Indicateurs,27528239,Nappes phréatiques
RDS_DICT_INDICATORS_NSO,Indicateurs,27528249,Nappes profondes
RDS_DICT_INDICATORS_NSO,Indicateurs,27528419,Agriculture
RDS_DICT_INDICATORS_NSO,Indicateurs,27528429,"RS<1,5 g/l"
RDS_DICT_INDICATORS_NSO,Indicateurs,27528439,"1,5<RS<3g/l"
RDS_DICT_INDICATORS_NSO,Indicateurs,27528449,3<RS<5g/l
RDS_DICT_INDICATORS_NSO,Indicateurs,27528459,"5<RS<7,5g/l"
RDS_DICT_INDICATORS_NSO,Indicateurs,27528469,"RS>7,5 g/l"
RDS_DICT_INDICATORS_NSO,Indicateurs,27528479,Industrie
RDS_DICT_INDICATORS_NSO,Indicateurs,27528489,"RS<1,5 g/l"
RDS_DICT_INDICATORS_NSO,Indicateurs,27528499,"1,5<RS<3g/l"
RDS_DICT_INDICATORS_NSO,Indicateurs,27528509,3<RS<5g/l
RDS_DICT_INDICATORS_NSO,Indicateurs,27528519,"5<RS<7,5g/l"
RDS_DICT_INDICATORS_NSO,Indicateurs,27528529,"RS>7,5 g/l"
RDS_DICT_INDICATORS_NSO,Indicateurs,27528539,Hôtellerie
RDS_DICT_INDICATORS_NSO,Indicateurs,27528549,"RS<1,5 g/l"
RDS_DICT_INDICATORS_NSO,Indicateurs,27528559,"1,5<RS<3g/l"
RDS_DICT_INDICATORS_NSO,Indicateurs,27528569,3<RS<5g/l
RDS_DICT_INDICATORS_NSO,Indicateurs,27528579,"5<RS<7,5g/l"
RDS_DICT_INDICATORS_NSO,Indicateurs,27528589,"RS>7,5 g/l"
RDS_DICT_INDICATORS_NSO,Indicateurs,27528599,Eau potable
RDS_DICT_INDICATORS_NSO,Indicateurs,27528609,"RS<1,5 g/l"
RDS_DICT_INDICATORS_NSO,Indicateurs,27528619,"1,5<RS<3g/l"
RDS_DICT_INDICATORS_NSO,Indicateurs,27528629,3<RS<5g/l
RDS_DICT_INDICATORS_NSO,Indicateurs,27528639,"5<RS<7,5g/l"
RDS_DICT_INDICATORS_NSO,Indicateurs,27528299,Eaux souterraines par type et par secteur d'exploitation
RDS_DICT_INDICATORS_NSO,Indicateurs,27528309,Eaux souterraines renouvelables
RDS_DICT_INDICATORS_NSO,Indicateurs,27528319,Agriculture
RDS_DICT_INDICATORS_NSO,Indicateurs,27528329,Industrie
RDS_DICT_INDICATORS_NSO,Indicateurs,27528339,Hôtellerie
RDS_DICT_INDICATORS_NSO,Indicateurs,27528349,Eau potable
RDS_DICT_INDICATORS_NSO,Indicateurs,27528359,Eaux souterraines non renouvelables
RDS_DICT_INDICATORS_NSO,Indicateurs,27528369,Agriculture
RDS_DICT_INDICATORS_NSO,Indicateurs,27528379,Industrie
RDS_DICT_INDICATORS_NSO,Indicateurs,27528389,Hôtellerie
RDS_DICT_INDICATORS_NSO,Indicateurs,27528399,Eau potable
RDS_DICT_INDICATORS_NSO,Indicateurs,27529279,Approvisionnement public
RDS_DICT_INDICATORS_NSO,Indicateurs,27529289,Volume brut d'eau douce fourni par les services d'alimentation en eau (CITI rev4 36)
RDS_DICT_INDICATORS_NSO,Indicateurs,27529299,Pertes totales d'eau douce durant le transport
RDS_DICT_INDICATORS_NSO,Indicateurs,27528819,Taux de perte des eaux
RDS_DICT_INDICATORS_NSO,Indicateurs,27529309,Volume net d'eau douce fourni par les services d'alimentation en eau
RDS_DICT_INDICATORS_NSO,Indicateurs,27700149,Ménages
RDS_DICT_INDICATORS_NSO,Indicateurs,27700159,Ménages branchés
RDS_DICT_INDICATORS_NSO,Indicateurs,27700169,Ménages non branchés
RDS_DICT_INDICATORS_NSO,Indicateurs,27700179,"Agriculture, sylviculture et pêche"
RDS_DICT_INDICATORS_NSO,Indicateurs,27700189,collectivité
RDS_DICT_INDICATORS_NSO,Indicateurs,27700199,Industrie
RDS_DICT_INDICATORS_NSO,Indicateurs,27700209,Tourisme
RDS_DICT_INDICATORS_NSO,Indicateurs,27700219,Autres activités ou agents économiques
RDS_DICT_INDICATORS_NSO,Indicateurs,27529359,Pourcentage de la population alimentée par les services d'approvisionnement public
RDS_DICT_INDICATORS_NSO,Indicateurs,27528829,Les services d'eaux potables
RDS_DICT_INDICATORS_NSO,Indicateurs,27528699,Production des eaux par la SONEDE
RDS_DICT_INDICATORS_NSO,Indicateurs,27528709,Eaux de surface
RDS_DICT_INDICATORS_NSO,Indicateurs,27528719,Eaux souterraines
RDS_DICT_INDICATORS_NSO,Indicateurs,27528729,Eaux dessalées
RDS_DICT_INDICATORS_NSO,Indicateurs,27528839,Nombre d'abonnés de la SONEDE
RDS_DICT_INDICATORS_NSO,Indicateurs,27528849,Ménages branchés
RDS_DICT_INDICATORS_NSO,Indicateurs,27528859,Ménages non branchés
RDS_DICT_INDICATORS_NSO,Indicateurs,27528869,collectivité
RDS_DICT_INDICATORS_NSO,Indicateurs,27528879,Industrie
RDS_DICT_INDICATORS_NSO,Indicateurs,27528889,Tourisme
RDS_DICT_INDICATORS_NSO,Indicateurs,27528899,Autres usages
RDS_DICT_INDICATORS_NSO,Indicateurs,27528909,Evolution de la consommation unitaire annuelle d'eau potable par abonné
RDS_DICT_INDICATORS_NSO,Indicateurs,27528919,Ménages branchés
RDS_DICT_INDICATORS_NSO,Indicateurs,27528929,Ménages non branchés
RDS_DICT_INDICATORS_NSO,Indicateurs,27528939,collectivité
RDS_DICT_INDICATORS_NSO,Indicateurs,27528949,Industrie
RDS_DICT_INDICATORS_NSO,Indicateurs,27528959,Tourisme
RDS_DICT_INDICATORS_NSO,Indicateurs,27528969,Autres usages
RDS_DICT_INDICATORS_NSO,Indicateurs,27528979,Evolution de la consommation spécifique journalière d'eau potable par habitant desservi
RDS_DICT_INDICATORS_NSO,Indicateurs,27528989,Ménages branchés
RDS_DICT_INDICATORS_NSO,Indicateurs,27528999,Ménages non branchés
RDS_DICT_INDICATORS_NSO,Indicateurs,27529009,collectivité
RDS_DICT_INDICATORS_NSO,Indicateurs,27529019,Industrie
RDS_DICT_INDICATORS_NSO,Indicateurs,27529029,Tourisme (lit exploité)
RDS_DICT_INDICATORS_NSO,Indicateurs,27529039,Tourisme (lit occupé)
RDS_DICT_INDICATORS_NSO,Indicateurs,27529049,Autres usages
RDS_DICT_INDICATORS_NSO,Indicateurs,27529369,Utilisation totale des eaux
RDS_DICT_INDICATORS_NSO,Indicateurs,27529379,Ménages
RDS_DICT_INDICATORS_NSO,Indicateurs,27528749,Ménages branchés
RDS_DICT_INDICATORS_NSO,Indicateurs,27528759,Ménages non branchés
RDS_DICT_INDICATORS_NSO,Indicateurs,27529389,"Agriculture, sylviculture et pêche"
RDS_DICT_INDICATORS_NSO,Indicateurs,27529409,Industrie
RDS_DICT_INDICATORS_NSO,Indicateurs,27529419,Autres agents économiques
RDS_DICT_INDICATORS_NSO,Indicateurs,27528769,collectivité
RDS_DICT_INDICATORS_NSO,Indicateurs,27528789,Tourisme
RDS_DICT_INDICATORS_NSO,Indicateurs,27529429,Assainissement
RDS_DICT_INDICATORS_NSO,Indicateurs,27529439,Rejets totaux d'eaux en terme de volume
RDS_DICT_INDICATORS_NSO,Indicateurs,27529449,Total des eaux usées raccordées aux réseaux d'assainissement publics par secteur
RDS_DICT_INDICATORS_NSO,Indicateurs,27529459,Total des eaux usées produites par le secteur domestique raccordées aux réseaux d'assainissement public
RDS_DICT_INDICATORS_NSO,Indicateurs,27529469,Eaux usées industrielles et touristiques produites raccordées aux réseaux d'assainissement publics
RDS_DICT_INDICATORS_NSO,Indicateurs,27529479,Total des eaux usées raccordées aux réseaux d'assainissement publics par quantités traitées
RDS_DICT_INDICATORS_NSO,Indicateurs,27529489,Quantité d'eaux traitées en terme de volume
RDS_DICT_INDICATORS_NSO,Indicateurs,27529499,Quantité d'eaux non traitées en terme de volume
RDS_DICT_INDICATORS_NSO,Indicateurs,27529509,Rejets totaux d'eaux selon la demande biologique d'oxygène
RDS_DICT_INDICATORS_NSO,Indicateurs,27529519,Total des eaux usées raccordées aux réseaux d'assainissement publics par secteur
RDS_DICT_INDICATORS_NSO,Indicateurs,27529529,Total des eaux usées produites par le secteur domestique raccordées aux réseaux d'assainissement public
RDS_DICT_INDICATORS_NSO,Indicateurs,27529539,Eaux usées industrielles et touristiques produites raccordées aux réseaux d'assainissement publics
RDS_DICT_INDICATORS_NSO,Indicateurs,27529549,Total des eaux usées raccordées aux réseaux d'assainissement publics par quantités traitées
RDS_DICT_INDICATORS_NSO,Indicateurs,27529559,Quantité d'eaux traitées selon la demande biologique d'oxygène
RDS_DICT_INDICATORS_NSO,Indicateurs,27529569,Quantité d'eaux non traitées selon la demande biologique d'oxygène
RDS_DICT_INDICATORS_NSO,Indicateurs,27529579,Stations d'épuration et leur capacité
RDS_DICT_INDICATORS_NSO,Indicateurs,27529589,Nombre de stations
RDS_DICT_INDICATORS_NSO,Indicateurs,27529599,Nombre de stations dans les zones urbaines
RDS_DICT_INDICATORS_NSO,Indicateurs,27529609,Nombre de stations pour l'industrie
RDS_DICT_INDICATORS_NSO,Indicateurs,27529619,Nombre de Stations dans les zones rurales
RDS_DICT_INDICATORS_NSO,Indicateurs,27529629,Capacité théorique
RDS_DICT_INDICATORS_NSO,Indicateurs,27529639,Capacité théorique des stations dans les zones urbaines
RDS_DICT_INDICATORS_NSO,Indicateurs,27529649,Capacité théorique des stations pour l'industrie
RDS_DICT_INDICATORS_NSO,Indicateurs,27529659,Capacité théorique des stations dans les zones rurales
RDS_DICT_INDICATORS_NSO,Indicateurs,27529669,Techniques de traitement
RDS_DICT_INDICATORS_NSO,Indicateurs,27529679,Traitement biologique
RDS_DICT_INDICATORS_NSO,Indicateurs,27529689,Nombre de stations
RDS_DICT_INDICATORS_NSO,Indicateurs,27529699,Capacité théorique par volume
RDS_DICT_INDICATORS_NSO,Indicateurs,27529709,Occupation réelle par volume
RDS_DICT_INDICATORS_NSO,Indicateurs,27529719,Capacité théorique en terme de demande biologique d'oxygène
RDS_DICT_INDICATORS_NSO,Indicateurs,27529729,Occupation réelle en terme de demande biologique d'oxygène
RDS_DICT_INDICATORS_NSO,Indicateurs,27529739,Capacité théorique en terme d'équivalent habitants
RDS_DICT_INDICATORS_NSO,Indicateurs,27529749,Occupation réelle en terme d'équivalent habitants
RDS_DICT_INDICATORS_NSO,Indicateurs,27529759,Dénitrification
RDS_DICT_INDICATORS_NSO,Indicateurs,27529769,Nombre de stations
RDS_DICT_INDICATORS_NSO,Indicateurs,27529779,Capacité théorique
RDS_DICT_INDICATORS_NSO,Indicateurs,27529789,Occupation réelle
RDS_DICT_INDICATORS_NSO,Indicateurs,27529799,Déphosphorisation
RDS_DICT_INDICATORS_NSO,Indicateurs,27529809,Nombre de stations
RDS_DICT_INDICATORS_NSO,Indicateurs,27529819,Capacité théorique
RDS_DICT_INDICATORS_NSO,Indicateurs,27529829,Occupation réelle
RDS_DICT_INDICATORS_NSO,Indicateurs,11920616,Industrie
RDS_DICT_INDICATORS_NSO,Indicateurs,22329016,Production de l'Industrie agro-alimentaire
RDS_DICT_INDICATORS_NSO,Indicateurs,22329116,Industries laitières
RDS_DICT_INDICATORS_NSO,Indicateurs,22329716,Lait pasteurisé ou stérilisé
RDS_DICT_INDICATORS_NSO,Indicateurs,22329816,Fromages
RDS_DICT_INDICATORS_NSO,Indicateurs,22329916,Crème fraîche
RDS_DICT_INDICATORS_NSO,Indicateurs,22329216,Transformation des Grains
RDS_DICT_INDICATORS_NSO,Indicateurs,22330016,Production de la Farine
RDS_DICT_INDICATORS_NSO,Indicateurs,22330116,Semoule
RDS_DICT_INDICATORS_NSO,Indicateurs,22330216,Pâte alimentaire
RDS_DICT_INDICATORS_NSO,Indicateurs,22330316,Couscous
RDS_DICT_INDICATORS_NSO,Indicateurs,22330416,Farine panifiée
RDS_DICT_INDICATORS_NSO,Indicateurs,22330516,Consommation Farine
RDS_DICT_INDICATORS_NSO,Indicateurs,22330616,Consommation Semoule
RDS_DICT_INDICATORS_NSO,Indicateurs,22329316,Fabrication d'huile
RDS_DICT_INDICATORS_NSO,Indicateurs,22330716,Huiles d'olives
RDS_DICT_INDICATORS_NSO,Indicateurs,22329416,Conserveries
RDS_DICT_INDICATORS_NSO,Indicateurs,22330816,Concentré de tomates
RDS_DICT_INDICATORS_NSO,Indicateurs,22330916,Harissa
RDS_DICT_INDICATORS_NSO,Indicateurs,22331016,Conserves de poissons
RDS_DICT_INDICATORS_NSO,Indicateurs,22329516,Industrie du Sucre
RDS_DICT_INDICATORS_NSO,Indicateurs,22331116,Sucre de betterave
RDS_DICT_INDICATORS_NSO,Indicateurs,22331216,Sucre raffiné
RDS_DICT_INDICATORS_NSO,Indicateurs,22329616,Fabrication de Boissons alcoolisées
RDS_DICT_INDICATORS_NSO,Indicateurs,22331316,Vin
RDS_DICT_INDICATORS_NSO,Indicateurs,22331416,Bière
RDS_DICT_INDICATORS_NSO,Indicateurs,22331516,Production du Tabac
RDS_DICT_INDICATORS_NSO,Indicateurs,22331616,Cigares
RDS_DICT_INDICATORS_NSO,Indicateurs,22331716,Cigarillos
RDS_DICT_INDICATORS_NSO,Indicateurs,22331816,Cigarettes
RDS_DICT_INDICATORS_NSO,Indicateurs,22331916,Tabac à fumer
RDS_DICT_INDICATORS_NSO,Indicateurs,22332016,Poudre à priser
RDS_DICT_INDICATORS_NSO,Indicateurs,22332116,Production totale du tabac
RDS_DICT_INDICATORS_NSO,Indicateurs,22332216,Cِonsommation du Tabac et d'allumettes
RDS_DICT_INDICATORS_NSO,Indicateurs,22332316,Cigares
RDS_DICT_INDICATORS_NSO,Indicateurs,22332416,Cigarillos
RDS_DICT_INDICATORS_NSO,Indicateurs,22332516,Cigarettes de marques locales
RDS_DICT_INDICATORS_NSO,Indicateurs,22332616,Cigarettes de marques étrangères
RDS_DICT_INDICATORS_NSO,Indicateurs,22332716,Tabac à fumer
RDS_DICT_INDICATORS_NSO,Indicateurs,22332816,Poudre à priser
RDS_DICT_INDICATORS_NSO,Indicateurs,22332916,Consommation totale de tabac
RDS_DICT_INDICATORS_NSO,Indicateurs,22333016,Allumettes (boite de 50 tiges)
RDS_DICT_INDICATORS_NSO,Indicateurs,22333116,"Les matériaux de construction, céramique et verre"
RDS_DICT_INDICATORS_NSO,Indicateurs,22333216,Production
RDS_DICT_INDICATORS_NSO,Indicateurs,22333416,"Ciments, Chaux et Plâtre"
RDS_DICT_INDICATORS_NSO,Indicateurs,22333716,Clinker (exporté)
RDS_DICT_INDICATORS_NSO,Indicateurs,22333816,Ciments ordinaires
RDS_DICT_INDICATORS_NSO,Indicateurs,22333916,Ciment Blanc
RDS_DICT_INDICATORS_NSO,Indicateurs,22334016,Chaux artificielle
RDS_DICT_INDICATORS_NSO,Indicateurs,22334116,Chaux hydraulique
RDS_DICT_INDICATORS_NSO,Indicateurs,22334216,Plâtre
RDS_DICT_INDICATORS_NSO,Indicateurs,22333516,Articles Sanitaires
RDS_DICT_INDICATORS_NSO,Indicateurs,22334316,Cuvettes
RDS_DICT_INDICATORS_NSO,Indicateurs,22334416,Bidets
RDS_DICT_INDICATORS_NSO,Indicateurs,22334516,Lavabos
RDS_DICT_INDICATORS_NSO,Indicateurs,22334616,Eviers et receveurs de douche
RDS_DICT_INDICATORS_NSO,Indicateurs,22334716,Autres
RDS_DICT_INDICATORS_NSO,Indicateurs,22333616,Produits en verre
RDS_DICT_INDICATORS_NSO,Indicateurs,22334816,Bouteilles
RDS_DICT_INDICATORS_NSO,Indicateurs,22334916,Verres
RDS_DICT_INDICATORS_NSO,Indicateurs,22333316,Consommation
RDS_DICT_INDICATORS_NSO,Indicateurs,22335016,Ciments ordinaires
RDS_DICT_INDICATORS_NSO,Indicateurs,22335116,Ciment Blanc
RDS_DICT_INDICATORS_NSO,Indicateurs,22335216,Chaux artificielle
RDS_DICT_INDICATORS_NSO,Indicateurs,22335316,Chaux hydraulique
RDS_DICT_INDICATORS_NSO,Indicateurs,22335416,Plâtre
RDS_DICT_INDICATORS_NSO,Indicateurs,22335516,Industries mécaniques et élèctrique (production)
RDS_DICT_INDICATORS_NSO,Indicateurs,22335616,"Sidérurgie, Métallurgie et Fonderie"
RDS_DICT_INDICATORS_NSO,Indicateurs,22336016,Fonte
RDS_DICT_INDICATORS_NSO,Indicateurs,22336116,Billettes
RDS_DICT_INDICATORS_NSO,Indicateurs,22336216,Produits laminés
RDS_DICT_INDICATORS_NSO,Indicateurs,22336316,Tréfilés
RDS_DICT_INDICATORS_NSO,Indicateurs,22336416,Structures métalliques
RDS_DICT_INDICATORS_NSO,Indicateurs,22335716,Véhicules de Transport
RDS_DICT_INDICATORS_NSO,Indicateurs,22336516,Camions
RDS_DICT_INDICATORS_NSO,Indicateurs,22335816,Matériel Electrique
RDS_DICT_INDICATORS_NSO,Indicateurs,22336616,Générateur d'électricité
RDS_DICT_INDICATORS_NSO,Indicateurs,22336716,Chauffe eau
RDS_DICT_INDICATORS_NSO,Indicateurs,22335916,Matériel Electronique
RDS_DICT_INDICATORS_NSO,Indicateurs,22336816,Compteurs d'électricité
RDS_DICT_INDICATORS_NSO,Indicateurs,22336916,Téléviseurs couleurs
RDS_DICT_INDICATORS_NSO,Indicateurs,22337016,Industries chimiques (production)
RDS_DICT_INDICATORS_NSO,Indicateurs,22337116,Fabrication d'Engrais
RDS_DICT_INDICATORS_NSO,Indicateurs,22337416,Acide phosphorique à 28%
RDS_DICT_INDICATORS_NSO,Indicateurs,22337516,Acide phosphorique à 54%
RDS_DICT_INDICATORS_NSO,Indicateurs,22337616,Hyper phosphate
RDS_DICT_INDICATORS_NSO,Indicateurs,22337716,Superphosphate à 16%
RDS_DICT_INDICATORS_NSO,Indicateurs,22337816,Superphosphate à45% (T.S.P)
RDS_DICT_INDICATORS_NSO,Indicateurs,22337916,Phosphate bicalcique (D.C.P)
RDS_DICT_INDICATORS_NSO,Indicateurs,22338016,Diammonium phosphate (D.A.P)
RDS_DICT_INDICATORS_NSO,Indicateurs,22338116,Ammonitrate
RDS_DICT_INDICATORS_NSO,Indicateurs,22338216,Agricole
RDS_DICT_INDICATORS_NSO,Indicateurs,22338316,Poreux
RDS_DICT_INDICATORS_NSO,Indicateurs,22338416,Autres engrais composés
RDS_DICT_INDICATORS_NSO,Indicateurs,22337216,Chimiques de Base
RDS_DICT_INDICATORS_NSO,Indicateurs,22338516,Fluorure d'aluminium
RDS_DICT_INDICATORS_NSO,Indicateurs,22338616,Tripolyphosphate de Soude
RDS_DICT_INDICATORS_NSO,Indicateurs,22337316,Pneumatiques
RDS_DICT_INDICATORS_NSO,Indicateurs,22338716,Voitures touristiques
RDS_DICT_INDICATORS_NSO,Indicateurs,22338816,Camionnettes
RDS_DICT_INDICATORS_NSO,Indicateurs,22338916,Camions
RDS_DICT_INDICATORS_NSO,Indicateurs,22339016,Tracteurs
RDS_DICT_INDICATORS_NSO,Indicateurs,22339116,Autres engins
RDS_DICT_INDICATORS_NSO,Indicateurs,22339216,Industrie Papier (production)
RDS_DICT_INDICATORS_NSO,Indicateurs,22339316,Papier d'Alfa
RDS_DICT_INDICATORS_NSO,Indicateurs,22339416,Pâte d'Alfa
RDS_DICT_INDICATORS_NSO,Indicateurs,22339616,Production de la pâte d'alfa
RDS_DICT_INDICATORS_NSO,Indicateurs,22339716,Exportation de la pâte d'Alfa
RDS_DICT_INDICATORS_NSO,Indicateurs,22339516,Production d'Emballages
RDS_DICT_INDICATORS_NSO,Indicateurs,22339816,Production papier d'emballages
RDS_DICT_INDICATORS_NSO,Indicateurs,22339916,Production des sacs d'emballages
RDS_DICT_INDICATORS_NSO,Indicateurs,22340016,Production minière
RDS_DICT_INDICATORS_NSO,Indicateurs,22340116,Phosphates de chaux
RDS_DICT_INDICATORS_NSO,Indicateurs,22340216,Minerai de fer
RDS_DICT_INDICATORS_NSO,Indicateurs,22340316,Minerai de plomb
RDS_DICT_INDICATORS_NSO,Indicateurs,22340416,Minerai de zinc
RDS_DICT_INDICATORS_NSO,Indicateurs,22340516,Spath fluor (H)
RDS_DICT_INDICATORS_NSO,Indicateurs,22340616,Barytine (S)
RDS_DICT_INDICATORS_NSO,Indicateurs,22340716,Production et commercialisation du sel
RDS_DICT_INDICATORS_NSO,Indicateurs,22340816,Nombre de marais salants
RDS_DICT_INDICATORS_NSO,Indicateurs,22340916,Production du sel
RDS_DICT_INDICATORS_NSO,Indicateurs,22341016,Ventes locales du sel
RDS_DICT_INDICATORS_NSO,Indicateurs,22341116,Ventes  du sel à l'extérieur
RDS_DICT_INDICATORS_NSO,Indicateurs,27936669,Indice de la production Industrielle (IPI) (2010 = 100)
RDS_DICT_INDICATORS_NSO,Indicateurs,27936679,Industries manufacturieres
RDS_DICT_INDICATORS_NSO,Indicateurs,27936689,Industries agro-alimentaires
RDS_DICT_INDICATORS_NSO,Indicateurs,27936699,Viandes et produits à base de viandes
RDS_DICT_INDICATORS_NSO,Indicateurs,27936709,Poissons et produits de la pêche préparés
RDS_DICT_INDICATORS_NSO,Indicateurs,27936719,Produits à base de légumes et fruits
RDS_DICT_INDICATORS_NSO,Indicateurs,27936729,"Huiles, tourteaux et corps gras"
RDS_DICT_INDICATORS_NSO,Indicateurs,27936739,Produits laitiers et glaces
RDS_DICT_INDICATORS_NSO,Indicateurs,27936749,Farines de froment et d'autres céréales
RDS_DICT_INDICATORS_NSO,Indicateurs,27936759,Aliments pour animaux
RDS_DICT_INDICATORS_NSO,Indicateurs,27936769,Autres industries alimentaires
RDS_DICT_INDICATORS_NSO,Indicateurs,27936779,Industrie des boissons
RDS_DICT_INDICATORS_NSO,Indicateurs,27936789,Tabac
RDS_DICT_INDICATORS_NSO,Indicateurs,27936799,"Materiaux de construction, ceramique et verre"
RDS_DICT_INDICATORS_NSO,Indicateurs,27936809,Extraction de pierres
RDS_DICT_INDICATORS_NSO,Indicateurs,27936819,Extraction de sables et d'argiles
RDS_DICT_INDICATORS_NSO,Indicateurs,27936829,Verre et articles en verre
RDS_DICT_INDICATORS_NSO,Indicateurs,27936839,"Fabrication de produits céramiques, autres que pour la construction"
RDS_DICT_INDICATORS_NSO,Indicateurs,27936849,Fabrication de carreaux en céramique
RDS_DICT_INDICATORS_NSO,Indicateurs,27936859,Tuiles et briques en terre cuite
RDS_DICT_INDICATORS_NSO,Indicateurs,27936869,"Ciment, chaux et plâtre"
RDS_DICT_INDICATORS_NSO,Indicateurs,27936879,"Ouvrages en ciment, en béton ou en plâtre"
RDS_DICT_INDICATORS_NSO,Indicateurs,27936889,Ouvrages en pierre
RDS_DICT_INDICATORS_NSO,Indicateurs,27936899,Industrie mecaniques et electrique.
RDS_DICT_INDICATORS_NSO,Indicateurs,27936909,Métallurgie
RDS_DICT_INDICATORS_NSO,Indicateurs,27936919,Travail des métaux
RDS_DICT_INDICATORS_NSO,Indicateurs,27936929,Fabrication de machines et équipements
RDS_DICT_INDICATORS_NSO,Indicateurs,27936939,Fabrication de machines et appareils électriques
RDS_DICT_INDICATORS_NSO,Indicateurs,27936949,"Fabrication d'équipement de radio, télévision et communication"
RDS_DICT_INDICATORS_NSO,Indicateurs,27936959,"Fabrication d'instruments médicaux, de précision, d'optique et d'horlogerie"
RDS_DICT_INDICATORS_NSO,Indicateurs,27936969,Industrie automobile
RDS_DICT_INDICATORS_NSO,Indicateurs,27936979,Fabrication d'autres matériels de transport
RDS_DICT_INDICATORS_NSO,Indicateurs,27936989,Industries chimiques
RDS_DICT_INDICATORS_NSO,Indicateurs,27936999,Produits chimiques de base
RDS_DICT_INDICATORS_NSO,Indicateurs,27937009,Peintures et vernis
RDS_DICT_INDICATORS_NSO,Indicateurs,27937019,Produits pharmaceutiques
RDS_DICT_INDICATORS_NSO,Indicateurs,27937029,Autres produits chimiques
RDS_DICT_INDICATORS_NSO,Indicateurs,27937039,"Savons,parfums et produits d'entretien"
RDS_DICT_INDICATORS_NSO,Indicateurs,27937049,Produits en caoutchouc
RDS_DICT_INDICATORS_NSO,Indicateurs,27937059,"Textile, habillements et cuirs"
RDS_DICT_INDICATORS_NSO,Indicateurs,27937069,Industrie textile
RDS_DICT_INDICATORS_NSO,Indicateurs,27937079,Industrie de l'habillement et des fourrures
RDS_DICT_INDICATORS_NSO,Indicateurs,27937089,Industrie du cuir et de la chaussure
RDS_DICT_INDICATORS_NSO,Indicateurs,27937099,Industries  manufacturieres  diverses
RDS_DICT_INDICATORS_NSO,Indicateurs,27937109,Travail du bois et fabrication d'articles en bois
RDS_DICT_INDICATORS_NSO,Indicateurs,27937119,Industrie du papier et du carton
RDS_DICT_INDICATORS_NSO,Indicateurs,27937129,"Edition, imprimerie, reproduction"
RDS_DICT_INDICATORS_NSO,Indicateurs,27937139,Fabrication de meubles; industries diverses
RDS_DICT_INDICATORS_NSO,Indicateurs,27937149,Produits en matières plastiques
RDS_DICT_INDICATORS_NSO,Indicateurs,27937159,Mines
RDS_DICT_INDICATORS_NSO,Indicateurs,27937169,Minéraux pour l'industrie chimique et engrais naturels
RDS_DICT_INDICATORS_NSO,Indicateurs,27937179,Sel
RDS_DICT_INDICATORS_NSO,Indicateurs,27937189,Minerais de fer
RDS_DICT_INDICATORS_NSO,Indicateurs,27937199,Energie
RDS_DICT_INDICATORS_NSO,Indicateurs,27937209,"Pétrole brut, gaz naturel et produits bitumineux"
RDS_DICT_INDICATORS_NSO,Indicateurs,27937219,Produits pétroliers raffinés et de la cokefaction
RDS_DICT_INDICATORS_NSO,Indicateurs,27937229,Electricité et gaz
RDS_DICT_INDICATORS_NSO,Indicateurs,27937239,Eau distribuée
RDS_DICT_INDICATORS_NSO,Indicateurs,27937249,Indice ensemble
RDS_DICT_INDICATORS_NSO,Indicateurs,11921116,Justice
RDS_DICT_INDICATORS_NSO,Indicateurs,22304316,Cours de Cassation
RDS_DICT_INDICATORS_NSO,Indicateurs,22305116,au 1er Octobre
RDS_DICT_INDICATORS_NSO,Indicateurs,22309716,Affaires civiles
RDS_DICT_INDICATORS_NSO,Indicateurs,22309816,Affaires Correctionnelles
RDS_DICT_INDICATORS_NSO,Indicateurs,22309916,Affaires criminelles
RDS_DICT_INDICATORS_NSO,Indicateurs,22310016,Mise en accusation
RDS_DICT_INDICATORS_NSO,Indicateurs,22310116,Parquet
RDS_DICT_INDICATORS_NSO,Indicateurs,22305216,Enrôlées au cours de l'année
RDS_DICT_INDICATORS_NSO,Indicateurs,22310216,Affaires civiles
RDS_DICT_INDICATORS_NSO,Indicateurs,22310316,Affaires Correctionnelles
RDS_DICT_INDICATORS_NSO,Indicateurs,22310416,Affaires criminelles
RDS_DICT_INDICATORS_NSO,Indicateurs,22310516,Mise en accusation
RDS_DICT_INDICATORS_NSO,Indicateurs,22310616,Parquet
RDS_DICT_INDICATORS_NSO,Indicateurs,22305316,Traîtées au cours de l'année
RDS_DICT_INDICATORS_NSO,Indicateurs,22308716,Affaires civiles
RDS_DICT_INDICATORS_NSO,Indicateurs,22308816,Affaires Correctionnelles
RDS_DICT_INDICATORS_NSO,Indicateurs,22308916,Affaires criminelles
RDS_DICT_INDICATORS_NSO,Indicateurs,22309016,Mise en accusation
RDS_DICT_INDICATORS_NSO,Indicateurs,22309116,Parquet
RDS_DICT_INDICATORS_NSO,Indicateurs,22305416,Restantes au 30 - sept
RDS_DICT_INDICATORS_NSO,Indicateurs,22309216,Affaires civiles
RDS_DICT_INDICATORS_NSO,Indicateurs,22309316,Affaires Correctionnelles
RDS_DICT_INDICATORS_NSO,Indicateurs,22309416,Affaires criminelles
RDS_DICT_INDICATORS_NSO,Indicateurs,22309516,Mise en accusation
RDS_DICT_INDICATORS_NSO,Indicateurs,22309616,Parquet
RDS_DICT_INDICATORS_NSO,Indicateurs,22304416,Cours d'Appel
RDS_DICT_INDICATORS_NSO,Indicateurs,22305516,au 1er Octobre
RDS_DICT_INDICATORS_NSO,Indicateurs,22307816,Affaires civiles
RDS_DICT_INDICATORS_NSO,Indicateurs,22308016,Affaires Correctionnelles
RDS_DICT_INDICATORS_NSO,Indicateurs,22307916,Affaires criminelles
RDS_DICT_INDICATORS_NSO,Indicateurs,22307716,Mise en accusation
RDS_DICT_INDICATORS_NSO,Indicateurs,22308616,Parquet
RDS_DICT_INDICATORS_NSO,Indicateurs,22305616,Enrôlées au cours de l'année
RDS_DICT_INDICATORS_NSO,Indicateurs,22307316,Affaires civiles
RDS_DICT_INDICATORS_NSO,Indicateurs,22307516,Affaires Correctionnelles
RDS_DICT_INDICATORS_NSO,Indicateurs,22307416,Affaires criminelles
RDS_DICT_INDICATORS_NSO,Indicateurs,22307216,Mise en accusation
RDS_DICT_INDICATORS_NSO,Indicateurs,22307616,Parquet
RDS_DICT_INDICATORS_NSO,Indicateurs,22305716,Traîtées au cours de l'année
RDS_DICT_INDICATORS_NSO,Indicateurs,22308316,Affaires civiles
RDS_DICT_INDICATORS_NSO,Indicateurs,22308516,Affaires Correctionnelles
RDS_DICT_INDICATORS_NSO,Indicateurs,22308416,Affaires criminelles
RDS_DICT_INDICATORS_NSO,Indicateurs,22308216,Mise en accusation
RDS_DICT_INDICATORS_NSO,Indicateurs,22308116,Parquet
RDS_DICT_INDICATORS_NSO,Indicateurs,22305816,Restantes au 30 - sept
RDS_DICT_INDICATORS_NSO,Indicateurs,22306816,Affaires civiles
RDS_DICT_INDICATORS_NSO,Indicateurs,22307016,Affaires Correctionnelles
RDS_DICT_INDICATORS_NSO,Indicateurs,22306916,Affaires criminelles
RDS_DICT_INDICATORS_NSO,Indicateurs,22306716,Mise en accusation
RDS_DICT_INDICATORS_NSO,Indicateurs,22307116,Parquet
RDS_DICT_INDICATORS_NSO,Indicateurs,22304516,Tribunal de 1ere Instance
RDS_DICT_INDICATORS_NSO,Indicateurs,22306316,au 1er Octobre
RDS_DICT_INDICATORS_NSO,Indicateurs,22311216,Affaires civiles
RDS_DICT_INDICATORS_NSO,Indicateurs,22311316,Affaires Correctionnelles
RDS_DICT_INDICATORS_NSO,Indicateurs,22311416,Affaires criminelles
RDS_DICT_INDICATORS_NSO,Indicateurs,22311516,Instruction
RDS_DICT_INDICATORS_NSO,Indicateurs,22312616,Parquet
RDS_DICT_INDICATORS_NSO,Indicateurs,22306416,Enrôlées au cours de l'année
RDS_DICT_INDICATORS_NSO,Indicateurs,22311716,Affaires civiles
RDS_DICT_INDICATORS_NSO,Indicateurs,22311816,Affaires Correctionnelles
RDS_DICT_INDICATORS_NSO,Indicateurs,22311916,Affaires criminelles
RDS_DICT_INDICATORS_NSO,Indicateurs,22312016,Instruction
RDS_DICT_INDICATORS_NSO,Indicateurs,22311616,Parquet
RDS_DICT_INDICATORS_NSO,Indicateurs,22306516,Traîtées au cours de l'année
RDS_DICT_INDICATORS_NSO,Indicateurs,22310716,Affaires civiles
RDS_DICT_INDICATORS_NSO,Indicateurs,22310816,Affaires Correctionnelles
RDS_DICT_INDICATORS_NSO,Indicateurs,22310916,Affaires criminelles
RDS_DICT_INDICATORS_NSO,Indicateurs,22311016,Instruction
RDS_DICT_INDICATORS_NSO,Indicateurs,22311116,Parquet
RDS_DICT_INDICATORS_NSO,Indicateurs,22306616,Restantes au 30 - sept
RDS_DICT_INDICATORS_NSO,Indicateurs,22312216,Affaires civiles
RDS_DICT_INDICATORS_NSO,Indicateurs,22312316,Affaires Correctionnelles
RDS_DICT_INDICATORS_NSO,Indicateurs,22312416,Affaires criminelles
RDS_DICT_INDICATORS_NSO,Indicateurs,22312516,Instruction
RDS_DICT_INDICATORS_NSO,Indicateurs,22312116,Parquet
RDS_DICT_INDICATORS_NSO,Indicateurs,22304616,Justice Cantonale
RDS_DICT_INDICATORS_NSO,Indicateurs,22305916,au 1er Octobre
RDS_DICT_INDICATORS_NSO,Indicateurs,22312716,Affaires civiles
RDS_DICT_INDICATORS_NSO,Indicateurs,22312816,Affaires Correctionnelles
RDS_DICT_INDICATORS_NSO,Indicateurs,22312916,Contravention
RDS_DICT_INDICATORS_NSO,Indicateurs,22314516,Parquet
RDS_DICT_INDICATORS_NSO,Indicateurs,22306016,Enrôlées au cours de l'année
RDS_DICT_INDICATORS_NSO,Indicateurs,22313716,Affaires civiles
RDS_DICT_INDICATORS_NSO,Indicateurs,22313816,Affaires Correctionnelles
RDS_DICT_INDICATORS_NSO,Indicateurs,22313916,Contravention
RDS_DICT_INDICATORS_NSO,Indicateurs,22313016,Parquet
RDS_DICT_INDICATORS_NSO,Indicateurs,22306116,Traîtées au cours de l'année
RDS_DICT_INDICATORS_NSO,Indicateurs,22314216,Affaires civiles
RDS_DICT_INDICATORS_NSO,Indicateurs,22314316,Affaires Correctionnelles
RDS_DICT_INDICATORS_NSO,Indicateurs,22314416,Contravention
RDS_DICT_INDICATORS_NSO,Indicateurs,22314016,Parquet
RDS_DICT_INDICATORS_NSO,Indicateurs,22306216,Restantes au 30 - sept
RDS_DICT_INDICATORS_NSO,Indicateurs,22313216,Affaires civiles
RDS_DICT_INDICATORS_NSO,Indicateurs,22313316,Affaires Correctionnelles
RDS_DICT_INDICATORS_NSO,Indicateurs,22313416,Contravention
RDS_DICT_INDICATORS_NSO,Indicateurs,22313516,Parquet
RDS_DICT_INDICATORS_NSO,Indicateurs,11920016,Ménages et conditions de vie
RDS_DICT_INDICATORS_NSO,Indicateurs,27326016,Parc de Logement
RDS_DICT_INDICATORS_NSO,Indicateurs,27326116,Données générales
RDS_DICT_INDICATORS_NSO,Indicateurs,27326216,Nombre de logements ( en milliers )
RDS_DICT_INDICATORS_NSO,Indicateurs,27326316,Nombre moyen de ménages par logement occupé
RDS_DICT_INDICATORS_NSO,Indicateurs,27326416,Nombre moyen de personnes par logements occupé
RDS_DICT_INDICATORS_NSO,Indicateurs,27326516,Structure des logements selon le type ( en %)
RDS_DICT_INDICATORS_NSO,Indicateurs,27326616,"Logements modernes (villas, appartements, …)"
RDS_DICT_INDICATORS_NSO,Indicateurs,27326716,"Logements traditionnels (maison arabe, borj, houch....)"
RDS_DICT_INDICATORS_NSO,Indicateurs,27326816,Logements rudimentaires
RDS_DICT_INDICATORS_NSO,Indicateurs,27326916,Ménages et conditions de vie
RDS_DICT_INDICATORS_NSO,Indicateurs,27327616,Données générales
RDS_DICT_INDICATORS_NSO,Indicateurs,27327016,Nombre de ménages ( en milliers )
RDS_DICT_INDICATORS_NSO,Indicateurs,27327116,Nombre moyen de personnes par ménage
RDS_DICT_INDICATORS_NSO,Indicateurs,27327216,Part des ménages ayant une voiture (%)
RDS_DICT_INDICATORS_NSO,Indicateurs,27327316,Pourcentage des ménages ayant le téléphone fixe (%)
RDS_DICT_INDICATORS_NSO,Indicateurs,27327416,Pourcentage des ménages ayant un téléviseur ( %)
RDS_DICT_INDICATORS_NSO,Indicateurs,27327516,Dépenses des ménages et pauvreté
RDS_DICT_INDICATORS_NSO,Indicateurs,27327716,Dépenses des ménages
RDS_DICT_INDICATORS_NSO,Indicateurs,27327816,Dépenses annuelles moyenne par ménage
RDS_DICT_INDICATORS_NSO,Indicateurs,27327916,Dépenses annuelles moyenne par personne
RDS_DICT_INDICATORS_NSO,Indicateurs,27947529,Milieu communal
RDS_DICT_INDICATORS_NSO,Indicateurs,27947549,Milieu non communal
RDS_DICT_INDICATORS_NSO,Indicateurs,27328016,Taux d’accroissement de la dépense annuelle par personne (aux prix courants)
RDS_DICT_INDICATORS_NSO,Indicateurs,27328116,Structure des dépenses des ménages selon les fonctions de consommation (%)
RDS_DICT_INDICATORS_NSO,Indicateurs,27328216,Alimentation
RDS_DICT_INDICATORS_NSO,Indicateurs,27328316,Habitation
RDS_DICT_INDICATORS_NSO,Indicateurs,27328416,Habillement
RDS_DICT_INDICATORS_NSO,Indicateurs,27328516,Hygiène et soins
RDS_DICT_INDICATORS_NSO,Indicateurs,27328616,Transport
RDS_DICT_INDICATORS_NSO,Indicateurs,27328716,Télécommunication
RDS_DICT_INDICATORS_NSO,Indicateurs,27328816,Enseignement
RDS_DICT_INDICATORS_NSO,Indicateurs,27328916,Culture et loisir
RDS_DICT_INDICATORS_NSO,Indicateurs,27329016,Autres dépenses
RDS_DICT_INDICATORS_NSO,Indicateurs,27946699,Structure des dépenses des ménages selon les fonctions de consommation en Dinar Tunisien
RDS_DICT_INDICATORS_NSO,Indicateurs,27946709,Alimentation
RDS_DICT_INDICATORS_NSO,Indicateurs,27946719,Habitation
RDS_DICT_INDICATORS_NSO,Indicateurs,27946729,Boissons alcoolisées et tabac
RDS_DICT_INDICATORS_NSO,Indicateurs,27946739,Habillement
RDS_DICT_INDICATORS_NSO,Indicateurs,27946749,Équipement électroménager et ameublement
RDS_DICT_INDICATORS_NSO,Indicateurs,27946759,Soin sanitaire et personnel
RDS_DICT_INDICATORS_NSO,Indicateurs,27946769,Transport
RDS_DICT_INDICATORS_NSO,Indicateurs,27946779,Télécommunication
RDS_DICT_INDICATORS_NSO,Indicateurs,27946789,Culture et diverstissement
RDS_DICT_INDICATORS_NSO,Indicateurs,27946799,Enseignement
RDS_DICT_INDICATORS_NSO,Indicateurs,27946809,"Hôtels, restaurants, cafés"
RDS_DICT_INDICATORS_NSO,Indicateurs,27946819,Autres dépenses
RDS_DICT_INDICATORS_NSO,Indicateurs,27946829,Total des dépenses
RDS_DICT_INDICATORS_NSO,Indicateurs,27329116,Pauvreté
RDS_DICT_INDICATORS_NSO,Indicateurs,27946509,Taux de pauvreté ( en %)
RDS_DICT_INDICATORS_NSO,Indicateurs,27946519,Milieu communal
RDS_DICT_INDICATORS_NSO,Indicateurs,27946539,Milieu non communal
RDS_DICT_INDICATORS_NSO,Indicateurs,27946549,Taux de pauvreté extrême (%)
RDS_DICT_INDICATORS_NSO,Indicateurs,27946559,Milieu communal
RDS_DICT_INDICATORS_NSO,Indicateurs,27946579,Milieu non communal
RDS_DICT_INDICATORS_NSO,Indicateurs,27329216,Seuil de pauvreté (en Dinar Tunisien)
RDS_DICT_INDICATORS_NSO,Indicateurs,27947459,Les grandes villes
RDS_DICT_INDICATORS_NSO,Indicateurs,27947469,Petites et moyennes communes
RDS_DICT_INDICATORS_NSO,Indicateurs,27947479,Milieu non communal
RDS_DICT_INDICATORS_NSO,Indicateurs,27947489,Seuil de pauvreté extrème (en Dinar Tunisien)
RDS_DICT_INDICATORS_NSO,Indicateurs,27947499,Les grandes villes
RDS_DICT_INDICATORS_NSO,Indicateurs,27947509,Petites et moyennes communes
RDS_DICT_INDICATORS_NSO,Indicateurs,27947519,Milieu non communal
RDS_DICT_INDICATORS_NSO,Indicateurs,27329316,Indicateurs d'infrastructure
RDS_DICT_INDICATORS_NSO,Indicateurs,27329416,Taux de branchement en courant électrique (%)
RDS_DICT_INDICATORS_NSO,Indicateurs,27329516,Taux de branchement en eau potable (%)
RDS_DICT_INDICATORS_NSO,Indicateurs,27329616,Taux de desserte en eau potable (%)
RDS_DICT_INDICATORS_NSO,Indicateurs,27329716,Taux de branchement des ménages au réseau d'assainissement ( milieu communal) (%)
RDS_DICT_INDICATORS_NSO,Indicateurs,11921916,Monnaie et banques
RDS_DICT_INDICATORS_NSO,Indicateurs,15491816,Taux d'intérêt (en %)
RDS_DICT_INDICATORS_NSO,Indicateurs,15491916,Taux d intérêt du marché monétaire
RDS_DICT_INDICATORS_NSO,Indicateurs,15492016,Taux de rémunération de l' épargne
RDS_DICT_INDICATORS_NSO,Indicateurs,15492116,Taux moy.de souscription aux bons de Trésor pour 3 mois
RDS_DICT_INDICATORS_NSO,Indicateurs,15492216,Taux max.de découvert(servant à la déterminat. du taux d intérêt légal)
RDS_DICT_INDICATORS_NSO,Indicateurs,15485216,Cours moyen en dinar des principales devises cotées sur le marché de changes interbancaire
RDS_DICT_INDICATORS_NSO,Indicateurs,15485316,Dollar Etats Unies
RDS_DICT_INDICATORS_NSO,Indicateurs,15485416,Euro
RDS_DICT_INDICATORS_NSO,Indicateurs,15485516,Yen Japonais en 1000 unités
RDS_DICT_INDICATORS_NSO,Indicateurs,15485616,Livre sterling
RDS_DICT_INDICATORS_NSO,Indicateurs,15485716,10 Dirahams marocains
RDS_DICT_INDICATORS_NSO,Indicateurs,27544569,Structure du système financier
RDS_DICT_INDICATORS_NSO,Indicateurs,27544579,Banque Centrale
RDS_DICT_INDICATORS_NSO,Indicateurs,27544589,Banque de  Dépôts
RDS_DICT_INDICATORS_NSO,Indicateurs,27544599,Banque de  Développement
RDS_DICT_INDICATORS_NSO,Indicateurs,27544609,Institutions de collecte de l'épargne
RDS_DICT_INDICATORS_NSO,Indicateurs,27544619,Banques OFF- SHORE
RDS_DICT_INDICATORS_NSO,Indicateurs,27544629,Sociétés d'Investissement
RDS_DICT_INDICATORS_NSO,Indicateurs,27544639,Centre de  Chèques Postaux
RDS_DICT_INDICATORS_NSO,Indicateurs,27544649,Bourse des Valeurs Mobilières
RDS_DICT_INDICATORS_NSO,Indicateurs,27544659,Sociétés de factoring
RDS_DICT_INDICATORS_NSO,Indicateurs,27544669,Organismes de Leasing
RDS_DICT_INDICATORS_NSO,Indicateurs,27544679,Réseau bancaire par gouvernorat
RDS_DICT_INDICATORS_NSO,Indicateurs,27544689,Les ressources du système monétaire et leurs contreparties
RDS_DICT_INDICATORS_NSO,Indicateurs,27544699,Les ressources
RDS_DICT_INDICATORS_NSO,Indicateurs,27544709,Monnaie M1
RDS_DICT_INDICATORS_NSO,Indicateurs,27544719,Monnaie fiduciaire
RDS_DICT_INDICATORS_NSO,Indicateurs,27544729,Monnaie scripturale
RDS_DICT_INDICATORS_NSO,Indicateurs,27544739,Dépôts aux banques de dépôts
RDS_DICT_INDICATORS_NSO,Indicateurs,27544749,Dépôts au  Compte courant postal CCP
RDS_DICT_INDICATORS_NSO,Indicateurs,27544759,Dépôts à la banque centrale de la Tunisie BCT
RDS_DICT_INDICATORS_NSO,Indicateurs,27544769,Quasi-monnaie
RDS_DICT_INDICATORS_NSO,Indicateurs,27544779,Entreprise et particuliers
RDS_DICT_INDICATORS_NSO,Indicateurs,27544789,Dépôts à terme
RDS_DICT_INDICATORS_NSO,Indicateurs,27544799,Comptes spéciaux d'épargne
RDS_DICT_INDICATORS_NSO,Indicateurs,27544809,Autres postes
RDS_DICT_INDICATORS_NSO,Indicateurs,27544819,Etablissements financiers autres que les banques de dépôts
RDS_DICT_INDICATORS_NSO,Indicateurs,27544839,M3 – M2
RDS_DICT_INDICATORS_NSO,Indicateurs,27544849,Epargne logement
RDS_DICT_INDICATORS_NSO,Indicateurs,27544859,Epargne Projets et investissement
RDS_DICT_INDICATORS_NSO,Indicateurs,27544869,Emprunts obligataires
RDS_DICT_INDICATORS_NSO,Indicateurs,27544879,M4 – M3
RDS_DICT_INDICATORS_NSO,Indicateurs,27544889,Titres de l'Etat auprés du public
RDS_DICT_INDICATORS_NSO,Indicateurs,27544899,Billets de trésorerie
RDS_DICT_INDICATORS_NSO,Indicateurs,27544909,Ressources spéciales
RDS_DICT_INDICATORS_NSO,Indicateurs,27544919,Fonds propres
RDS_DICT_INDICATORS_NSO,Indicateurs,27544929,Autres postes nets
RDS_DICT_INDICATORS_NSO,Indicateurs,27544949,Les contreparties
RDS_DICT_INDICATORS_NSO,Indicateurs,27544959,Créances nettes sur l’extérieur
RDS_DICT_INDICATORS_NSO,Indicateurs,27544969,Avoirs extérieurs
RDS_DICT_INDICATORS_NSO,Indicateurs,27544979,Réserves internationales
RDS_DICT_INDICATORS_NSO,Indicateurs,27544989,Avoirs en or
RDS_DICT_INDICATORS_NSO,Indicateurs,27544999,Avoirs en D.T.S.
RDS_DICT_INDICATORS_NSO,Indicateurs,27545009,Avoirs en devises
RDS_DICT_INDICATORS_NSO,Indicateurs,27545019,Autres avoirs extérieurs
RDS_DICT_INDICATORS_NSO,Indicateurs,27545029,Engagements (moins)
RDS_DICT_INDICATORS_NSO,Indicateurs,27545039,Créances nettes sur l’Etat
RDS_DICT_INDICATORS_NSO,Indicateurs,27545049,Créances nettes de la  Banque centrale de la Tunisie
RDS_DICT_INDICATORS_NSO,Indicateurs,27545059,Créances des banques
RDS_DICT_INDICATORS_NSO,Indicateurs,27545069,Contreparties des dépôts des  entreprises et particuliers au  Comptes courants postal
RDS_DICT_INDICATORS_NSO,Indicateurs,27545079,Titres de l’Etat auprés du public
RDS_DICT_INDICATORS_NSO,Indicateurs,27545089,Concours à l’économie
RDS_DICT_INDICATORS_NSO,Indicateurs,27545099,Crédits de la  Banque centrale de la Tunisie
RDS_DICT_INDICATORS_NSO,Indicateurs,27545109,Crédits des banques de dépôts
RDS_DICT_INDICATORS_NSO,Indicateurs,27545119,Billets de trésorerie
RDS_DICT_INDICATORS_NSO,Indicateurs,27545129,Porte feuille- titre
RDS_DICT_INDICATORS_NSO,Indicateurs,27545149,Les ressources du système financier et leurs contreparties
RDS_DICT_INDICATORS_NSO,Indicateurs,27545159,Les  Ressources du système financier
RDS_DICT_INDICATORS_NSO,Indicateurs,27545169,Agrégat  M 4
RDS_DICT_INDICATORS_NSO,Indicateurs,27545179,Masse monétaire M3
RDS_DICT_INDICATORS_NSO,Indicateurs,27545189,Masse monétaire M 2 (au sens strict)
RDS_DICT_INDICATORS_NSO,Indicateurs,27545199,Monnaie  M 1
RDS_DICT_INDICATORS_NSO,Indicateurs,27545209,Monnaie  fiduciaire
RDS_DICT_INDICATORS_NSO,Indicateurs,27545219,Monnaie scripturale
RDS_DICT_INDICATORS_NSO,Indicateurs,27545229,Quasi - monnaie
RDS_DICT_INDICATORS_NSO,Indicateurs,27545239,"Obliation & Emprunt à  plus d'1 an , Epargne logement, projet et investissement"
RDS_DICT_INDICATORS_NSO,Indicateurs,27545259,Titres de l'Etat & Billets de Trésorerie
RDS_DICT_INDICATORS_NSO,Indicateurs,27545269,Ressources spéciales
RDS_DICT_INDICATORS_NSO,Indicateurs,27545279,Fonds propres
RDS_DICT_INDICATORS_NSO,Indicateurs,27545289,Autres  Ressources
RDS_DICT_INDICATORS_NSO,Indicateurs,27545299,Allocations de D.T.S
RDS_DICT_INDICATORS_NSO,Indicateurs,27545309,Autres ressources diverses
RDS_DICT_INDICATORS_NSO,Indicateurs,27545319,Les Contreparties du système financier
RDS_DICT_INDICATORS_NSO,Indicateurs,27545329,Créances nettes sur l’Extérieur
RDS_DICT_INDICATORS_NSO,Indicateurs,27545339,Avoir extérieur
RDS_DICT_INDICATORS_NSO,Indicateurs,27545349,Engagements (moins)
RDS_DICT_INDICATORS_NSO,Indicateurs,27545359,Créances nettes sur l'Etat (sens large )
RDS_DICT_INDICATORS_NSO,Indicateurs,27545369,Concours  à  l'Economie
RDS_DICT_INDICATORS_NSO,Indicateurs,27545379,Crédits  à  l 'Economie
RDS_DICT_INDICATORS_NSO,Indicateurs,27545389,Crédits de la B.C.T
RDS_DICT_INDICATORS_NSO,Indicateurs,27545399,Crédits des banques  de dépôts
RDS_DICT_INDICATORS_NSO,Indicateurs,27545409,Crédits des banques dév.& A I S
RDS_DICT_INDICATORS_NSO,Indicateurs,27545419,Crédits  des banques off- shore
RDS_DICT_INDICATORS_NSO,Indicateurs,27667579,Billets de trésorerie
RDS_DICT_INDICATORS_NSO,Indicateurs,27545439,Porte feuille-titres
RDS_DICT_INDICATORS_NSO,Indicateurs,27545459,Situation de la banque centrale par secteur
RDS_DICT_INDICATORS_NSO,Indicateurs,27545469,Actif
RDS_DICT_INDICATORS_NSO,Indicateurs,27545479,Avoirs extérieurs
RDS_DICT_INDICATORS_NSO,Indicateurs,27545489,Réserves internationales
RDS_DICT_INDICATORS_NSO,Indicateurs,27545499,Or et devises
RDS_DICT_INDICATORS_NSO,Indicateurs,27545509,Avoirs en D.T.S.
RDS_DICT_INDICATORS_NSO,Indicateurs,27545519,Titres de placement en devises
RDS_DICT_INDICATORS_NSO,Indicateurs,27545529,Créances sur l'Etat
RDS_DICT_INDICATORS_NSO,Indicateurs,27545539,Créances sur les banques de dépôts & les banques de développement
RDS_DICT_INDICATORS_NSO,Indicateurs,27545549,Autres postes d'actif
RDS_DICT_INDICATORS_NSO,Indicateurs,27545559,Passif
RDS_DICT_INDICATORS_NSO,Indicateurs,27545569,Monnaie centrale
RDS_DICT_INDICATORS_NSO,Indicateurs,27545579,Monnaie fiduciaire
RDS_DICT_INDICATORS_NSO,Indicateurs,27545589,Créance des banques de dépôts
RDS_DICT_INDICATORS_NSO,Indicateurs,27545599,Créances des autres établissements financiers
RDS_DICT_INDICATORS_NSO,Indicateurs,27545609,Dépôts des entreprises et particuliers
RDS_DICT_INDICATORS_NSO,Indicateurs,27545619,Créances de l'Etat
RDS_DICT_INDICATORS_NSO,Indicateurs,27545629,Fonds de contrepartie
RDS_DICT_INDICATORS_NSO,Indicateurs,27545639,Engagements extérieurs
RDS_DICT_INDICATORS_NSO,Indicateurs,27545649,Fonds propres
RDS_DICT_INDICATORS_NSO,Indicateurs,27545659,Allocations de D.T.S.
RDS_DICT_INDICATORS_NSO,Indicateurs,27545669,Autres postes de passif
RDS_DICT_INDICATORS_NSO,Indicateurs,27545679,Situation des banques de dépôts par secteur
RDS_DICT_INDICATORS_NSO,Indicateurs,27545689,Actif
RDS_DICT_INDICATORS_NSO,Indicateurs,27545699,Encaisse
RDS_DICT_INDICATORS_NSO,Indicateurs,27545709,Dépôts à la banque centrale de la Tunisie BCT
RDS_DICT_INDICATORS_NSO,Indicateurs,27545719,Compte courants ordinaires
RDS_DICT_INDICATORS_NSO,Indicateurs,27545729,Comptes devises
RDS_DICT_INDICATORS_NSO,Indicateurs,27545739,Avoirs extérieurs
RDS_DICT_INDICATORS_NSO,Indicateurs,27545749,Créances sur l'Etat
RDS_DICT_INDICATORS_NSO,Indicateurs,27545759,Crédits à l'économie
RDS_DICT_INDICATORS_NSO,Indicateurs,27545769,Porte feuille-titres
RDS_DICT_INDICATORS_NSO,Indicateurs,27545779,Autres postes d'actif
RDS_DICT_INDICATORS_NSO,Indicateurs,27545789,Passif
RDS_DICT_INDICATORS_NSO,Indicateurs,27545799,Dépôts monétaires
RDS_DICT_INDICATORS_NSO,Indicateurs,27545809,Entreprises et particuliers
RDS_DICT_INDICATORS_NSO,Indicateurs,27545819,Autres Etablissements Financiers
RDS_DICT_INDICATORS_NSO,Indicateurs,27545839,Dépôts quasi- monétaires
RDS_DICT_INDICATORS_NSO,Indicateurs,27545849,Entreprises et particuliers
RDS_DICT_INDICATORS_NSO,Indicateurs,27545859,Autres Etablissements Financiers
RDS_DICT_INDICATORS_NSO,Indicateurs,27545869,Engagements extérieurs
RDS_DICT_INDICATORS_NSO,Indicateurs,27545879,Avance de la Banque centrale de la Tunisie
RDS_DICT_INDICATORS_NSO,Indicateurs,27545889,Ressources spéciales
RDS_DICT_INDICATORS_NSO,Indicateurs,27545899,Fonds propres
RDS_DICT_INDICATORS_NSO,Indicateurs,27545909,Autres postes de passif
RDS_DICT_INDICATORS_NSO,Indicateurs,27545919,Crédits a court terme par branche d'activité économique
RDS_DICT_INDICATORS_NSO,Indicateurs,27545929,Agriculture et pêche
RDS_DICT_INDICATORS_NSO,Indicateurs,27545939,Industries
RDS_DICT_INDICATORS_NSO,Indicateurs,27545949,Mines
RDS_DICT_INDICATORS_NSO,Indicateurs,27545959,Energie
RDS_DICT_INDICATORS_NSO,Indicateurs,27545969,Produits pétroliers
RDS_DICT_INDICATORS_NSO,Indicateurs,27545979,Electricité
RDS_DICT_INDICATORS_NSO,Indicateurs,27545989,Eau et autres énergies
RDS_DICT_INDICATORS_NSO,Indicateurs,27545999,Industrie manufacturière
RDS_DICT_INDICATORS_NSO,Indicateurs,27546009,Industries Agricoles et  Alimentaires
RDS_DICT_INDICATORS_NSO,Indicateurs,27546019,"Matériaux de construction, céramiques, verres"
RDS_DICT_INDICATORS_NSO,Indicateurs,27546029,Industries mécaniques et électriques
RDS_DICT_INDICATORS_NSO,Indicateurs,27546039,"Chimie, caoutchouc"
RDS_DICT_INDICATORS_NSO,Indicateurs,27546049,Textile
RDS_DICT_INDICATORS_NSO,Indicateurs,27546059,Habillement et cuir
RDS_DICT_INDICATORS_NSO,Indicateurs,27546069,"Bois, liège et ameublement"
RDS_DICT_INDICATORS_NSO,Indicateurs,27546079,Papier et impression
RDS_DICT_INDICATORS_NSO,Indicateurs,27546089,Bâtiments et travaux public
RDS_DICT_INDICATORS_NSO,Indicateurs,27546099,Services
RDS_DICT_INDICATORS_NSO,Indicateurs,27546109,Transports et communications
RDS_DICT_INDICATORS_NSO,Indicateurs,27546119,Tourisme
RDS_DICT_INDICATORS_NSO,Indicateurs,27546129,Commerce
RDS_DICT_INDICATORS_NSO,Indicateurs,27546139,Autres services
RDS_DICT_INDICATORS_NSO,Indicateurs,27546159,Crédits a moyen et long terme par branche d'activité économique
RDS_DICT_INDICATORS_NSO,Indicateurs,27546169,Agriculture et pêche
RDS_DICT_INDICATORS_NSO,Indicateurs,27546179,Industries
RDS_DICT_INDICATORS_NSO,Indicateurs,27546189,Mines
RDS_DICT_INDICATORS_NSO,Indicateurs,27546199,Energie
RDS_DICT_INDICATORS_NSO,Indicateurs,27546209,Produits pétroliers
RDS_DICT_INDICATORS_NSO,Indicateurs,27546219,Electricité
RDS_DICT_INDICATORS_NSO,Indicateurs,27546229,Eau et autres énergies
RDS_DICT_INDICATORS_NSO,Indicateurs,27546239,Industrie manufacturière
RDS_DICT_INDICATORS_NSO,Indicateurs,27546249,Industries Agricoles  et Alimentaires
RDS_DICT_INDICATORS_NSO,Indicateurs,27546259,"Matériaux de construction céramiques, verres"
RDS_DICT_INDICATORS_NSO,Indicateurs,27546269,Industries mécaniques et électriques
RDS_DICT_INDICATORS_NSO,Indicateurs,27546279,"Chimie, caoutchouc"
RDS_DICT_INDICATORS_NSO,Indicateurs,27546289,Textile
RDS_DICT_INDICATORS_NSO,Indicateurs,27546299,Habillement et cuir
RDS_DICT_INDICATORS_NSO,Indicateurs,27546309,"Bois, liège et ameublement"
RDS_DICT_INDICATORS_NSO,Indicateurs,27546319,Papier et impression
RDS_DICT_INDICATORS_NSO,Indicateurs,27546329,Bâtiments et travaux publics
RDS_DICT_INDICATORS_NSO,Indicateurs,27546339,Services
RDS_DICT_INDICATORS_NSO,Indicateurs,27546349,Transports et communication
RDS_DICT_INDICATORS_NSO,Indicateurs,27546359,Tourisme
RDS_DICT_INDICATORS_NSO,Indicateurs,27546369,Commerce
RDS_DICT_INDICATORS_NSO,Indicateurs,27546379,Autres services
RDS_DICT_INDICATORS_NSO,Indicateurs,27546399,Total des crédits par branche d'activité économique
RDS_DICT_INDICATORS_NSO,Indicateurs,27546409,Agriculture
RDS_DICT_INDICATORS_NSO,Indicateurs,27546419,Industries
RDS_DICT_INDICATORS_NSO,Indicateurs,27546429,Mines
RDS_DICT_INDICATORS_NSO,Indicateurs,27546439,Energie
RDS_DICT_INDICATORS_NSO,Indicateurs,27546449,Produits pétroliers
RDS_DICT_INDICATORS_NSO,Indicateurs,27546459,Electricité
RDS_DICT_INDICATORS_NSO,Indicateurs,27546469,Eau et autres énergies
RDS_DICT_INDICATORS_NSO,Indicateurs,27546479,Industries manufacturières
RDS_DICT_INDICATORS_NSO,Indicateurs,27546489,Industries Agricoles et Alimentaires
RDS_DICT_INDICATORS_NSO,Indicateurs,27546499,"Matériaux de construction céramiques, verres"
RDS_DICT_INDICATORS_NSO,Indicateurs,27546509,Industries mécaniques et électriques
RDS_DICT_INDICATORS_NSO,Indicateurs,27546519,"Chimie, caoutchouc"
RDS_DICT_INDICATORS_NSO,Indicateurs,27546529,Textile
RDS_DICT_INDICATORS_NSO,Indicateurs,27546539,"Habillement, cuir"
RDS_DICT_INDICATORS_NSO,Indicateurs,27546549,"Bois, liège, ameublement"
RDS_DICT_INDICATORS_NSO,Indicateurs,27546559,"Papier, impression"
RDS_DICT_INDICATORS_NSO,Indicateurs,27546569,"Bâtiments, travaux  publics"
RDS_DICT_INDICATORS_NSO,Indicateurs,27546579,Services
RDS_DICT_INDICATORS_NSO,Indicateurs,27546589,Transports
RDS_DICT_INDICATORS_NSO,Indicateurs,27546599,Tourisme
RDS_DICT_INDICATORS_NSO,Indicateurs,27546609,Commerce
RDS_DICT_INDICATORS_NSO,Indicateurs,27546619,Autres services
RDS_DICT_INDICATORS_NSO,Indicateurs,27546639,Paiements extérieurs de la tunisie: évolution des recettes
RDS_DICT_INDICATORS_NSO,Indicateurs,27546649,Recettes courantes
RDS_DICT_INDICATORS_NSO,Indicateurs,27546659,Exportations de marchandises (FOB)
RDS_DICT_INDICATORS_NSO,Indicateurs,27546669,Services
RDS_DICT_INDICATORS_NSO,Indicateurs,27546679,Service de Transport
RDS_DICT_INDICATORS_NSO,Indicateurs,27546689,Fret et assurance sur marchandise
RDS_DICT_INDICATORS_NSO,Indicateurs,27546699,Transport des Passagers
RDS_DICT_INDICATORS_NSO,Indicateurs,27546709,Autres transports
RDS_DICT_INDICATORS_NSO,Indicateurs,27546719,Redevance gaz
RDS_DICT_INDICATORS_NSO,Indicateurs,27546729,Voyages
RDS_DICT_INDICATORS_NSO,Indicateurs,27546739,Voyage Touristique
RDS_DICT_INDICATORS_NSO,Indicateurs,27546749,Voyages à titre  professionnel et officiel
RDS_DICT_INDICATORS_NSO,Indicateurs,27546759,Autres services
RDS_DICT_INDICATORS_NSO,Indicateurs,27546769,Opérations  gouvernementales
RDS_DICT_INDICATORS_NSO,Indicateurs,27546779,Autres services
RDS_DICT_INDICATORS_NSO,Indicateurs,27546789,Revenus de facteurs
RDS_DICT_INDICATORS_NSO,Indicateurs,27546799,Revenus de capital
RDS_DICT_INDICATORS_NSO,Indicateurs,27546809,Intérêts sur prêts et placements
RDS_DICT_INDICATORS_NSO,Indicateurs,27546819,Revenus du travail
RDS_DICT_INDICATORS_NSO,Indicateurs,27546829,Transferts unilatéraux
RDS_DICT_INDICATORS_NSO,Indicateurs,27546839,Secteur privé tunisien
RDS_DICT_INDICATORS_NSO,Indicateurs,27546849,Secteur public tunisien
RDS_DICT_INDICATORS_NSO,Indicateurs,27546859,Opérations en capital  & financières
RDS_DICT_INDICATORS_NSO,Indicateurs,27546869,Opérations en capital
RDS_DICT_INDICATORS_NSO,Indicateurs,27546879,Opérations financières
RDS_DICT_INDICATORS_NSO,Indicateurs,27546889,Investissements directs
RDS_DICT_INDICATORS_NSO,Indicateurs,27546899,Investissement de portefeuille
RDS_DICT_INDICATORS_NSO,Indicateurs,27546909,Emprunts à long terme de l'administration
RDS_DICT_INDICATORS_NSO,Indicateurs,27546919,Prêts
RDS_DICT_INDICATORS_NSO,Indicateurs,27546929,Emprunts d'origine publique
RDS_DICT_INDICATORS_NSO,Indicateurs,27546939,Emprunts d'origine privée
RDS_DICT_INDICATORS_NSO,Indicateurs,27546949,Prêts- emprunts à long terme des entreprises
RDS_DICT_INDICATORS_NSO,Indicateurs,27546959,Avoirs
RDS_DICT_INDICATORS_NSO,Indicateurs,27546969,Engagements
RDS_DICT_INDICATORS_NSO,Indicateurs,27546979,Emprunts d'origine publique
RDS_DICT_INDICATORS_NSO,Indicateurs,27546989,Emprunts d'origine privée
RDS_DICT_INDICATORS_NSO,Indicateurs,27546999,Autres engagements à moyen et long terme
RDS_DICT_INDICATORS_NSO,Indicateurs,27547009,Prêts- emprunts à court terme (flux nets)
RDS_DICT_INDICATORS_NSO,Indicateurs,27547019,Opérations d'ajustement (flux nets)
RDS_DICT_INDICATORS_NSO,Indicateurs,27547029,Total Général des Recettes
RDS_DICT_INDICATORS_NSO,Indicateurs,27547039,Paiements extérieurs de la tunisie: évolution des dépenses
RDS_DICT_INDICATORS_NSO,Indicateurs,27547049,Dépenses courantes
RDS_DICT_INDICATORS_NSO,Indicateurs,27547059,Importations de marchandises (FOB)
RDS_DICT_INDICATORS_NSO,Indicateurs,27547069,Services
RDS_DICT_INDICATORS_NSO,Indicateurs,27547079,Transport
RDS_DICT_INDICATORS_NSO,Indicateurs,27547089,Fret et assurance sur marchandise
RDS_DICT_INDICATORS_NSO,Indicateurs,27547099,Autres transports
RDS_DICT_INDICATORS_NSO,Indicateurs,27547109,Voyages
RDS_DICT_INDICATORS_NSO,Indicateurs,27547119,Voyages touristiques
RDS_DICT_INDICATORS_NSO,Indicateurs,27547129,Voyages à titre professionnel et officiel
RDS_DICT_INDICATORS_NSO,Indicateurs,27547139,Autres voyages
RDS_DICT_INDICATORS_NSO,Indicateurs,27547149,Opérations gouvernementales
RDS_DICT_INDICATORS_NSO,Indicateurs,27547159,Autres services
RDS_DICT_INDICATORS_NSO,Indicateurs,27547169,Revenus de facteurs
RDS_DICT_INDICATORS_NSO,Indicateurs,27547179,Revenus de capital
RDS_DICT_INDICATORS_NSO,Indicateurs,27547189,Intérêts sur prêts  et placements à Long terme
RDS_DICT_INDICATORS_NSO,Indicateurs,27547199,Revenus du travail
RDS_DICT_INDICATORS_NSO,Indicateurs,27547209,Transferts courants
RDS_DICT_INDICATORS_NSO,Indicateurs,27547219,Secteur privé tunisien
RDS_DICT_INDICATORS_NSO,Indicateurs,27547229,Secteur public tunisien
RDS_DICT_INDICATORS_NSO,Indicateurs,27547239,Opérations en capital et financières
RDS_DICT_INDICATORS_NSO,Indicateurs,27547249,Opérations en capital
RDS_DICT_INDICATORS_NSO,Indicateurs,27547259,Opérations financières
RDS_DICT_INDICATORS_NSO,Indicateurs,27547269,Investissements directs
RDS_DICT_INDICATORS_NSO,Indicateurs,27547279,Investissement de portefeuille
RDS_DICT_INDICATORS_NSO,Indicateurs,27547289,Emprunts à Long terme de l'administration
RDS_DICT_INDICATORS_NSO,Indicateurs,27547299,Emprunts d'origine publique
RDS_DICT_INDICATORS_NSO,Indicateurs,27547309,Emprunts d'origine privée
RDS_DICT_INDICATORS_NSO,Indicateurs,27547319,Prêts-emprunts à Long Terme des entreprises
RDS_DICT_INDICATORS_NSO,Indicateurs,27547329,Engagements
RDS_DICT_INDICATORS_NSO,Indicateurs,27547339,Origine publique
RDS_DICT_INDICATORS_NSO,Indicateurs,27547349,Origine privée
RDS_DICT_INDICATORS_NSO,Indicateurs,27547359,Prêts- emprunts à court terme  (flux nets)
RDS_DICT_INDICATORS_NSO,Indicateurs,27547369,Opérations d'ajustement (flux nets)
RDS_DICT_INDICATORS_NSO,Indicateurs,27547379,Total Général des Dépenses
RDS_DICT_INDICATORS_NSO,Indicateurs,27547389,Solde
RDS_DICT_INDICATORS_NSO,Indicateurs,27547509,Principaux indicateurs boursies
RDS_DICT_INDICATORS_NSO,Indicateurs,27547519,Indice B.V.M.T (Base 100 le 30/09/90)
RDS_DICT_INDICATORS_NSO,Indicateurs,27547529,Indice Tunindex (Base 1000 le 31/12/97)
RDS_DICT_INDICATORS_NSO,Indicateurs,27547539,Nombre de sociétes cotées
RDS_DICT_INDICATORS_NSO,Indicateurs,27547549,Capitalisations boursières
RDS_DICT_INDICATORS_NSO,Indicateurs,27547559,Capitaux traités (Actions et droits)
RDS_DICT_INDICATORS_NSO,Indicateurs,27547569,Titres traités
RDS_DICT_INDICATORS_NSO,Indicateurs,11919716,Population
RDS_DICT_INDICATORS_NSO,Indicateurs,22269316,Population au 1er Juillet
RDS_DICT_INDICATORS_NSO,Indicateurs,22269816,Tranches d'âge
RDS_DICT_INDICATORS_NSO,Indicateurs,22271016,00-04
RDS_DICT_INDICATORS_NSO,Indicateurs,22278816,Masculin
RDS_DICT_INDICATORS_NSO,Indicateurs,22278916,Feminin
RDS_DICT_INDICATORS_NSO,Indicateurs,22271116,05-09
RDS_DICT_INDICATORS_NSO,Indicateurs,22279016,Masculin
RDS_DICT_INDICATORS_NSO,Indicateurs,22279116,Feminin
RDS_DICT_INDICATORS_NSO,Indicateurs,22271216,10-14
RDS_DICT_INDICATORS_NSO,Indicateurs,22279216,Masculin
RDS_DICT_INDICATORS_NSO,Indicateurs,22279316,Feminin
RDS_DICT_INDICATORS_NSO,Indicateurs,22271316,15-19
RDS_DICT_INDICATORS_NSO,Indicateurs,22279416,Masculin
RDS_DICT_INDICATORS_NSO,Indicateurs,22279516,Feminin
RDS_DICT_INDICATORS_NSO,Indicateurs,22271416,20-24
RDS_DICT_INDICATORS_NSO,Indicateurs,22279616,Masculin
RDS_DICT_INDICATORS_NSO,Indicateurs,22279716,Feminin
RDS_DICT_INDICATORS_NSO,Indicateurs,22271516,25-29
RDS_DICT_INDICATORS_NSO,Indicateurs,22279816,Masculin
RDS_DICT_INDICATORS_NSO,Indicateurs,22279916,Feminin
RDS_DICT_INDICATORS_NSO,Indicateurs,22271616,30-34
RDS_DICT_INDICATORS_NSO,Indicateurs,22280016,Masculin
RDS_DICT_INDICATORS_NSO,Indicateurs,22280116,Feminin
RDS_DICT_INDICATORS_NSO,Indicateurs,22271716,35-39
RDS_DICT_INDICATORS_NSO,Indicateurs,22280216,Masculin
RDS_DICT_INDICATORS_NSO,Indicateurs,22280316,Feminin
RDS_DICT_INDICATORS_NSO,Indicateurs,22271816,40-44
RDS_DICT_INDICATORS_NSO,Indicateurs,22280416,Masculin
RDS_DICT_INDICATORS_NSO,Indicateurs,22280516,Feminin
RDS_DICT_INDICATORS_NSO,Indicateurs,22271916,45-49
RDS_DICT_INDICATORS_NSO,Indicateurs,22280616,Masculin
RDS_DICT_INDICATORS_NSO,Indicateurs,22280716,Feminin
RDS_DICT_INDICATORS_NSO,Indicateurs,22272016,50-54
RDS_DICT_INDICATORS_NSO,Indicateurs,22280816,Masculin
RDS_DICT_INDICATORS_NSO,Indicateurs,22280916,Feminin
RDS_DICT_INDICATORS_NSO,Indicateurs,22272116,55-59
RDS_DICT_INDICATORS_NSO,Indicateurs,22281016,Masculin
RDS_DICT_INDICATORS_NSO,Indicateurs,22281116,Feminin
RDS_DICT_INDICATORS_NSO,Indicateurs,22272216,60-64
RDS_DICT_INDICATORS_NSO,Indicateurs,22281216,Masculin
RDS_DICT_INDICATORS_NSO,Indicateurs,22281316,Feminin
RDS_DICT_INDICATORS_NSO,Indicateurs,22272316,65-69
RDS_DICT_INDICATORS_NSO,Indicateurs,22281416,Masculin
RDS_DICT_INDICATORS_NSO,Indicateurs,22281516,Feminin
RDS_DICT_INDICATORS_NSO,Indicateurs,22272416,70-74
RDS_DICT_INDICATORS_NSO,Indicateurs,22281616,Masculin
RDS_DICT_INDICATORS_NSO,Indicateurs,22281716,Feminin
RDS_DICT_INDICATORS_NSO,Indicateurs,22272516,75-79
RDS_DICT_INDICATORS_NSO,Indicateurs,22281816,Masculin
RDS_DICT_INDICATORS_NSO,Indicateurs,22281916,Feminin
RDS_DICT_INDICATORS_NSO,Indicateurs,22272616,80 & +
RDS_DICT_INDICATORS_NSO,Indicateurs,22282016,Masculin
RDS_DICT_INDICATORS_NSO,Indicateurs,22282116,Feminin
RDS_DICT_INDICATORS_NSO,Indicateurs,22269916,Sexe
RDS_DICT_INDICATORS_NSO,Indicateurs,22272716,Masculin
RDS_DICT_INDICATORS_NSO,Indicateurs,22282216,00-04
RDS_DICT_INDICATORS_NSO,Indicateurs,22282316,05-09
RDS_DICT_INDICATORS_NSO,Indicateurs,22282416,10-14
RDS_DICT_INDICATORS_NSO,Indicateurs,22282516,15-19
RDS_DICT_INDICATORS_NSO,Indicateurs,22282616,20-24
RDS_DICT_INDICATORS_NSO,Indicateurs,22282716,25-29
RDS_DICT_INDICATORS_NSO,Indicateurs,22282816,30-34
RDS_DICT_INDICATORS_NSO,Indicateurs,22282916,35-39
RDS_DICT_INDICATORS_NSO,Indicateurs,22283016,40-44
RDS_DICT_INDICATORS_NSO,Indicateurs,22283116,45-49
RDS_DICT_INDICATORS_NSO,Indicateurs,22283216,50-54
RDS_DICT_INDICATORS_NSO,Indicateurs,22283316,55-59
RDS_DICT_INDICATORS_NSO,Indicateurs,22283416,60-64
RDS_DICT_INDICATORS_NSO,Indicateurs,22283516,65-69
RDS_DICT_INDICATORS_NSO,Indicateurs,22283616,70-74
RDS_DICT_INDICATORS_NSO,Indicateurs,22283716,75-79
RDS_DICT_INDICATORS_NSO,Indicateurs,22283816,80 & +
RDS_DICT_INDICATORS_NSO,Indicateurs,22272816,Féminin
RDS_DICT_INDICATORS_NSO,Indicateurs,22283916,00-04
RDS_DICT_INDICATORS_NSO,Indicateurs,22284016,05-09
RDS_DICT_INDICATORS_NSO,Indicateurs,22284116,10-14
RDS_DICT_INDICATORS_NSO,Indicateurs,22284216,15-19
RDS_DICT_INDICATORS_NSO,Indicateurs,22284316,20-24
RDS_DICT_INDICATORS_NSO,Indicateurs,22284416,25-29
RDS_DICT_INDICATORS_NSO,Indicateurs,22284516,30-34
RDS_DICT_INDICATORS_NSO,Indicateurs,22284616,35-39
RDS_DICT_INDICATORS_NSO,Indicateurs,22284716,40-44
RDS_DICT_INDICATORS_NSO,Indicateurs,22284816,45-49
RDS_DICT_INDICATORS_NSO,Indicateurs,22284916,50-54
RDS_DICT_INDICATORS_NSO,Indicateurs,22285016,55-59
RDS_DICT_INDICATORS_NSO,Indicateurs,22285116,60-64
RDS_DICT_INDICATORS_NSO,Indicateurs,22285216,65-69
RDS_DICT_INDICATORS_NSO,Indicateurs,22285316,70-74
RDS_DICT_INDICATORS_NSO,Indicateurs,22285416,75-79
RDS_DICT_INDICATORS_NSO,Indicateurs,22285516,80 & +
RDS_DICT_INDICATORS_NSO,Indicateurs,27299016,Milieu
RDS_DICT_INDICATORS_NSO,Indicateurs,27299416,Communal
RDS_DICT_INDICATORS_NSO,Indicateurs,27299116,Non communal
RDS_DICT_INDICATORS_NSO,Indicateurs,27529849,Indicateurs démographiques
RDS_DICT_INDICATORS_NSO,Indicateurs,27529859,Natalité
RDS_DICT_INDICATORS_NSO,Indicateurs,27529869,Mortalité
RDS_DICT_INDICATORS_NSO,Indicateurs,27529879,Mortinalité
RDS_DICT_INDICATORS_NSO,Indicateurs,27529889,Nuptialité
RDS_DICT_INDICATORS_NSO,Indicateurs,27529899,Taux d'accroissement Naturel
RDS_DICT_INDICATORS_NSO,Indicateurs,27529909,Indice synthétique de fécondité
RDS_DICT_INDICATORS_NSO,Indicateurs,27529919,Taux de mortalité infantile
RDS_DICT_INDICATORS_NSO,Indicateurs,27529929,Espérance de vie à la naissance
RDS_DICT_INDICATORS_NSO,Indicateurs,27529939,Hommes
RDS_DICT_INDICATORS_NSO,Indicateurs,27529949,Femmes
RDS_DICT_INDICATORS_NSO,Indicateurs,27966159,Part de la population urbaine
RDS_DICT_INDICATORS_NSO,Indicateurs,27966169,Densité de la population au km²
RDS_DICT_INDICATORS_NSO,Indicateurs,22269416,Naissance
RDS_DICT_INDICATORS_NSO,Indicateurs,22270016,Sexe
RDS_DICT_INDICATORS_NSO,Indicateurs,22272916,Masculin
RDS_DICT_INDICATORS_NSO,Indicateurs,22273016,Feminin
RDS_DICT_INDICATORS_NSO,Indicateurs,27966149,Rapport de masculinité
RDS_DICT_INDICATORS_NSO,Indicateurs,22270116,Age de la mère
RDS_DICT_INDICATORS_NSO,Indicateurs,22273116,15-19
RDS_DICT_INDICATORS_NSO,Indicateurs,22273216,20-24
RDS_DICT_INDICATORS_NSO,Indicateurs,22273316,25-29
RDS_DICT_INDICATORS_NSO,Indicateurs,22273416,30-34
RDS_DICT_INDICATORS_NSO,Indicateurs,22273516,35-39
RDS_DICT_INDICATORS_NSO,Indicateurs,22273616,40-44
RDS_DICT_INDICATORS_NSO,Indicateurs,22273716,45-49
RDS_DICT_INDICATORS_NSO,Indicateurs,22273816,Non déclaré
RDS_DICT_INDICATORS_NSO,Indicateurs,22270216,Lieu d'accouchement
RDS_DICT_INDICATORS_NSO,Indicateurs,22273916,Domicile
RDS_DICT_INDICATORS_NSO,Indicateurs,22274016,Hôpital
RDS_DICT_INDICATORS_NSO,Indicateurs,22274116,Clinique
RDS_DICT_INDICATORS_NSO,Indicateurs,22274216,Non Décalré
RDS_DICT_INDICATORS_NSO,Indicateurs,22269516,Décés
RDS_DICT_INDICATORS_NSO,Indicateurs,22270416,Décés observés
RDS_DICT_INDICATORS_NSO,Indicateurs,22275616,Par sexe
RDS_DICT_INDICATORS_NSO,Indicateurs,22286816,Masculin
RDS_DICT_INDICATORS_NSO,Indicateurs,22286916,Féminin
RDS_DICT_INDICATORS_NSO,Indicateurs,22275516,Mois
RDS_DICT_INDICATORS_NSO,Indicateurs,22285616,Janvier
RDS_DICT_INDICATORS_NSO,Indicateurs,22285716,Févirer
RDS_DICT_INDICATORS_NSO,Indicateurs,22285816,Mars
RDS_DICT_INDICATORS_NSO,Indicateurs,22285916,Avril
RDS_DICT_INDICATORS_NSO,Indicateurs,22286016,Mai
RDS_DICT_INDICATORS_NSO,Indicateurs,22286116,Juin
RDS_DICT_INDICATORS_NSO,Indicateurs,22286216,Juillet
RDS_DICT_INDICATORS_NSO,Indicateurs,22286316,Août
RDS_DICT_INDICATORS_NSO,Indicateurs,22286416,Septembre
RDS_DICT_INDICATORS_NSO,Indicateurs,22286516,Octobre
RDS_DICT_INDICATORS_NSO,Indicateurs,22286616,Novembre
RDS_DICT_INDICATORS_NSO,Indicateurs,22286716,Décembre
RDS_DICT_INDICATORS_NSO,Indicateurs,22270516,Décés corrigés
RDS_DICT_INDICATORS_NSO,Indicateurs,22270616,Morts-nés
RDS_DICT_INDICATORS_NSO,Indicateurs,22275716,Mois
RDS_DICT_INDICATORS_NSO,Indicateurs,22287016,Janvier
RDS_DICT_INDICATORS_NSO,Indicateurs,22287116,Févirer
RDS_DICT_INDICATORS_NSO,Indicateurs,22287216,Mars
RDS_DICT_INDICATORS_NSO,Indicateurs,22287316,Avril
RDS_DICT_INDICATORS_NSO,Indicateurs,22287416,Mai
RDS_DICT_INDICATORS_NSO,Indicateurs,22287516,Juin
RDS_DICT_INDICATORS_NSO,Indicateurs,22287616,Juillet
RDS_DICT_INDICATORS_NSO,Indicateurs,22287716,Août
RDS_DICT_INDICATORS_NSO,Indicateurs,22287816,Septembre
RDS_DICT_INDICATORS_NSO,Indicateurs,22287916,Octobre
RDS_DICT_INDICATORS_NSO,Indicateurs,22288016,Novembre
RDS_DICT_INDICATORS_NSO,Indicateurs,22288116,Décembre
RDS_DICT_INDICATORS_NSO,Indicateurs,22269616,Mariages
RDS_DICT_INDICATORS_NSO,Indicateurs,22270716,Mois
RDS_DICT_INDICATORS_NSO,Indicateurs,22275816,Janvier
RDS_DICT_INDICATORS_NSO,Indicateurs,22275916,Févirer
RDS_DICT_INDICATORS_NSO,Indicateurs,22276016,Mars
RDS_DICT_INDICATORS_NSO,Indicateurs,22276116,Avril
RDS_DICT_INDICATORS_NSO,Indicateurs,22276216,Mai
RDS_DICT_INDICATORS_NSO,Indicateurs,22276316,Juin
RDS_DICT_INDICATORS_NSO,Indicateurs,22276416,Juillet
RDS_DICT_INDICATORS_NSO,Indicateurs,22276516,Août
RDS_DICT_INDICATORS_NSO,Indicateurs,22276616,Septembre
RDS_DICT_INDICATORS_NSO,Indicateurs,22276716,Octobre
RDS_DICT_INDICATORS_NSO,Indicateurs,22276816,Novembre
RDS_DICT_INDICATORS_NSO,Indicateurs,22276916,Décembre
RDS_DICT_INDICATORS_NSO,Indicateurs,22270816,Groupe d'age de l'époux
RDS_DICT_INDICATORS_NSO,Indicateurs,22277016,Moins de 20 ans
RDS_DICT_INDICATORS_NSO,Indicateurs,22277116,20-24
RDS_DICT_INDICATORS_NSO,Indicateurs,22277216,25-29
RDS_DICT_INDICATORS_NSO,Indicateurs,22277316,30-34
RDS_DICT_INDICATORS_NSO,Indicateurs,22277416,35-39
RDS_DICT_INDICATORS_NSO,Indicateurs,22277516,40-44
RDS_DICT_INDICATORS_NSO,Indicateurs,22277616,45-49
RDS_DICT_INDICATORS_NSO,Indicateurs,22277716,50-54
RDS_DICT_INDICATORS_NSO,Indicateurs,22277816,55-59
RDS_DICT_INDICATORS_NSO,Indicateurs,28759079,50-59
RDS_DICT_INDICATORS_NSO,Indicateurs,22277916,60 ans &+
RDS_DICT_INDICATORS_NSO,Indicateurs,22288216,Non déclaré
RDS_DICT_INDICATORS_NSO,Indicateurs,22270916,Groupe d'age de l'épouse
RDS_DICT_INDICATORS_NSO,Indicateurs,22278016,15-19
RDS_DICT_INDICATORS_NSO,Indicateurs,22278116,20-24
RDS_DICT_INDICATORS_NSO,Indicateurs,22278216,25-29
RDS_DICT_INDICATORS_NSO,Indicateurs,22278316,30-34
RDS_DICT_INDICATORS_NSO,Indicateurs,22278416,35-39
RDS_DICT_INDICATORS_NSO,Indicateurs,22278516,40-44
RDS_DICT_INDICATORS_NSO,Indicateurs,22278616,45-49
RDS_DICT_INDICATORS_NSO,Indicateurs,22278716,50 ans &+
RDS_DICT_INDICATORS_NSO,Indicateurs,22288316,Non declaré
RDS_DICT_INDICATORS_NSO,Indicateurs,22269716,Divorces
RDS_DICT_INDICATORS_NSO,Indicateurs,11922316,Population au 1er janvier
RDS_DICT_INDICATORS_NSO,Indicateurs,22314816,Salaires
RDS_DICT_INDICATORS_NSO,Indicateurs,22315216,SMIG
RDS_DICT_INDICATORS_NSO,Indicateurs,22315816,Régime 48h / semaine
RDS_DICT_INDICATORS_NSO,Indicateurs,22315916,Régime 40h / semaine
RDS_DICT_INDICATORS_NSO,Indicateurs,22315316,SMAG
RDS_DICT_INDICATORS_NSO,Indicateurs,27966139,Taux d'Evolution des Salaires dans le secteur privé non agricole
RDS_DICT_INDICATORS_NSO,Indicateurs,11920216,Santé
RDS_DICT_INDICATORS_NSO,Indicateurs,27331516,Indicateurs généraux de santé
RDS_DICT_INDICATORS_NSO,Indicateurs,27331616,Nombre d'habitants pour un médecin
RDS_DICT_INDICATORS_NSO,Indicateurs,27331716,Nombre d'habitants pour un dentiste
RDS_DICT_INDICATORS_NSO,Indicateurs,27331816,Nombre d'habitants pour un pharmacien
RDS_DICT_INDICATORS_NSO,Indicateurs,27331916,Nombre d'habitants pour un para-médical
RDS_DICT_INDICATORS_NSO,Indicateurs,22300216,Infrastructue sanitaire du secteur public
RDS_DICT_INDICATORS_NSO,Indicateurs,22301216,Hôpitaux généraux
RDS_DICT_INDICATORS_NSO,Indicateurs,22301316,"Instituts, centres et Hôpitaux spécialisés"
RDS_DICT_INDICATORS_NSO,Indicateurs,22301416,Hôpitaux régionaux
RDS_DICT_INDICATORS_NSO,Indicateurs,22301516,Hôpitaux de circonscription
RDS_DICT_INDICATORS_NSO,Indicateurs,22301616,Centres de santé de base
RDS_DICT_INDICATORS_NSO,Indicateurs,22301016,Nombre de lits
RDS_DICT_INDICATORS_NSO,Indicateurs,22301116,Lits pour 1000 habitants
RDS_DICT_INDICATORS_NSO,Indicateurs,22300316,Infrastructue sanitaire du secteur privé
RDS_DICT_INDICATORS_NSO,Indicateurs,22301716,Cabinets de libre pratique
RDS_DICT_INDICATORS_NSO,Indicateurs,22301816,Cliniques
RDS_DICT_INDICATORS_NSO,Indicateurs,22301916,Cabinets Dentaires
RDS_DICT_INDICATORS_NSO,Indicateurs,22300516,Officines
RDS_DICT_INDICATORS_NSO,Indicateurs,22302016,Officines : Catégorie .A ( de jour )
RDS_DICT_INDICATORS_NSO,Indicateurs,22302116,Officines : Catégorie .B ( de nuit )
RDS_DICT_INDICATORS_NSO,Indicateurs,22302216,Grossistes répartiteurs
RDS_DICT_INDICATORS_NSO,Indicateurs,27942769,Personnel médical
RDS_DICT_INDICATORS_NSO,Indicateurs,22300416,Medecins
RDS_DICT_INDICATORS_NSO,Indicateurs,22302316,Médecins de la Santé publique
RDS_DICT_INDICATORS_NSO,Indicateurs,22302416,Médecins de Libres pratiques
RDS_DICT_INDICATORS_NSO,Indicateurs,22300616,Personnel paramédical
RDS_DICT_INDICATORS_NSO,Indicateurs,22302516,Techniciens supérieurs
RDS_DICT_INDICATORS_NSO,Indicateurs,22302616,Infermiers
RDS_DICT_INDICATORS_NSO,Indicateurs,22300716,Activité de la santé de la reproduction et de la planification familiale
RDS_DICT_INDICATORS_NSO,Indicateurs,27942779,Services de santé de la reproduction
RDS_DICT_INDICATORS_NSO,Indicateurs,22302716,Actes Santé de la Reproduction
RDS_DICT_INDICATORS_NSO,Indicateurs,22302816,Actes Postnatal
RDS_DICT_INDICATORS_NSO,Indicateurs,22302916,Actes Prénatal
RDS_DICT_INDICATORS_NSO,Indicateurs,27942789,Planification familiale
RDS_DICT_INDICATORS_NSO,Indicateurs,22300816,Bénéficiaires de Planing Familial
RDS_DICT_INDICATORS_NSO,Indicateurs,22303716,Bénéficiaires par sexe
RDS_DICT_INDICATORS_NSO,Indicateurs,22304116,Femmes
RDS_DICT_INDICATORS_NSO,Indicateurs,22304016,Hommes
RDS_DICT_INDICATORS_NSO,Indicateurs,22303816,Femmes en âge de reproduction
RDS_DICT_INDICATORS_NSO,Indicateurs,22303916,Jeunes
RDS_DICT_INDICATORS_NSO,Indicateurs,27331316,Actes de contraception utilisés
RDS_DICT_INDICATORS_NSO,Indicateurs,22303016,Condom
RDS_DICT_INDICATORS_NSO,Indicateurs,22303116,Injectable
RDS_DICT_INDICATORS_NSO,Indicateurs,22303216,Cycle Pilule
RDS_DICT_INDICATORS_NSO,Indicateurs,22303316,D I U
RDS_DICT_INDICATORS_NSO,Indicateurs,22303416,Spermicide
RDS_DICT_INDICATORS_NSO,Indicateurs,22303516,Implant
RDS_DICT_INDICATORS_NSO,Indicateurs,22303616,Ligature des Trompes
RDS_DICT_INDICATORS_NSO,Indicateurs,27331416,Total des bénéficiaires
RDS_DICT_INDICATORS_NSO,Indicateurs,22300916,Taux de prevalence contraceptive
RDS_DICT_INDICATORS_NSO,Indicateurs,11920816,Technologies de communication
RDS_DICT_INDICATORS_NSO,Indicateurs,22911116,Domaines des télécommunications
RDS_DICT_INDICATORS_NSO,Indicateurs,22911316,Les réseaux téléphoniques
RDS_DICT_INDICATORS_NSO,Indicateurs,22911416,Nombre d'abonnés au réseau de téléphone fixe (en milliers )
RDS_DICT_INDICATORS_NSO,Indicateurs,27653579,Nombre d'abonnés au réseau de téléphonie mobile RTM
RDS_DICT_INDICATORS_NSO,Indicateurs,22911516,Nombre d'abonnés aux réseaux de téléphonie mobile GSM
RDS_DICT_INDICATORS_NSO,Indicateurs,22911616,Densité téléphonique (fixe et mobile) : Ligne pour les 100 Habitants
RDS_DICT_INDICATORS_NSO,Indicateurs,22911716,Nombre de centres publics de Télécommunications (Publitels)
RDS_DICT_INDICATORS_NSO,Indicateurs,22911816,Les réseaux de transmissions de données
RDS_DICT_INDICATORS_NSO,Indicateurs,22911916,Les lignes spécialisées LS
RDS_DICT_INDICATORS_NSO,Indicateurs,22912016,Les lignes RNIS
RDS_DICT_INDICATORS_NSO,Indicateurs,22912116,Les lignes ADSL
RDS_DICT_INDICATORS_NSO,Indicateurs,22912216,Les lignes Frame Relay
RDS_DICT_INDICATORS_NSO,Indicateurs,28180819,Les ligne SDSL
RDS_DICT_INDICATORS_NSO,Indicateurs,28180829,Les Lignes MPLS
RDS_DICT_INDICATORS_NSO,Indicateurs,22912316,Evolutions du nombre d'abonnés au réseau téléphonique fixe par gouvernorat
RDS_DICT_INDICATORS_NSO,Indicateurs,22912416,Tunisie Télécom
RDS_DICT_INDICATORS_NSO,Indicateurs,22912516,Opérateur téléphonique Ooredoo
RDS_DICT_INDICATORS_NSO,Indicateurs,22915116,Opérateur téléphonique Orange
RDS_DICT_INDICATORS_NSO,Indicateurs,22915216,Trafic téléphoniques Tunisie Télécom
RDS_DICT_INDICATORS_NSO,Indicateurs,22915316,Lignes d'abonnements au 31 décembre
RDS_DICT_INDICATORS_NSO,Indicateurs,22915416,Grand Tunis
RDS_DICT_INDICATORS_NSO,Indicateurs,22915516,Intérieur
RDS_DICT_INDICATORS_NSO,Indicateurs,22915616,Nouvelles lignes d'abonnements
RDS_DICT_INDICATORS_NSO,Indicateurs,22915716,Grand Tunis
RDS_DICT_INDICATORS_NSO,Indicateurs,22915816,Intérieur
RDS_DICT_INDICATORS_NSO,Indicateurs,22915916,Lignes resiliées
RDS_DICT_INDICATORS_NSO,Indicateurs,22916016,Grand Tunis
RDS_DICT_INDICATORS_NSO,Indicateurs,22916116,Intérieur
RDS_DICT_INDICATORS_NSO,Indicateurs,22916216,Demandes d'abonnements en  instance
RDS_DICT_INDICATORS_NSO,Indicateurs,22916316,Grand Tunis
RDS_DICT_INDICATORS_NSO,Indicateurs,22916416,Intérieur
RDS_DICT_INDICATORS_NSO,Indicateurs,22916516,Domaines de l'informatique et de l'internet
RDS_DICT_INDICATORS_NSO,Indicateurs,22916616,Nombre total d'abonnements Internet (Fixe + Mobile)
RDS_DICT_INDICATORS_NSO,Indicateurs,28759089,Nombre d'abonnement internet fixe
RDS_DICT_INDICATORS_NSO,Indicateurs,28759099,"Nombre d'abonnements à Internet mobile Clé 3G/4G, M2M"
RDS_DICT_INDICATORS_NSO,Indicateurs,28759109,Abonnements internet mobile via téléphone mobile
RDS_DICT_INDICATORS_NSO,Indicateurs,22916716,Nombre d'abonnés au réseau Internet Pour les 100 habitants
RDS_DICT_INDICATORS_NSO,Indicateurs,22916816,Nombre d'utilisateurs du réseau Internet
RDS_DICT_INDICATORS_NSO,Indicateurs,22916916,Nombre d'utilisateurs du réseau Internet pour les 1000 habitants
RDS_DICT_INDICATORS_NSO,Indicateurs,22917016,Pourcentage des ménages connectés au réseau Internet (%)
RDS_DICT_INDICATORS_NSO,Indicateurs,22917116,Nombre de sites Web
RDS_DICT_INDICATORS_NSO,Indicateurs,22917216,Largeur de la bande passante Internationale d'Internet (Gb/s)
RDS_DICT_INDICATORS_NSO,Indicateurs,22917316,Nombre total d'ordinateurs ( toutes gammes confondues)
RDS_DICT_INDICATORS_NSO,Indicateurs,22917416,Nombre d'ordinateurs pour 100 habitants
RDS_DICT_INDICATORS_NSO,Indicateurs,22917516,Taux de pénétration des ordinateurs dans les ménages
RDS_DICT_INDICATORS_NSO,Indicateurs,22917616,Domaines de la télédiffusion
RDS_DICT_INDICATORS_NSO,Indicateurs,27532229,Taux de Couverture des chaines télévisées
RDS_DICT_INDICATORS_NSO,Indicateurs,27532239,Canal Tunis National 1
RDS_DICT_INDICATORS_NSO,Indicateurs,27532249,Canal Tunis National 2
RDS_DICT_INDICATORS_NSO,Indicateurs,27532259,Hannibal Tv
RDS_DICT_INDICATORS_NSO,Indicateurs,28180839,Télédiffusion numérique terrestre
RDS_DICT_INDICATORS_NSO,Indicateurs,28181269,Canal Tunis National 1
RDS_DICT_INDICATORS_NSO,Indicateurs,28181279,Canal Tunis National 2
RDS_DICT_INDICATORS_NSO,Indicateurs,28181289,Hannibal Tv
RDS_DICT_INDICATORS_NSO,Indicateurs,28181299,Nesma TV
RDS_DICT_INDICATORS_NSO,Indicateurs,28181309,El Hiwar Ettounsi
RDS_DICT_INDICATORS_NSO,Indicateurs,28181319,Rai Uno
RDS_DICT_INDICATORS_NSO,Indicateurs,28181329,TWT
RDS_DICT_INDICATORS_NSO,Indicateurs,28181339,Attessia TV
RDS_DICT_INDICATORS_NSO,Indicateurs,28181349,Telvza TV
RDS_DICT_INDICATORS_NSO,Indicateurs,28181359,Al Mutawassit TV
RDS_DICT_INDICATORS_NSO,Indicateurs,28181369,TNN
RDS_DICT_INDICATORS_NSO,Indicateurs,28181379,First TV
RDS_DICT_INDICATORS_NSO,Indicateurs,28181389,Tounesna TV
RDS_DICT_INDICATORS_NSO,Indicateurs,28181399,Al janoubia TV
RDS_DICT_INDICATORS_NSO,Indicateurs,27532269,Taux de Couverture radiophonique
RDS_DICT_INDICATORS_NSO,Indicateurs,27532279,Radio Nationale
RDS_DICT_INDICATORS_NSO,Indicateurs,27532289,Radio Jeunes
RDS_DICT_INDICATORS_NSO,Indicateurs,27532299,Radio Internationale
RDS_DICT_INDICATORS_NSO,Indicateurs,27532309,Radio Culturelle
RDS_DICT_INDICATORS_NSO,Indicateurs,27532319,Radio Régionale de Sfax
RDS_DICT_INDICATORS_NSO,Indicateurs,27532329,Radio Régionale de Monastir
RDS_DICT_INDICATORS_NSO,Indicateurs,27532339,Radio Régionale du Kef
RDS_DICT_INDICATORS_NSO,Indicateurs,27532349,Radio Régionale de Gafsa
RDS_DICT_INDICATORS_NSO,Indicateurs,27532359,Radio Régionale de Tataouine
RDS_DICT_INDICATORS_NSO,Indicateurs,27532369,Radio Mosaique
RDS_DICT_INDICATORS_NSO,Indicateurs,27532379,Radio Jawhara
RDS_DICT_INDICATORS_NSO,Indicateurs,27532389,Radio zitouna FM
RDS_DICT_INDICATORS_NSO,Indicateurs,27532399,Radio Shems FM
RDS_DICT_INDICATORS_NSO,Indicateurs,27532409,Radio Express FM
RDS_DICT_INDICATORS_NSO,Indicateurs,28181409,Radio OXYGENE FM
RDS_DICT_INDICATORS_NSO,Indicateurs,28181419,Radio I FM
RDS_DICT_INDICATORS_NSO,Indicateurs,28181429,Radio OASIS FM
RDS_DICT_INDICATORS_NSO,Indicateurs,28181439,Radio CAP FM
RDS_DICT_INDICATORS_NSO,Indicateurs,28181449,Radio KALIMA FM
RDS_DICT_INDICATORS_NSO,Indicateurs,28181459,Radio SABRA FM
RDS_DICT_INDICATORS_NSO,Indicateurs,28181469,Radio ULYSSE FM
RDS_DICT_INDICATORS_NSO,Indicateurs,28181479,Radio CHAAMBI FM
RDS_DICT_INDICATORS_NSO,Indicateurs,28181489,Radio SARAHA FM
RDS_DICT_INDICATORS_NSO,Indicateurs,28181499,Radio KNOUZ FM
RDS_DICT_INDICATORS_NSO,Indicateurs,28181509,Radio MED FM
RDS_DICT_INDICATORS_NSO,Indicateurs,28181519,Radio Kasserine FM
RDS_DICT_INDICATORS_NSO,Indicateurs,28181529,Radio Mehdia FM
RDS_DICT_INDICATORS_NSO,Indicateurs,28181539,Radio RIBAT FM
RDS_DICT_INDICATORS_NSO,Indicateurs,28181549,Radio NEJMA FM
RDS_DICT_INDICATORS_NSO,Indicateurs,28181559,Radio Mseken FM
RDS_DICT_INDICATORS_NSO,Indicateurs,28181569,Radio Diwan FM
RDS_DICT_INDICATORS_NSO,Indicateurs,22918116,Utilisation des TIC dans les entreprises
RDS_DICT_INDICATORS_NSO,Indicateurs,22918216,Utilisation d'ordinateur dans les entreprises
RDS_DICT_INDICATORS_NSO,Indicateurs,22918316,Par secteur d'activité
RDS_DICT_INDICATORS_NSO,Indicateurs,22918416,Publique
RDS_DICT_INDICATORS_NSO,Indicateurs,22918516,Industries extractives
RDS_DICT_INDICATORS_NSO,Indicateurs,22918616,Industrie manufacturière
RDS_DICT_INDICATORS_NSO,Indicateurs,22918716,"Production et distribution d'électricité, de gaz et d'eau"
RDS_DICT_INDICATORS_NSO,Indicateurs,22918816,Construction
RDS_DICT_INDICATORS_NSO,Indicateurs,22918916,"Commerce, réparations automobile et d'articles domestiques"
RDS_DICT_INDICATORS_NSO,Indicateurs,22919116,Transports
RDS_DICT_INDICATORS_NSO,Indicateurs,22919216,Télécommunications
RDS_DICT_INDICATORS_NSO,Indicateurs,22919316,Activités financières
RDS_DICT_INDICATORS_NSO,Indicateurs,22919416,"Immobilier, locations et services aux entreprises"
RDS_DICT_INDICATORS_NSO,Indicateurs,22919516,Administration publique
RDS_DICT_INDICATORS_NSO,Indicateurs,22919616,Education
RDS_DICT_INDICATORS_NSO,Indicateurs,22919716,Sante et action sociale
RDS_DICT_INDICATORS_NSO,Indicateurs,27653599,"Services collectifs, sociaux et personnels"
RDS_DICT_INDICATORS_NSO,Indicateurs,22919816,Privé
RDS_DICT_INDICATORS_NSO,Indicateurs,22919916,Industries extractives
RDS_DICT_INDICATORS_NSO,Indicateurs,22920016,Industrie manufacturière
RDS_DICT_INDICATORS_NSO,Indicateurs,22920216,Construction
RDS_DICT_INDICATORS_NSO,Indicateurs,22920316,"Commerce, réparations automobile et d'articles domestiques"
RDS_DICT_INDICATORS_NSO,Indicateurs,22920416,Hôtels et restaurants
RDS_DICT_INDICATORS_NSO,Indicateurs,22920816,Transports
RDS_DICT_INDICATORS_NSO,Indicateurs,22921316,Télécommunications
RDS_DICT_INDICATORS_NSO,Indicateurs,22921616,Activités financières
RDS_DICT_INDICATORS_NSO,Indicateurs,22921716,"Immobilier, locations et services aux entreprises"
RDS_DICT_INDICATORS_NSO,Indicateurs,22921916,Education
RDS_DICT_INDICATORS_NSO,Indicateurs,22922016,Sante et action sociale
RDS_DICT_INDICATORS_NSO,Indicateurs,27653609,"Services collectifs, sociaux et personnels"
RDS_DICT_INDICATORS_NSO,Indicateurs,27654239,Total
RDS_DICT_INDICATORS_NSO,Indicateurs,27659049,Industries extractives
RDS_DICT_INDICATORS_NSO,Indicateurs,27659059,Industrie manufacturière
RDS_DICT_INDICATORS_NSO,Indicateurs,27659069,"Production et distribution d'électricité, de gaz et d'eau"
RDS_DICT_INDICATORS_NSO,Indicateurs,27659079,Construction
RDS_DICT_INDICATORS_NSO,Indicateurs,27659089,"Commerce, réparations automobile et d'articles domestiques"
RDS_DICT_INDICATORS_NSO,Indicateurs,27659099,Hôtels et restaurants
RDS_DICT_INDICATORS_NSO,Indicateurs,27659109,Transports
RDS_DICT_INDICATORS_NSO,Indicateurs,27659119,Télécommunications
RDS_DICT_INDICATORS_NSO,Indicateurs,27659129,Activités financières
RDS_DICT_INDICATORS_NSO,Indicateurs,27659139,"Immobilier, locations et services aux entreprises"
RDS_DICT_INDICATORS_NSO,Indicateurs,27659149,Administration publique
RDS_DICT_INDICATORS_NSO,Indicateurs,27659159,Education
RDS_DICT_INDICATORS_NSO,Indicateurs,27659169,Sante et action sociale
RDS_DICT_INDICATORS_NSO,Indicateurs,27659179,"Services collectifs, sociaux et personnels"
RDS_DICT_INDICATORS_NSO,Indicateurs,22922116,Employée utilisant l'ordinateur dans les entreprises
RDS_DICT_INDICATORS_NSO,Indicateurs,22922216,Par secteur d'activité
RDS_DICT_INDICATORS_NSO,Indicateurs,22922316,Public
RDS_DICT_INDICATORS_NSO,Indicateurs,22922416,Industries extractives
RDS_DICT_INDICATORS_NSO,Indicateurs,22922516,Industrie manufacturière
RDS_DICT_INDICATORS_NSO,Indicateurs,22922616,"Production et distribution d'électricité, de gaz et d'eau"
RDS_DICT_INDICATORS_NSO,Indicateurs,22922716,Construction
RDS_DICT_INDICATORS_NSO,Indicateurs,22922816,"Commerce, réparations automobile et d'articles domestiques"
RDS_DICT_INDICATORS_NSO,Indicateurs,22923016,Transports
RDS_DICT_INDICATORS_NSO,Indicateurs,22923116,Télécommunications
RDS_DICT_INDICATORS_NSO,Indicateurs,22923216,Activités financières
RDS_DICT_INDICATORS_NSO,Indicateurs,22923316,"Immobilier, locations et services aux entreprises"
RDS_DICT_INDICATORS_NSO,Indicateurs,22923416,Administration publique
RDS_DICT_INDICATORS_NSO,Indicateurs,22923516,Education
RDS_DICT_INDICATORS_NSO,Indicateurs,22923616,Sante et action sociale
RDS_DICT_INDICATORS_NSO,Indicateurs,27653619,"Services collectifs, sociaux et personnels"
RDS_DICT_INDICATORS_NSO,Indicateurs,22923716,Privé
RDS_DICT_INDICATORS_NSO,Indicateurs,22923816,Industries extractives
RDS_DICT_INDICATORS_NSO,Indicateurs,22923916,Industrie manufacturière
RDS_DICT_INDICATORS_NSO,Indicateurs,22924116,Construction
RDS_DICT_INDICATORS_NSO,Indicateurs,22924216,"Commerce, réparations automobile et d'articles domestiques"
RDS_DICT_INDICATORS_NSO,Indicateurs,22924316,Hôtels et restaurants
RDS_DICT_INDICATORS_NSO,Indicateurs,22924416,Transports
RDS_DICT_INDICATORS_NSO,Indicateurs,22924516,Télécommunications
RDS_DICT_INDICATORS_NSO,Indicateurs,22924616,Activités financières
RDS_DICT_INDICATORS_NSO,Indicateurs,22924716,"Immobilier, locations et services aux entreprises"
RDS_DICT_INDICATORS_NSO,Indicateurs,22924916,Education
RDS_DICT_INDICATORS_NSO,Indicateurs,22925016,Sante et action sociale
RDS_DICT_INDICATORS_NSO,Indicateurs,27653629,"Services collectifs, sociaux et personnels"
RDS_DICT_INDICATORS_NSO,Indicateurs,27654249,Total
RDS_DICT_INDICATORS_NSO,Indicateurs,27659189,Industries extractives
RDS_DICT_INDICATORS_NSO,Indicateurs,27659199,Industrie manufacturière
RDS_DICT_INDICATORS_NSO,Indicateurs,27659209,"Production et distribution d'électricité, de gaz et d'eau"
RDS_DICT_INDICATORS_NSO,Indicateurs,27659219,Construction
RDS_DICT_INDICATORS_NSO,Indicateurs,27659229,"Commerce, réparations automobile et d'articles domestiques"
RDS_DICT_INDICATORS_NSO,Indicateurs,27659239,Hôtels et restaurants
RDS_DICT_INDICATORS_NSO,Indicateurs,27659249,Transports
RDS_DICT_INDICATORS_NSO,Indicateurs,27659259,Télécommunications
RDS_DICT_INDICATORS_NSO,Indicateurs,27659269,Activités financières
RDS_DICT_INDICATORS_NSO,Indicateurs,27659279,"Immobilier, locations et services aux entreprises"
RDS_DICT_INDICATORS_NSO,Indicateurs,27659289,Administration publique
RDS_DICT_INDICATORS_NSO,Indicateurs,27659299,Education
RDS_DICT_INDICATORS_NSO,Indicateurs,27659309,Sante et action sociale
RDS_DICT_INDICATORS_NSO,Indicateurs,27659319,"Services collectifs, sociaux et personnels"
RDS_DICT_INDICATORS_NSO,Indicateurs,22925116,Utilisation d'internet dans les entreprises
RDS_DICT_INDICATORS_NSO,Indicateurs,22925216,Entreprises ayant une connexion internet
RDS_DICT_INDICATORS_NSO,Indicateurs,22925316,Par secteur d'activité
RDS_DICT_INDICATORS_NSO,Indicateurs,22925416,Public
RDS_DICT_INDICATORS_NSO,Indicateurs,22925516,Industries extractives
RDS_DICT_INDICATORS_NSO,Indicateurs,22925616,Industrie manufacturière
RDS_DICT_INDICATORS_NSO,Indicateurs,22925716,"Production et distribution d'électricité, de gaz et d'eau"
RDS_DICT_INDICATORS_NSO,Indicateurs,22925816,Construction
RDS_DICT_INDICATORS_NSO,Indicateurs,22925916,"Commerce, réparations automobile et d'articles domestiques"
RDS_DICT_INDICATORS_NSO,Indicateurs,22926116,Transports
RDS_DICT_INDICATORS_NSO,Indicateurs,22926216,Télécommunications
RDS_DICT_INDICATORS_NSO,Indicateurs,22926316,Activités financières
RDS_DICT_INDICATORS_NSO,Indicateurs,22926416,"Immobilier, locations et services aux entreprises"
RDS_DICT_INDICATORS_NSO,Indicateurs,22926516,Administration publique
RDS_DICT_INDICATORS_NSO,Indicateurs,22926616,Education
RDS_DICT_INDICATORS_NSO,Indicateurs,22926716,Sante et action sociale
RDS_DICT_INDICATORS_NSO,Indicateurs,27653639,"Services collectifs, sociaux et personnels"
RDS_DICT_INDICATORS_NSO,Indicateurs,22926816,Privé
RDS_DICT_INDICATORS_NSO,Indicateurs,22926916,Industries extractives
RDS_DICT_INDICATORS_NSO,Indicateurs,22927016,Industrie manufacturière
RDS_DICT_INDICATORS_NSO,Indicateurs,22927216,Construction
RDS_DICT_INDICATORS_NSO,Indicateurs,22927316,"Commerce, réparations automobile et d'articles domestiques"
RDS_DICT_INDICATORS_NSO,Indicateurs,22927416,Hôtels et restaurants
RDS_DICT_INDICATORS_NSO,Indicateurs,22927516,Transports
RDS_DICT_INDICATORS_NSO,Indicateurs,22927616,Télécommunications
RDS_DICT_INDICATORS_NSO,Indicateurs,22927716,Activités financières
RDS_DICT_INDICATORS_NSO,Indicateurs,22927816,"Immobilier, locations et services aux entreprises"
RDS_DICT_INDICATORS_NSO,Indicateurs,22928016,Education
RDS_DICT_INDICATORS_NSO,Indicateurs,22928116,Sante et action sociale
RDS_DICT_INDICATORS_NSO,Indicateurs,27653649,"Services collectifs, sociaux et personnels"
RDS_DICT_INDICATORS_NSO,Indicateurs,27654259,Total
RDS_DICT_INDICATORS_NSO,Indicateurs,27659329,Industries extractives
RDS_DICT_INDICATORS_NSO,Indicateurs,27659339,Industrie manufacturière
RDS_DICT_INDICATORS_NSO,Indicateurs,27659349,"Production et distribution d'électricité, de gaz et d'eau"
RDS_DICT_INDICATORS_NSO,Indicateurs,27659359,Construction
RDS_DICT_INDICATORS_NSO,Indicateurs,27659369,"Commerce, réparations automobile et d'articles domestiques"
RDS_DICT_INDICATORS_NSO,Indicateurs,27659379,Hôtels et restaurants
RDS_DICT_INDICATORS_NSO,Indicateurs,27659389,Transports
RDS_DICT_INDICATORS_NSO,Indicateurs,27659399,Télécommunications
RDS_DICT_INDICATORS_NSO,Indicateurs,27659409,Activités financières
RDS_DICT_INDICATORS_NSO,Indicateurs,27659419,"Immobilier, locations et services aux entreprises"
RDS_DICT_INDICATORS_NSO,Indicateurs,27659429,Administration publique
RDS_DICT_INDICATORS_NSO,Indicateurs,27659439,Education
RDS_DICT_INDICATORS_NSO,Indicateurs,27659449,Sante et action sociale
RDS_DICT_INDICATORS_NSO,Indicateurs,27659459,"Services collectifs, sociaux et personnels"
RDS_DICT_INDICATORS_NSO,Indicateurs,22928216,Employée utilisant l'internet dans les entreprises
RDS_DICT_INDICATORS_NSO,Indicateurs,22928316,Par secteur d'activité
RDS_DICT_INDICATORS_NSO,Indicateurs,22928416,Public
RDS_DICT_INDICATORS_NSO,Indicateurs,22928516,Industries extractives
RDS_DICT_INDICATORS_NSO,Indicateurs,22928616,Industrie manufacturière
RDS_DICT_INDICATORS_NSO,Indicateurs,22928716,"Production et distribution d'électricité, de gaz et d'eau"
RDS_DICT_INDICATORS_NSO,Indicateurs,22928816,Construction
RDS_DICT_INDICATORS_NSO,Indicateurs,22928916,"Commerce, réparations automobile et d'articles domestiques"
RDS_DICT_INDICATORS_NSO,Indicateurs,22929116,Transports
RDS_DICT_INDICATORS_NSO,Indicateurs,22929216,Télécommunications
RDS_DICT_INDICATORS_NSO,Indicateurs,22929316,Activités financières
RDS_DICT_INDICATORS_NSO,Indicateurs,22929416,"Immobilier, locations et services aux entreprises"
RDS_DICT_INDICATORS_NSO,Indicateurs,22929516,Administration publique
RDS_DICT_INDICATORS_NSO,Indicateurs,22929616,Education
RDS_DICT_INDICATORS_NSO,Indicateurs,22929716,Sante et action sociale
RDS_DICT_INDICATORS_NSO,Indicateurs,27653659,"Services collectifs, sociaux et personnels"
RDS_DICT_INDICATORS_NSO,Indicateurs,22929816,Privé
RDS_DICT_INDICATORS_NSO,Indicateurs,22929916,Industries extractives
RDS_DICT_INDICATORS_NSO,Indicateurs,22930016,Industrie manufacturière
RDS_DICT_INDICATORS_NSO,Indicateurs,22930216,Construction
RDS_DICT_INDICATORS_NSO,Indicateurs,22930316,"Commerce, réparations automobile et d'articles domestiques"
RDS_DICT_INDICATORS_NSO,Indicateurs,22930416,Hôtels et restaurants
RDS_DICT_INDICATORS_NSO,Indicateurs,22930516,Transports
RDS_DICT_INDICATORS_NSO,Indicateurs,22930616,Télécommunications
RDS_DICT_INDICATORS_NSO,Indicateurs,22930716,Activités financières
RDS_DICT_INDICATORS_NSO,Indicateurs,22930816,"Immobilier, locations et services aux entreprises"
RDS_DICT_INDICATORS_NSO,Indicateurs,22931016,Education
RDS_DICT_INDICATORS_NSO,Indicateurs,22931116,Sante et action sociale
RDS_DICT_INDICATORS_NSO,Indicateurs,27653669,"Services collectifs, sociaux et personnels"
RDS_DICT_INDICATORS_NSO,Indicateurs,27654269,Total
RDS_DICT_INDICATORS_NSO,Indicateurs,27659469,Industries extractives
RDS_DICT_INDICATORS_NSO,Indicateurs,27659479,Industrie manufacturière
RDS_DICT_INDICATORS_NSO,Indicateurs,27659489,"Production et distribution d'électricité, de gaz et d'eau"
RDS_DICT_INDICATORS_NSO,Indicateurs,27659499,Construction
RDS_DICT_INDICATORS_NSO,Indicateurs,27659509,"Commerce, réparations automobile et d'articles domestiques"
RDS_DICT_INDICATORS_NSO,Indicateurs,27659519,Hôtels et restaurants
RDS_DICT_INDICATORS_NSO,Indicateurs,27659529,Transports
RDS_DICT_INDICATORS_NSO,Indicateurs,27659539,Télécommunications
RDS_DICT_INDICATORS_NSO,Indicateurs,27659549,Activités financières
RDS_DICT_INDICATORS_NSO,Indicateurs,27659559,"Immobilier, locations et services aux entreprises"
RDS_DICT_INDICATORS_NSO,Indicateurs,27659569,Administration publique
RDS_DICT_INDICATORS_NSO,Indicateurs,27659579,Education
RDS_DICT_INDICATORS_NSO,Indicateurs,27659589,Sante et action sociale
RDS_DICT_INDICATORS_NSO,Indicateurs,27659599,"Services collectifs, sociaux et personnels"
RDS_DICT_INDICATORS_NSO,Indicateurs,22931216,Types de connexion internet
RDS_DICT_INDICATORS_NSO,Indicateurs,22931316,Connexion téléphonique ordinaire  (RTC)
RDS_DICT_INDICATORS_NSO,Indicateurs,22931416,Par secteur d'activité
RDS_DICT_INDICATORS_NSO,Indicateurs,22931516,Public
RDS_DICT_INDICATORS_NSO,Indicateurs,22931616,Industries extractives
RDS_DICT_INDICATORS_NSO,Indicateurs,22931716,Industrie manufacturière
RDS_DICT_INDICATORS_NSO,Indicateurs,22931816,"Production et distribution d'électricité, de gaz et d'eau"
RDS_DICT_INDICATORS_NSO,Indicateurs,22931916,Construction
RDS_DICT_INDICATORS_NSO,Indicateurs,22932016,"Commerce, réparations automobile et d'articles domestiques"
RDS_DICT_INDICATORS_NSO,Indicateurs,22932216,Transports
RDS_DICT_INDICATORS_NSO,Indicateurs,22932316,Télécommunications
RDS_DICT_INDICATORS_NSO,Indicateurs,22932416,Activités financières
RDS_DICT_INDICATORS_NSO,Indicateurs,22932516,"Immobilier, locations et services aux entreprises"
RDS_DICT_INDICATORS_NSO,Indicateurs,22932616,Administration publique
RDS_DICT_INDICATORS_NSO,Indicateurs,22932716,Education
RDS_DICT_INDICATORS_NSO,Indicateurs,22932816,Sante et action sociale
RDS_DICT_INDICATORS_NSO,Indicateurs,27653679,"Services collectifs, sociaux et personnels"
RDS_DICT_INDICATORS_NSO,Indicateurs,22932916,Privé
RDS_DICT_INDICATORS_NSO,Indicateurs,22933016,Industries extractives
RDS_DICT_INDICATORS_NSO,Indicateurs,22933116,Industrie manufacturière
RDS_DICT_INDICATORS_NSO,Indicateurs,22933316,Construction
RDS_DICT_INDICATORS_NSO,Indicateurs,22933416,"Commerce, réparations automobile et d'articles domestiques"
RDS_DICT_INDICATORS_NSO,Indicateurs,22933516,Hôtels et restaurants
RDS_DICT_INDICATORS_NSO,Indicateurs,22933616,Transports
RDS_DICT_INDICATORS_NSO,Indicateurs,22933716,Télécommunications
RDS_DICT_INDICATORS_NSO,Indicateurs,22933816,Activités financières
RDS_DICT_INDICATORS_NSO,Indicateurs,22933916,"Immobilier, locations et services aux entreprises"
RDS_DICT_INDICATORS_NSO,Indicateurs,22934116,Education
RDS_DICT_INDICATORS_NSO,Indicateurs,22934216,Sante et action sociale
RDS_DICT_INDICATORS_NSO,Indicateurs,27653689,"Services collectifs, sociaux et personnels"
RDS_DICT_INDICATORS_NSO,Indicateurs,27654559,Total
RDS_DICT_INDICATORS_NSO,Indicateurs,27659609,Industries extractives
RDS_DICT_INDICATORS_NSO,Indicateurs,27659619,Industrie manufacturière
RDS_DICT_INDICATORS_NSO,Indicateurs,27659629,"Production et distribution d'électricité, de gaz et d'eau"
RDS_DICT_INDICATORS_NSO,Indicateurs,27659639,Construction
RDS_DICT_INDICATORS_NSO,Indicateurs,27659649,"Commerce, réparations automobile et d'articles domestiques"
RDS_DICT_INDICATORS_NSO,Indicateurs,27659659,Hôtels et restaurants
RDS_DICT_INDICATORS_NSO,Indicateurs,27659669,Transports
RDS_DICT_INDICATORS_NSO,Indicateurs,27659679,Télécommunications
RDS_DICT_INDICATORS_NSO,Indicateurs,27659689,Activités financières
RDS_DICT_INDICATORS_NSO,Indicateurs,27659699,"Immobilier, locations et services aux entreprises"
RDS_DICT_INDICATORS_NSO,Indicateurs,27659709,Administration publique
RDS_DICT_INDICATORS_NSO,Indicateurs,27659719,Education
RDS_DICT_INDICATORS_NSO,Indicateurs,27659729,Sante et action sociale
RDS_DICT_INDICATORS_NSO,Indicateurs,27659739,"Services collectifs, sociaux et personnels"
RDS_DICT_INDICATORS_NSO,Indicateurs,22934316,Connexion via un réseau numérique à intégration de services (RNIS)
RDS_DICT_INDICATORS_NSO,Indicateurs,22934416,Par secteur d'activité
RDS_DICT_INDICATORS_NSO,Indicateurs,22934516,Public
RDS_DICT_INDICATORS_NSO,Indicateurs,22934616,Industries extractives
RDS_DICT_INDICATORS_NSO,Indicateurs,22934716,Industrie manufacturière
RDS_DICT_INDICATORS_NSO,Indicateurs,22934816,"Production et distribution d'électricité, de gaz et d'eau"
RDS_DICT_INDICATORS_NSO,Indicateurs,22934916,Construction
RDS_DICT_INDICATORS_NSO,Indicateurs,22935016,"Commerce, réparations automobile et d'articles domestiques"
RDS_DICT_INDICATORS_NSO,Indicateurs,22935216,Transports
RDS_DICT_INDICATORS_NSO,Indicateurs,22935316,Télécommunications
RDS_DICT_INDICATORS_NSO,Indicateurs,22935516,"Immobilier, locations et services aux entreprises"
RDS_DICT_INDICATORS_NSO,Indicateurs,22935616,Administration publique
RDS_DICT_INDICATORS_NSO,Indicateurs,22935716,Education
RDS_DICT_INDICATORS_NSO,Indicateurs,22935816,Sante et action sociale
RDS_DICT_INDICATORS_NSO,Indicateurs,27653699,"Services collectifs, sociaux et personnels"
RDS_DICT_INDICATORS_NSO,Indicateurs,22935916,Privé
RDS_DICT_INDICATORS_NSO,Indicateurs,22936016,Industries extractives
RDS_DICT_INDICATORS_NSO,Indicateurs,22936116,Industrie manufacturière
RDS_DICT_INDICATORS_NSO,Indicateurs,22936316,Construction
RDS_DICT_INDICATORS_NSO,Indicateurs,22936416,"Commerce, réparations automobile et d'articles domestiques"
RDS_DICT_INDICATORS_NSO,Indicateurs,22936516,Hôtels et restaurants
RDS_DICT_INDICATORS_NSO,Indicateurs,22936616,Transports
RDS_DICT_INDICATORS_NSO,Indicateurs,22936716,Télécommunications
RDS_DICT_INDICATORS_NSO,Indicateurs,22936916,"Immobilier, locations et services aux entreprises"
RDS_DICT_INDICATORS_NSO,Indicateurs,22937116,Education
RDS_DICT_INDICATORS_NSO,Indicateurs,22937216,Sante et action sociale
RDS_DICT_INDICATORS_NSO,Indicateurs,27653709,"Services collectifs, sociaux et personnels"
RDS_DICT_INDICATORS_NSO,Indicateurs,27654289,Total
RDS_DICT_INDICATORS_NSO,Indicateurs,27659749,Industries extractives
RDS_DICT_INDICATORS_NSO,Indicateurs,27659759,Industrie manufacturière
RDS_DICT_INDICATORS_NSO,Indicateurs,27659769,"Production et distribution d'électricité, de gaz et d'eau"
RDS_DICT_INDICATORS_NSO,Indicateurs,27659779,Construction
RDS_DICT_INDICATORS_NSO,Indicateurs,27659789,"Commerce, réparations automobile et d'articles domestiques"
RDS_DICT_INDICATORS_NSO,Indicateurs,27659799,Hôtels et restaurants
RDS_DICT_INDICATORS_NSO,Indicateurs,27659809,Transports
RDS_DICT_INDICATORS_NSO,Indicateurs,27659819,Télécommunications
RDS_DICT_INDICATORS_NSO,Indicateurs,27659839,"Immobilier, locations et services aux entreprises"
RDS_DICT_INDICATORS_NSO,Indicateurs,27659849,Administration publique
RDS_DICT_INDICATORS_NSO,Indicateurs,27659859,Education
RDS_DICT_INDICATORS_NSO,Indicateurs,27659869,Sante et action sociale
RDS_DICT_INDICATORS_NSO,Indicateurs,27659879,"Services collectifs, sociaux et personnels"
RDS_DICT_INDICATORS_NSO,Indicateurs,22937316,Connexion ADSL ou SDSL
RDS_DICT_INDICATORS_NSO,Indicateurs,22937416,Par secteur d'activité
RDS_DICT_INDICATORS_NSO,Indicateurs,22937516,Public
RDS_DICT_INDICATORS_NSO,Indicateurs,22937616,Industries extractives
RDS_DICT_INDICATORS_NSO,Indicateurs,22937716,Industrie manufacturière
RDS_DICT_INDICATORS_NSO,Indicateurs,22937816,"Production et distribution d'électricité, de gaz et d'eau"
RDS_DICT_INDICATORS_NSO,Indicateurs,22937916,Construction
RDS_DICT_INDICATORS_NSO,Indicateurs,22938016,"Commerce, réparations automobile et d'articles domestiques"
RDS_DICT_INDICATORS_NSO,Indicateurs,22938216,Transports
RDS_DICT_INDICATORS_NSO,Indicateurs,22938316,Télécommunications
RDS_DICT_INDICATORS_NSO,Indicateurs,22938516,"Immobilier, locations et services aux entreprises"
RDS_DICT_INDICATORS_NSO,Indicateurs,22938616,Administration publique
RDS_DICT_INDICATORS_NSO,Indicateurs,22938716,Education
RDS_DICT_INDICATORS_NSO,Indicateurs,22938816,Sante et action sociale
RDS_DICT_INDICATORS_NSO,Indicateurs,27653719,"Services collectifs, sociaux et personnels"
RDS_DICT_INDICATORS_NSO,Indicateurs,22938916,Privé
RDS_DICT_INDICATORS_NSO,Indicateurs,22939016,Industries extractives
RDS_DICT_INDICATORS_NSO,Indicateurs,22939116,Industrie manufacturière
RDS_DICT_INDICATORS_NSO,Indicateurs,22939316,Construction
RDS_DICT_INDICATORS_NSO,Indicateurs,22939416,"Commerce, réparations automobile et d'articles domestiques"
RDS_DICT_INDICATORS_NSO,Indicateurs,22939516,Hôtels et restaurants
RDS_DICT_INDICATORS_NSO,Indicateurs,22939616,Transports
RDS_DICT_INDICATORS_NSO,Indicateurs,22939716,Télécommunications
RDS_DICT_INDICATORS_NSO,Indicateurs,22939916,"Immobilier, locations et services aux entreprises"
RDS_DICT_INDICATORS_NSO,Indicateurs,22940116,Education
RDS_DICT_INDICATORS_NSO,Indicateurs,22940216,Sante et action sociale
RDS_DICT_INDICATORS_NSO,Indicateurs,27653729,"Services collectifs, sociaux et personnels"
RDS_DICT_INDICATORS_NSO,Indicateurs,27654299,Total
RDS_DICT_INDICATORS_NSO,Indicateurs,27659889,Industries extractives
RDS_DICT_INDICATORS_NSO,Indicateurs,27659899,Industrie manufacturière
RDS_DICT_INDICATORS_NSO,Indicateurs,27659909,"Production et distribution d'électricité, de gaz et d'eau"
RDS_DICT_INDICATORS_NSO,Indicateurs,27659919,Construction
RDS_DICT_INDICATORS_NSO,Indicateurs,27659929,"Commerce, réparations automobile et d'articles domestiques"
RDS_DICT_INDICATORS_NSO,Indicateurs,27659939,Hôtels et restaurants
RDS_DICT_INDICATORS_NSO,Indicateurs,27659949,Transports
RDS_DICT_INDICATORS_NSO,Indicateurs,27659959,Télécommunications
RDS_DICT_INDICATORS_NSO,Indicateurs,27659979,"Immobilier, locations et services aux entreprises"
RDS_DICT_INDICATORS_NSO,Indicateurs,27659989,Administration publique
RDS_DICT_INDICATORS_NSO,Indicateurs,27659999,Education
RDS_DICT_INDICATORS_NSO,Indicateurs,27660009,Sante et action sociale
RDS_DICT_INDICATORS_NSO,Indicateurs,27660019,"Services collectifs, sociaux et personnels"
RDS_DICT_INDICATORS_NSO,Indicateurs,22940316,Connexion par lignes spécialisées (LS)
RDS_DICT_INDICATORS_NSO,Indicateurs,22940416,Par secteur d'activité
RDS_DICT_INDICATORS_NSO,Indicateurs,22940516,Public
RDS_DICT_INDICATORS_NSO,Indicateurs,22940616,Industries extractives
RDS_DICT_INDICATORS_NSO,Indicateurs,22940716,Industrie manufacturière
RDS_DICT_INDICATORS_NSO,Indicateurs,22940816,"Production et distribution d'électricité, de gaz et d'eau"
RDS_DICT_INDICATORS_NSO,Indicateurs,22940916,Construction
RDS_DICT_INDICATORS_NSO,Indicateurs,22941016,"Commerce, réparations automobile et d'articles domestiques"
RDS_DICT_INDICATORS_NSO,Indicateurs,22941216,Transports
RDS_DICT_INDICATORS_NSO,Indicateurs,22941316,Télécommunications
RDS_DICT_INDICATORS_NSO,Indicateurs,22941516,"Immobilier, locations et services aux entreprises"
RDS_DICT_INDICATORS_NSO,Indicateurs,22941616,Administration publique
RDS_DICT_INDICATORS_NSO,Indicateurs,22941716,Education
RDS_DICT_INDICATORS_NSO,Indicateurs,22941816,Sante et action sociale
RDS_DICT_INDICATORS_NSO,Indicateurs,27653739,"Services collectifs, sociaux et personnels"
RDS_DICT_INDICATORS_NSO,Indicateurs,22941916,Privé
RDS_DICT_INDICATORS_NSO,Indicateurs,22942016,Industries extractives
RDS_DICT_INDICATORS_NSO,Indicateurs,22942116,Industrie manufacturière
RDS_DICT_INDICATORS_NSO,Indicateurs,22942316,Construction
RDS_DICT_INDICATORS_NSO,Indicateurs,22942416,"Commerce, réparations automobile et d'articles domestiques"
RDS_DICT_INDICATORS_NSO,Indicateurs,22942516,Hôtels et restaurants
RDS_DICT_INDICATORS_NSO,Indicateurs,22942616,Transports
RDS_DICT_INDICATORS_NSO,Indicateurs,22942716,Télécommunications
RDS_DICT_INDICATORS_NSO,Indicateurs,22942916,"Immobilier, locations et services aux entreprises"
RDS_DICT_INDICATORS_NSO,Indicateurs,22943116,Education
RDS_DICT_INDICATORS_NSO,Indicateurs,22943216,Sante et action sociale
RDS_DICT_INDICATORS_NSO,Indicateurs,27653749,"Services collectifs, sociaux et personnels"
RDS_DICT_INDICATORS_NSO,Indicateurs,27654309,Total
RDS_DICT_INDICATORS_NSO,Indicateurs,27660029,Industries extractives
RDS_DICT_INDICATORS_NSO,Indicateurs,27660039,Industrie manufacturière
RDS_DICT_INDICATORS_NSO,Indicateurs,27660049,"Production et distribution d'électricité, de gaz et d'eau"
RDS_DICT_INDICATORS_NSO,Indicateurs,27660059,Construction
RDS_DICT_INDICATORS_NSO,Indicateurs,27660069,"Commerce, réparations automobile et d'articles domestiques"
RDS_DICT_INDICATORS_NSO,Indicateurs,27660079,Hôtels et restaurants
RDS_DICT_INDICATORS_NSO,Indicateurs,27660089,Transports
RDS_DICT_INDICATORS_NSO,Indicateurs,27660099,Télécommunications
RDS_DICT_INDICATORS_NSO,Indicateurs,27660119,"Immobilier, locations et services aux entreprises"
RDS_DICT_INDICATORS_NSO,Indicateurs,27660129,Administration publique
RDS_DICT_INDICATORS_NSO,Indicateurs,27660139,Education
RDS_DICT_INDICATORS_NSO,Indicateurs,27660149,Sante et action sociale
RDS_DICT_INDICATORS_NSO,Indicateurs,27660159,"Services collectifs, sociaux et personnels"
RDS_DICT_INDICATORS_NSO,Indicateurs,27534849,Connexion WiMax
RDS_DICT_INDICATORS_NSO,Indicateurs,27534859,Par secteur d'activité
RDS_DICT_INDICATORS_NSO,Indicateurs,27534869,Public
RDS_DICT_INDICATORS_NSO,Indicateurs,27534879,Industries extractives
RDS_DICT_INDICATORS_NSO,Indicateurs,27534889,Industrie manufacturière
RDS_DICT_INDICATORS_NSO,Indicateurs,27534899,"Production et distribution d'électricité, de gaz et d'eau"
RDS_DICT_INDICATORS_NSO,Indicateurs,27534909,Construction
RDS_DICT_INDICATORS_NSO,Indicateurs,27534919,"Commerce, réparations automobile et d'articles domestiques"
RDS_DICT_INDICATORS_NSO,Indicateurs,27534939,Transports
RDS_DICT_INDICATORS_NSO,Indicateurs,27534949,Télécommunications
RDS_DICT_INDICATORS_NSO,Indicateurs,27534969,"Immobilier, locations et services aux entreprises"
RDS_DICT_INDICATORS_NSO,Indicateurs,27534979,Administration publique
RDS_DICT_INDICATORS_NSO,Indicateurs,27534989,Education
RDS_DICT_INDICATORS_NSO,Indicateurs,27534999,Sante et action sociale
RDS_DICT_INDICATORS_NSO,Indicateurs,27653759,"Services collectifs, sociaux et personnels"
RDS_DICT_INDICATORS_NSO,Indicateurs,27535009,Privé
RDS_DICT_INDICATORS_NSO,Indicateurs,27535019,Industries extractives
RDS_DICT_INDICATORS_NSO,Indicateurs,27535029,Industrie manufacturière
RDS_DICT_INDICATORS_NSO,Indicateurs,27535049,Construction
RDS_DICT_INDICATORS_NSO,Indicateurs,27535059,"Commerce, réparations automobile et d'articles domestiques"
RDS_DICT_INDICATORS_NSO,Indicateurs,27535069,Hôtels et restaurants
RDS_DICT_INDICATORS_NSO,Indicateurs,27535079,Transports
RDS_DICT_INDICATORS_NSO,Indicateurs,27535089,Télécommunications
RDS_DICT_INDICATORS_NSO,Indicateurs,27535109,"Immobilier, locations et services aux entreprises"
RDS_DICT_INDICATORS_NSO,Indicateurs,27535129,Education
RDS_DICT_INDICATORS_NSO,Indicateurs,27535139,Sante et action sociale
RDS_DICT_INDICATORS_NSO,Indicateurs,27653769,"Services collectifs, sociaux et personnels"
RDS_DICT_INDICATORS_NSO,Indicateurs,27654319,Total
RDS_DICT_INDICATORS_NSO,Indicateurs,27660169,Industries extractives
RDS_DICT_INDICATORS_NSO,Indicateurs,27660179,Industrie manufacturière
RDS_DICT_INDICATORS_NSO,Indicateurs,27660189,"Production et distribution d'électricité, de gaz et d'eau"
RDS_DICT_INDICATORS_NSO,Indicateurs,27660199,Construction
RDS_DICT_INDICATORS_NSO,Indicateurs,27660209,"Commerce, réparations automobile et d'articles domestiques"
RDS_DICT_INDICATORS_NSO,Indicateurs,27660219,Hôtels et restaurants
RDS_DICT_INDICATORS_NSO,Indicateurs,27660229,Transports
RDS_DICT_INDICATORS_NSO,Indicateurs,27660239,Télécommunications
RDS_DICT_INDICATORS_NSO,Indicateurs,27660259,"Immobilier, locations et services aux entreprises"
RDS_DICT_INDICATORS_NSO,Indicateurs,27660269,Administration publique
RDS_DICT_INDICATORS_NSO,Indicateurs,27660279,Education
RDS_DICT_INDICATORS_NSO,Indicateurs,27660289,Sante et action sociale
RDS_DICT_INDICATORS_NSO,Indicateurs,27660299,"Services collectifs, sociaux et personnels"
RDS_DICT_INDICATORS_NSO,Indicateurs,27535149,Connexion via flybox
RDS_DICT_INDICATORS_NSO,Indicateurs,27535159,Par secteur d'activité
RDS_DICT_INDICATORS_NSO,Indicateurs,27535169,Public
RDS_DICT_INDICATORS_NSO,Indicateurs,27535179,Industries extractives
RDS_DICT_INDICATORS_NSO,Indicateurs,27535189,Industrie manufacturière
RDS_DICT_INDICATORS_NSO,Indicateurs,27535199,"Production et distribution d'électricité, de gaz et d'eau"
RDS_DICT_INDICATORS_NSO,Indicateurs,27535209,Construction
RDS_DICT_INDICATORS_NSO,Indicateurs,27535219,"Commerce, réparations automobile et d'articles domestiques"
RDS_DICT_INDICATORS_NSO,Indicateurs,27535239,Transports
RDS_DICT_INDICATORS_NSO,Indicateurs,27535249,Télécommunications
RDS_DICT_INDICATORS_NSO,Indicateurs,27535269,"Immobilier, locations et services aux entreprises"
RDS_DICT_INDICATORS_NSO,Indicateurs,27535279,Administration publique
RDS_DICT_INDICATORS_NSO,Indicateurs,27535289,Education
RDS_DICT_INDICATORS_NSO,Indicateurs,27535299,Sante et action sociale
RDS_DICT_INDICATORS_NSO,Indicateurs,27653779,"Services collectifs, sociaux et personnels"
RDS_DICT_INDICATORS_NSO,Indicateurs,27535309,Privé
RDS_DICT_INDICATORS_NSO,Indicateurs,27535319,Industries extractives
RDS_DICT_INDICATORS_NSO,Indicateurs,27535329,Industrie manufacturière
RDS_DICT_INDICATORS_NSO,Indicateurs,27535349,Construction
RDS_DICT_INDICATORS_NSO,Indicateurs,27535359,"Commerce, réparations automobile et d'articles domestiques"
RDS_DICT_INDICATORS_NSO,Indicateurs,27535369,Hôtels et restaurants
RDS_DICT_INDICATORS_NSO,Indicateurs,27535379,Transports
RDS_DICT_INDICATORS_NSO,Indicateurs,27535389,Télécommunications
RDS_DICT_INDICATORS_NSO,Indicateurs,27535409,"Immobilier, locations et services aux entreprises"
RDS_DICT_INDICATORS_NSO,Indicateurs,27535429,Education
RDS_DICT_INDICATORS_NSO,Indicateurs,27535439,Sante et action sociale
RDS_DICT_INDICATORS_NSO,Indicateurs,27653789,"Services collectifs, sociaux et personnels"
RDS_DICT_INDICATORS_NSO,Indicateurs,27654329,Total
RDS_DICT_INDICATORS_NSO,Indicateurs,27660309,Industries extractives
RDS_DICT_INDICATORS_NSO,Indicateurs,27660319,Industrie manufacturière
RDS_DICT_INDICATORS_NSO,Indicateurs,27660329,"Production et distribution d'électricité, de gaz et d'eau"
RDS_DICT_INDICATORS_NSO,Indicateurs,27660339,Construction
RDS_DICT_INDICATORS_NSO,Indicateurs,27660349,"Commerce, réparations automobile et d'articles domestiques"
RDS_DICT_INDICATORS_NSO,Indicateurs,27660359,Hôtels et restaurants
RDS_DICT_INDICATORS_NSO,Indicateurs,27660369,Transports
RDS_DICT_INDICATORS_NSO,Indicateurs,27660379,Télécommunications
RDS_DICT_INDICATORS_NSO,Indicateurs,27660399,"Immobilier, locations et services aux entreprises"
RDS_DICT_INDICATORS_NSO,Indicateurs,27660409,Administration publique
RDS_DICT_INDICATORS_NSO,Indicateurs,27660419,Education
RDS_DICT_INDICATORS_NSO,Indicateurs,27660429,Sante et action sociale
RDS_DICT_INDICATORS_NSO,Indicateurs,27660439,"Services collectifs, sociaux et personnels"
RDS_DICT_INDICATORS_NSO,Indicateurs,27535449,Connexion mobile (3G/3G++ via une clé USB ou un smartphone)
RDS_DICT_INDICATORS_NSO,Indicateurs,27535459,Par secteur d'activité
RDS_DICT_INDICATORS_NSO,Indicateurs,27535469,Public
RDS_DICT_INDICATORS_NSO,Indicateurs,27535479,Industries extractives
RDS_DICT_INDICATORS_NSO,Indicateurs,27535489,Industrie manufacturière
RDS_DICT_INDICATORS_NSO,Indicateurs,27535499,"Production et distribution d'électricité, de gaz et d'eau"
RDS_DICT_INDICATORS_NSO,Indicateurs,27535509,Construction
RDS_DICT_INDICATORS_NSO,Indicateurs,27535519,"Commerce, réparations automobile et d'articles domestiques"
RDS_DICT_INDICATORS_NSO,Indicateurs,27535539,Transports
RDS_DICT_INDICATORS_NSO,Indicateurs,27535549,Télécommunications
RDS_DICT_INDICATORS_NSO,Indicateurs,27535569,"Immobilier, locations et services aux entreprises"
RDS_DICT_INDICATORS_NSO,Indicateurs,27535579,Administration publique
RDS_DICT_INDICATORS_NSO,Indicateurs,27535589,Education
RDS_DICT_INDICATORS_NSO,Indicateurs,27535599,Sante et action sociale
RDS_DICT_INDICATORS_NSO,Indicateurs,27653799,"Services collectifs, sociaux et personnels"
RDS_DICT_INDICATORS_NSO,Indicateurs,27535609,Privé
RDS_DICT_INDICATORS_NSO,Indicateurs,27535619,Industries extractives
RDS_DICT_INDICATORS_NSO,Indicateurs,27535629,Industrie manufacturière
RDS_DICT_INDICATORS_NSO,Indicateurs,27535649,Construction
RDS_DICT_INDICATORS_NSO,Indicateurs,27535659,"Commerce, réparations automobile et d'articles domestiques"
RDS_DICT_INDICATORS_NSO,Indicateurs,27535669,Hôtels et restaurants
RDS_DICT_INDICATORS_NSO,Indicateurs,27535679,Transports
RDS_DICT_INDICATORS_NSO,Indicateurs,27535689,Télécommunications
RDS_DICT_INDICATORS_NSO,Indicateurs,27535709,"Immobilier, locations et services aux entreprises"
RDS_DICT_INDICATORS_NSO,Indicateurs,27535729,Education
RDS_DICT_INDICATORS_NSO,Indicateurs,27535739,Sante et action sociale
RDS_DICT_INDICATORS_NSO,Indicateurs,27653809,"Services collectifs, sociaux et personnels"
RDS_DICT_INDICATORS_NSO,Indicateurs,27654339,Total
RDS_DICT_INDICATORS_NSO,Indicateurs,27660449,Industries extractives
RDS_DICT_INDICATORS_NSO,Indicateurs,27660459,Industrie manufacturière
RDS_DICT_INDICATORS_NSO,Indicateurs,27660469,"Production et distribution d'électricité, de gaz et d'eau"
RDS_DICT_INDICATORS_NSO,Indicateurs,27660479,Construction
RDS_DICT_INDICATORS_NSO,Indicateurs,27660489,"Commerce, réparations automobile et d'articles domestiques"
RDS_DICT_INDICATORS_NSO,Indicateurs,27660499,Hôtels et restaurants
RDS_DICT_INDICATORS_NSO,Indicateurs,27660509,Transports
RDS_DICT_INDICATORS_NSO,Indicateurs,27660519,Télécommunications
RDS_DICT_INDICATORS_NSO,Indicateurs,27660539,"Immobilier, locations et services aux entreprises"
RDS_DICT_INDICATORS_NSO,Indicateurs,27660549,Administration publique
RDS_DICT_INDICATORS_NSO,Indicateurs,27660559,Education
RDS_DICT_INDICATORS_NSO,Indicateurs,27660569,Sante et action sociale
RDS_DICT_INDICATORS_NSO,Indicateurs,27660579,"Services collectifs, sociaux et personnels"
RDS_DICT_INDICATORS_NSO,Indicateurs,27535749,Connexion via satellites VSAT
RDS_DICT_INDICATORS_NSO,Indicateurs,27535759,Par secteur d'activité
RDS_DICT_INDICATORS_NSO,Indicateurs,27535769,Public
RDS_DICT_INDICATORS_NSO,Indicateurs,27535779,Industries extractives
RDS_DICT_INDICATORS_NSO,Indicateurs,27535789,Industrie manufacturière
RDS_DICT_INDICATORS_NSO,Indicateurs,27535799,"Production et distribution d'électricité, de gaz et d'eau"
RDS_DICT_INDICATORS_NSO,Indicateurs,27535809,Construction
RDS_DICT_INDICATORS_NSO,Indicateurs,27535819,"Commerce, réparations automobile et d'articles domestiques"
RDS_DICT_INDICATORS_NSO,Indicateurs,27535839,Transports
RDS_DICT_INDICATORS_NSO,Indicateurs,27535849,Télécommunications
RDS_DICT_INDICATORS_NSO,Indicateurs,27535869,"Immobilier, locations et services aux entreprises"
RDS_DICT_INDICATORS_NSO,Indicateurs,27535879,Administration publique
RDS_DICT_INDICATORS_NSO,Indicateurs,27535889,Education
RDS_DICT_INDICATORS_NSO,Indicateurs,27535899,Sante et action sociale
RDS_DICT_INDICATORS_NSO,Indicateurs,27653819,"Services collectifs, sociaux et personnels"
RDS_DICT_INDICATORS_NSO,Indicateurs,27535909,Privé
RDS_DICT_INDICATORS_NSO,Indicateurs,27535919,Industries extractives
RDS_DICT_INDICATORS_NSO,Indicateurs,27535929,Industrie manufacturière
RDS_DICT_INDICATORS_NSO,Indicateurs,27535949,Construction
RDS_DICT_INDICATORS_NSO,Indicateurs,27535959,"Commerce, réparations automobile et d'articles domestiques"
RDS_DICT_INDICATORS_NSO,Indicateurs,27535969,Hôtels et restaurants
RDS_DICT_INDICATORS_NSO,Indicateurs,27535979,Transports
RDS_DICT_INDICATORS_NSO,Indicateurs,27535989,Télécommunications
RDS_DICT_INDICATORS_NSO,Indicateurs,27536009,"Immobilier, locations et services aux entreprises"
RDS_DICT_INDICATORS_NSO,Indicateurs,27536029,Education
RDS_DICT_INDICATORS_NSO,Indicateurs,27536039,Sante et action sociale
RDS_DICT_INDICATORS_NSO,Indicateurs,27653829,"Services collectifs, sociaux et personnels"
RDS_DICT_INDICATORS_NSO,Indicateurs,27654349,Total
RDS_DICT_INDICATORS_NSO,Indicateurs,27660589,Industries extractives
RDS_DICT_INDICATORS_NSO,Indicateurs,27660599,Industrie manufacturière
RDS_DICT_INDICATORS_NSO,Indicateurs,27660609,"Production et distribution d'électricité, de gaz et d'eau"
RDS_DICT_INDICATORS_NSO,Indicateurs,27660619,Construction
RDS_DICT_INDICATORS_NSO,Indicateurs,27660629,"Commerce, réparations automobile et d'articles domestiques"
RDS_DICT_INDICATORS_NSO,Indicateurs,27660639,Hôtels et restaurants
RDS_DICT_INDICATORS_NSO,Indicateurs,27660649,Transports
RDS_DICT_INDICATORS_NSO,Indicateurs,27660659,Télécommunications
RDS_DICT_INDICATORS_NSO,Indicateurs,27660679,"Immobilier, locations et services aux entreprises"
RDS_DICT_INDICATORS_NSO,Indicateurs,27660689,Administration publique
RDS_DICT_INDICATORS_NSO,Indicateurs,27660699,Education
RDS_DICT_INDICATORS_NSO,Indicateurs,27660709,Sante et action sociale
RDS_DICT_INDICATORS_NSO,Indicateurs,27660719,"Services collectifs, sociaux et personnels"
RDS_DICT_INDICATORS_NSO,Indicateurs,27536049,Connexion mobile GPRS
RDS_DICT_INDICATORS_NSO,Indicateurs,27536059,Par secteur d'activité
RDS_DICT_INDICATORS_NSO,Indicateurs,27536069,Public
RDS_DICT_INDICATORS_NSO,Indicateurs,27536079,Industries extractives
RDS_DICT_INDICATORS_NSO,Indicateurs,27536089,Industrie manufacturière
RDS_DICT_INDICATORS_NSO,Indicateurs,27536099,"Production et distribution d'électricité, de gaz et d'eau"
RDS_DICT_INDICATORS_NSO,Indicateurs,27536109,Construction
RDS_DICT_INDICATORS_NSO,Indicateurs,27536119,"Commerce, réparations automobile et d'articles domestiques"
RDS_DICT_INDICATORS_NSO,Indicateurs,27536139,Transports
RDS_DICT_INDICATORS_NSO,Indicateurs,27536149,Télécommunications
RDS_DICT_INDICATORS_NSO,Indicateurs,27536169,"Immobilier, locations et services aux entreprises"
RDS_DICT_INDICATORS_NSO,Indicateurs,27536179,Administration publique
RDS_DICT_INDICATORS_NSO,Indicateurs,27536189,Education
RDS_DICT_INDICATORS_NSO,Indicateurs,27536199,Sante et action sociale
RDS_DICT_INDICATORS_NSO,Indicateurs,27653839,"Services collectifs, sociaux et personnels"
RDS_DICT_INDICATORS_NSO,Indicateurs,27536209,Privé
RDS_DICT_INDICATORS_NSO,Indicateurs,27536219,Industries extractives
RDS_DICT_INDICATORS_NSO,Indicateurs,27536229,Industrie manufacturière
RDS_DICT_INDICATORS_NSO,Indicateurs,27536249,Construction
RDS_DICT_INDICATORS_NSO,Indicateurs,27536259,"Commerce, réparations automobile et d'articles domestiques"
RDS_DICT_INDICATORS_NSO,Indicateurs,27536269,Hôtels et restaurants
RDS_DICT_INDICATORS_NSO,Indicateurs,27536279,Transports
RDS_DICT_INDICATORS_NSO,Indicateurs,27536289,Télécommunications
RDS_DICT_INDICATORS_NSO,Indicateurs,27536309,"Immobilier, locations et services aux entreprises"
RDS_DICT_INDICATORS_NSO,Indicateurs,27536329,Education
RDS_DICT_INDICATORS_NSO,Indicateurs,27536339,Sante et action sociale
RDS_DICT_INDICATORS_NSO,Indicateurs,27653849,"Services collectifs, sociaux et personnels"
RDS_DICT_INDICATORS_NSO,Indicateurs,27654359,Total
RDS_DICT_INDICATORS_NSO,Indicateurs,27660729,Industries extractives
RDS_DICT_INDICATORS_NSO,Indicateurs,27660739,Industrie manufacturière
RDS_DICT_INDICATORS_NSO,Indicateurs,27660749,"Production et distribution d'électricité, de gaz et d'eau"
RDS_DICT_INDICATORS_NSO,Indicateurs,27660759,Construction
RDS_DICT_INDICATORS_NSO,Indicateurs,27660769,"Commerce, réparations automobile et d'articles domestiques"
RDS_DICT_INDICATORS_NSO,Indicateurs,27660779,Hôtels et restaurants
RDS_DICT_INDICATORS_NSO,Indicateurs,27660789,Transports
RDS_DICT_INDICATORS_NSO,Indicateurs,27660799,Télécommunications
RDS_DICT_INDICATORS_NSO,Indicateurs,27660819,"Immobilier, locations et services aux entreprises"
RDS_DICT_INDICATORS_NSO,Indicateurs,27660829,Administration publique
RDS_DICT_INDICATORS_NSO,Indicateurs,27660839,Education
RDS_DICT_INDICATORS_NSO,Indicateurs,27660849,Sante et action sociale
RDS_DICT_INDICATORS_NSO,Indicateurs,27660859,"Services collectifs, sociaux et personnels"
RDS_DICT_INDICATORS_NSO,Indicateurs,27536349,"Connexion à haut débit (Fibre Optique ,câble…)"
RDS_DICT_INDICATORS_NSO,Indicateurs,27536359,Par secteur d'activité
RDS_DICT_INDICATORS_NSO,Indicateurs,27536369,Public
RDS_DICT_INDICATORS_NSO,Indicateurs,27536379,Industries extractives
RDS_DICT_INDICATORS_NSO,Indicateurs,27536389,Industrie manufacturière
RDS_DICT_INDICATORS_NSO,Indicateurs,27536399,"Production et distribution d'électricité, de gaz et d'eau"
RDS_DICT_INDICATORS_NSO,Indicateurs,27536409,Construction
RDS_DICT_INDICATORS_NSO,Indicateurs,27536419,"Commerce, réparations automobile et d'articles domestiques"
RDS_DICT_INDICATORS_NSO,Indicateurs,27536439,Transports
RDS_DICT_INDICATORS_NSO,Indicateurs,27536449,Télécommunications
RDS_DICT_INDICATORS_NSO,Indicateurs,27536459,Activités financières
RDS_DICT_INDICATORS_NSO,Indicateurs,27536469,"Immobilier, locations et services aux entreprises"
RDS_DICT_INDICATORS_NSO,Indicateurs,27536479,Administration publique
RDS_DICT_INDICATORS_NSO,Indicateurs,27536489,Education
RDS_DICT_INDICATORS_NSO,Indicateurs,27536499,Sante et action sociale
RDS_DICT_INDICATORS_NSO,Indicateurs,27653859,"Services collectifs, sociaux et personnels"
RDS_DICT_INDICATORS_NSO,Indicateurs,27536509,Privé
RDS_DICT_INDICATORS_NSO,Indicateurs,27536519,Industries extractives
RDS_DICT_INDICATORS_NSO,Indicateurs,27536529,Industrie manufacturière
RDS_DICT_INDICATORS_NSO,Indicateurs,27536549,Construction
RDS_DICT_INDICATORS_NSO,Indicateurs,27536559,"Commerce, réparations automobile et d'articles domestiques"
RDS_DICT_INDICATORS_NSO,Indicateurs,27536569,Hôtels et restaurants
RDS_DICT_INDICATORS_NSO,Indicateurs,27536579,Transports
RDS_DICT_INDICATORS_NSO,Indicateurs,27536589,Télécommunications
RDS_DICT_INDICATORS_NSO,Indicateurs,27536599,Activités financières
RDS_DICT_INDICATORS_NSO,Indicateurs,27536609,"Immobilier, locations et services aux entreprises"
RDS_DICT_INDICATORS_NSO,Indicateurs,27536629,Education
RDS_DICT_INDICATORS_NSO,Indicateurs,27536639,Sante et action sociale
RDS_DICT_INDICATORS_NSO,Indicateurs,27653869,"Services collectifs, sociaux et personnels"
RDS_DICT_INDICATORS_NSO,Indicateurs,27654369,Total
RDS_DICT_INDICATORS_NSO,Indicateurs,27660869,Industries extractives
RDS_DICT_INDICATORS_NSO,Indicateurs,27660879,Industrie manufacturière
RDS_DICT_INDICATORS_NSO,Indicateurs,27660889,"Production et distribution d'électricité, de gaz et d'eau"
RDS_DICT_INDICATORS_NSO,Indicateurs,27660899,Construction
RDS_DICT_INDICATORS_NSO,Indicateurs,27660909,"Commerce, réparations automobile et d'articles domestiques"
RDS_DICT_INDICATORS_NSO,Indicateurs,27660919,Hôtels et restaurants
RDS_DICT_INDICATORS_NSO,Indicateurs,27660929,Transports
RDS_DICT_INDICATORS_NSO,Indicateurs,27660939,Télécommunications
RDS_DICT_INDICATORS_NSO,Indicateurs,27660949,Activités financières
RDS_DICT_INDICATORS_NSO,Indicateurs,27660959,"Immobilier, locations et services aux entreprises"
RDS_DICT_INDICATORS_NSO,Indicateurs,27660969,Administration publique
RDS_DICT_INDICATORS_NSO,Indicateurs,27660979,Education
RDS_DICT_INDICATORS_NSO,Indicateurs,27660989,Sante et action sociale
RDS_DICT_INDICATORS_NSO,Indicateurs,27660999,"Services collectifs, sociaux et personnels"
RDS_DICT_INDICATORS_NSO,Indicateurs,27536649,Types d'utilisation
RDS_DICT_INDICATORS_NSO,Indicateurs,27536659,Reception des commandes sur internet
RDS_DICT_INDICATORS_NSO,Indicateurs,27536669,Par secteur d'activité
RDS_DICT_INDICATORS_NSO,Indicateurs,27536679,Public
RDS_DICT_INDICATORS_NSO,Indicateurs,27536689,Industries extractives
RDS_DICT_INDICATORS_NSO,Indicateurs,27536699,Industrie manufacturière
RDS_DICT_INDICATORS_NSO,Indicateurs,27536709,"Production et distribution d'électricité, de gaz et d'eau"
RDS_DICT_INDICATORS_NSO,Indicateurs,27536719,Construction
RDS_DICT_INDICATORS_NSO,Indicateurs,27536729,"Commerce, réparations automobile et d'articles domestiques"
RDS_DICT_INDICATORS_NSO,Indicateurs,27536749,Transports
RDS_DICT_INDICATORS_NSO,Indicateurs,27536759,Télécommunications
RDS_DICT_INDICATORS_NSO,Indicateurs,27536779,"Immobilier, locations et services aux entreprises"
RDS_DICT_INDICATORS_NSO,Indicateurs,27536789,Administration publique
RDS_DICT_INDICATORS_NSO,Indicateurs,27536799,Education
RDS_DICT_INDICATORS_NSO,Indicateurs,27536809,Sante et action sociale
RDS_DICT_INDICATORS_NSO,Indicateurs,27653879,"Services collectifs, sociaux et personnels"
RDS_DICT_INDICATORS_NSO,Indicateurs,27536819,Privé
RDS_DICT_INDICATORS_NSO,Indicateurs,27536829,Industries extractives
RDS_DICT_INDICATORS_NSO,Indicateurs,27536839,Industrie manufacturière
RDS_DICT_INDICATORS_NSO,Indicateurs,27536859,Construction
RDS_DICT_INDICATORS_NSO,Indicateurs,27536869,"Commerce, réparations automobile et d'articles domestiques"
RDS_DICT_INDICATORS_NSO,Indicateurs,27536879,Hôtels et restaurants
RDS_DICT_INDICATORS_NSO,Indicateurs,27536889,Transports
RDS_DICT_INDICATORS_NSO,Indicateurs,27536899,Télécommunications
RDS_DICT_INDICATORS_NSO,Indicateurs,27536919,"Immobilier, locations et services aux entreprises"
RDS_DICT_INDICATORS_NSO,Indicateurs,27536929,Administration publique
RDS_DICT_INDICATORS_NSO,Indicateurs,27536939,Education
RDS_DICT_INDICATORS_NSO,Indicateurs,27536949,Sante et action sociale
RDS_DICT_INDICATORS_NSO,Indicateurs,27653889,"Services collectifs, sociaux et personnels"
RDS_DICT_INDICATORS_NSO,Indicateurs,27654379,Total
RDS_DICT_INDICATORS_NSO,Indicateurs,27661009,Industries extractives
RDS_DICT_INDICATORS_NSO,Indicateurs,27661019,Industrie manufacturière
RDS_DICT_INDICATORS_NSO,Indicateurs,27661029,"Production et distribution d'électricité, de gaz et d'eau"
RDS_DICT_INDICATORS_NSO,Indicateurs,27661039,Construction
RDS_DICT_INDICATORS_NSO,Indicateurs,27661049,"Commerce, réparations automobile et d'articles domestiques"
RDS_DICT_INDICATORS_NSO,Indicateurs,27661059,Hôtels et restaurants
RDS_DICT_INDICATORS_NSO,Indicateurs,27661069,Transports
RDS_DICT_INDICATORS_NSO,Indicateurs,27661079,Télécommunications
RDS_DICT_INDICATORS_NSO,Indicateurs,27661099,"Immobilier, locations et services aux entreprises"
RDS_DICT_INDICATORS_NSO,Indicateurs,27661109,Administration publique
RDS_DICT_INDICATORS_NSO,Indicateurs,27661119,Education
RDS_DICT_INDICATORS_NSO,Indicateurs,27661129,Sante et action sociale
RDS_DICT_INDICATORS_NSO,Indicateurs,27661139,"Services collectifs, sociaux et personnels"
RDS_DICT_INDICATORS_NSO,Indicateurs,27536959,Passation des commandes sur internet
RDS_DICT_INDICATORS_NSO,Indicateurs,27536969,Par secteur d'activité
RDS_DICT_INDICATORS_NSO,Indicateurs,27536979,Public
RDS_DICT_INDICATORS_NSO,Indicateurs,27536989,Industries extractives
RDS_DICT_INDICATORS_NSO,Indicateurs,27536999,Industrie manufacturière
RDS_DICT_INDICATORS_NSO,Indicateurs,27537009,"Production et distribution d'électricité, de gaz et d'eau"
RDS_DICT_INDICATORS_NSO,Indicateurs,27537019,Construction
RDS_DICT_INDICATORS_NSO,Indicateurs,27537029,"Commerce, réparations automobile et d'articles domestiques"
RDS_DICT_INDICATORS_NSO,Indicateurs,27537049,Transports
RDS_DICT_INDICATORS_NSO,Indicateurs,27537059,Télécommunications
RDS_DICT_INDICATORS_NSO,Indicateurs,27537079,"Immobilier, locations et services aux entreprises"
RDS_DICT_INDICATORS_NSO,Indicateurs,27537089,Administration publique
RDS_DICT_INDICATORS_NSO,Indicateurs,27537099,Education
RDS_DICT_INDICATORS_NSO,Indicateurs,27537109,Sante et action sociale
RDS_DICT_INDICATORS_NSO,Indicateurs,27653899,"Services collectifs, sociaux et personnels"
RDS_DICT_INDICATORS_NSO,Indicateurs,27537119,Privé
RDS_DICT_INDICATORS_NSO,Indicateurs,27537129,Industries extractives
RDS_DICT_INDICATORS_NSO,Indicateurs,27537139,Industrie manufacturière
RDS_DICT_INDICATORS_NSO,Indicateurs,27537159,Construction
RDS_DICT_INDICATORS_NSO,Indicateurs,27537169,"Commerce, réparations automobile et d'articles domestiques"
RDS_DICT_INDICATORS_NSO,Indicateurs,27537179,Hôtels et restaurants
RDS_DICT_INDICATORS_NSO,Indicateurs,27537189,Transports
RDS_DICT_INDICATORS_NSO,Indicateurs,27537199,Télécommunications
RDS_DICT_INDICATORS_NSO,Indicateurs,27537219,"Immobilier, locations et services aux entreprises"
RDS_DICT_INDICATORS_NSO,Indicateurs,27537239,Education
RDS_DICT_INDICATORS_NSO,Indicateurs,27537249,Sante et action sociale
RDS_DICT_INDICATORS_NSO,Indicateurs,27653909,"Services collectifs, sociaux et personnels"
RDS_DICT_INDICATORS_NSO,Indicateurs,27654389,Total
RDS_DICT_INDICATORS_NSO,Indicateurs,27661149,Industries extractives
RDS_DICT_INDICATORS_NSO,Indicateurs,27661159,Industrie manufacturière
RDS_DICT_INDICATORS_NSO,Indicateurs,27661169,"Production et distribution d'électricité, de gaz et d'eau"
RDS_DICT_INDICATORS_NSO,Indicateurs,27661179,Construction
RDS_DICT_INDICATORS_NSO,Indicateurs,27661189,"Commerce, réparations automobile et d'articles domestiques"
RDS_DICT_INDICATORS_NSO,Indicateurs,27661199,Hôtels et restaurants
RDS_DICT_INDICATORS_NSO,Indicateurs,27661209,Transports
RDS_DICT_INDICATORS_NSO,Indicateurs,27661219,Télécommunications
RDS_DICT_INDICATORS_NSO,Indicateurs,27661239,"Immobilier, locations et services aux entreprises"
RDS_DICT_INDICATORS_NSO,Indicateurs,27661249,Administration publique
RDS_DICT_INDICATORS_NSO,Indicateurs,27661259,Education
RDS_DICT_INDICATORS_NSO,Indicateurs,27661269,Sante et action sociale
RDS_DICT_INDICATORS_NSO,Indicateurs,27661279,"Services collectifs, sociaux et personnels"
RDS_DICT_INDICATORS_NSO,Indicateurs,27537259,Entreprises présentes sur le web
RDS_DICT_INDICATORS_NSO,Indicateurs,27537269,Par secteur d'activité
RDS_DICT_INDICATORS_NSO,Indicateurs,27537279,Public
RDS_DICT_INDICATORS_NSO,Indicateurs,27537289,Industries extractives
RDS_DICT_INDICATORS_NSO,Indicateurs,27537299,Industrie manufacturière
RDS_DICT_INDICATORS_NSO,Indicateurs,27537309,"Production et distribution d'électricité, de gaz et d'eau"
RDS_DICT_INDICATORS_NSO,Indicateurs,27537319,Construction
RDS_DICT_INDICATORS_NSO,Indicateurs,27537329,"Commerce, réparations automobile et d'articles domestiques"
RDS_DICT_INDICATORS_NSO,Indicateurs,27537349,Transports
RDS_DICT_INDICATORS_NSO,Indicateurs,27537359,Télécommunications
RDS_DICT_INDICATORS_NSO,Indicateurs,27537369,Activités financières
RDS_DICT_INDICATORS_NSO,Indicateurs,27537379,"Immobilier, locations et services aux entreprises"
RDS_DICT_INDICATORS_NSO,Indicateurs,27537389,Administration publique
RDS_DICT_INDICATORS_NSO,Indicateurs,27537399,Education
RDS_DICT_INDICATORS_NSO,Indicateurs,27537409,Sante et action sociale
RDS_DICT_INDICATORS_NSO,Indicateurs,27653919,"Services collectifs, sociaux et personnels"
RDS_DICT_INDICATORS_NSO,Indicateurs,27537419,Privé
RDS_DICT_INDICATORS_NSO,Indicateurs,27537429,Industries extractives
RDS_DICT_INDICATORS_NSO,Indicateurs,27537439,Industrie manufacturière
RDS_DICT_INDICATORS_NSO,Indicateurs,27537459,Construction
RDS_DICT_INDICATORS_NSO,Indicateurs,27537469,"Commerce, réparations automobile et d'articles domestiques"
RDS_DICT_INDICATORS_NSO,Indicateurs,27537479,Hôtels et restaurants
RDS_DICT_INDICATORS_NSO,Indicateurs,27537489,Transports
RDS_DICT_INDICATORS_NSO,Indicateurs,27537499,Télécommunications
RDS_DICT_INDICATORS_NSO,Indicateurs,27537509,Activités financières
RDS_DICT_INDICATORS_NSO,Indicateurs,27537519,"Immobilier, locations et services aux entreprises"
RDS_DICT_INDICATORS_NSO,Indicateurs,27537539,Education
RDS_DICT_INDICATORS_NSO,Indicateurs,27537549,Sante et action sociale
RDS_DICT_INDICATORS_NSO,Indicateurs,27653929,"Services collectifs, sociaux et personnels"
RDS_DICT_INDICATORS_NSO,Indicateurs,27654399,Total
RDS_DICT_INDICATORS_NSO,Indicateurs,27661289,Industries extractives
RDS_DICT_INDICATORS_NSO,Indicateurs,27661299,Industrie manufacturière
RDS_DICT_INDICATORS_NSO,Indicateurs,27661309,"Production et distribution d'électricité, de gaz et d'eau"
RDS_DICT_INDICATORS_NSO,Indicateurs,27661319,Construction
RDS_DICT_INDICATORS_NSO,Indicateurs,27661329,"Commerce, réparations automobile et d'articles domestiques"
RDS_DICT_INDICATORS_NSO,Indicateurs,27661339,Hôtels et restaurants
RDS_DICT_INDICATORS_NSO,Indicateurs,27661349,Transports
RDS_DICT_INDICATORS_NSO,Indicateurs,27661359,Télécommunications
RDS_DICT_INDICATORS_NSO,Indicateurs,27661369,Activités financières
RDS_DICT_INDICATORS_NSO,Indicateurs,27661379,"Immobilier, locations et services aux entreprises"
RDS_DICT_INDICATORS_NSO,Indicateurs,27661389,Administration publique
RDS_DICT_INDICATORS_NSO,Indicateurs,27661399,Education
RDS_DICT_INDICATORS_NSO,Indicateurs,27661409,Sante et action sociale
RDS_DICT_INDICATORS_NSO,Indicateurs,27661419,"Services collectifs, sociaux et personnels"
RDS_DICT_INDICATORS_NSO,Indicateurs,27537559,Entreprises envoyant ou recevant des courriers électroniques
RDS_DICT_INDICATORS_NSO,Indicateurs,27537569,Par secteur d'activité
RDS_DICT_INDICATORS_NSO,Indicateurs,27537579,Public
RDS_DICT_INDICATORS_NSO,Indicateurs,27537589,Industries extractives
RDS_DICT_INDICATORS_NSO,Indicateurs,27537599,Industrie manufacturière
RDS_DICT_INDICATORS_NSO,Indicateurs,27537609,"Production et distribution d'électricité, de gaz et d'eau"
RDS_DICT_INDICATORS_NSO,Indicateurs,27537619,Construction
RDS_DICT_INDICATORS_NSO,Indicateurs,27537629,"Commerce, réparations automobile et d'articles domestiques"
RDS_DICT_INDICATORS_NSO,Indicateurs,27537649,Transports
RDS_DICT_INDICATORS_NSO,Indicateurs,27537659,Télécommunications
RDS_DICT_INDICATORS_NSO,Indicateurs,27537669,Activités financières
RDS_DICT_INDICATORS_NSO,Indicateurs,27537679,"Immobilier, locations et services aux entreprises"
RDS_DICT_INDICATORS_NSO,Indicateurs,27537689,Administration publique
RDS_DICT_INDICATORS_NSO,Indicateurs,27537699,Education
RDS_DICT_INDICATORS_NSO,Indicateurs,27537709,Sante et action sociale
RDS_DICT_INDICATORS_NSO,Indicateurs,27653939,"Services collectifs, sociaux et personnels"
RDS_DICT_INDICATORS_NSO,Indicateurs,27537719,Privé
RDS_DICT_INDICATORS_NSO,Indicateurs,27537729,Industries extractives
RDS_DICT_INDICATORS_NSO,Indicateurs,27537739,Industrie manufacturière
RDS_DICT_INDICATORS_NSO,Indicateurs,27537759,Construction
RDS_DICT_INDICATORS_NSO,Indicateurs,27537769,"Commerce, réparations automobile et d'articles domestiques"
RDS_DICT_INDICATORS_NSO,Indicateurs,27537779,Hôtels et restaurants
RDS_DICT_INDICATORS_NSO,Indicateurs,27537789,Transports
RDS_DICT_INDICATORS_NSO,Indicateurs,27537799,Télécommunications
RDS_DICT_INDICATORS_NSO,Indicateurs,27537809,Activités financières
RDS_DICT_INDICATORS_NSO,Indicateurs,27537819,"Immobilier, locations et services aux entreprises"
RDS_DICT_INDICATORS_NSO,Indicateurs,27537839,Education
RDS_DICT_INDICATORS_NSO,Indicateurs,27537849,Sante et action sociale
RDS_DICT_INDICATORS_NSO,Indicateurs,27653949,"Services collectifs, sociaux et personnels"
RDS_DICT_INDICATORS_NSO,Indicateurs,27654409,Total
RDS_DICT_INDICATORS_NSO,Indicateurs,27661429,Industries extractives
RDS_DICT_INDICATORS_NSO,Indicateurs,27661439,Industrie manufacturière
RDS_DICT_INDICATORS_NSO,Indicateurs,27661449,"Production et distribution d'électricité, de gaz et d'eau"
RDS_DICT_INDICATORS_NSO,Indicateurs,27661459,Construction
RDS_DICT_INDICATORS_NSO,Indicateurs,27661469,"Commerce, réparations automobile et d'articles domestiques"
RDS_DICT_INDICATORS_NSO,Indicateurs,27661479,Hôtels et restaurants
RDS_DICT_INDICATORS_NSO,Indicateurs,27661489,Transports
RDS_DICT_INDICATORS_NSO,Indicateurs,27661499,Télécommunications
RDS_DICT_INDICATORS_NSO,Indicateurs,27661509,Activités financières
RDS_DICT_INDICATORS_NSO,Indicateurs,27661519,"Immobilier, locations et services aux entreprises"
RDS_DICT_INDICATORS_NSO,Indicateurs,27661529,Administration publique
RDS_DICT_INDICATORS_NSO,Indicateurs,27661539,Education
RDS_DICT_INDICATORS_NSO,Indicateurs,27661549,Sante et action sociale
RDS_DICT_INDICATORS_NSO,Indicateurs,27661559,"Services collectifs, sociaux et personnels"
RDS_DICT_INDICATORS_NSO,Indicateurs,27537859,Entreprises recherchant des informations sur les biens et les services
RDS_DICT_INDICATORS_NSO,Indicateurs,27537869,Par secteur d'activité
RDS_DICT_INDICATORS_NSO,Indicateurs,27537879,Public
RDS_DICT_INDICATORS_NSO,Indicateurs,27537889,Industries extractives
RDS_DICT_INDICATORS_NSO,Indicateurs,27537899,Industrie manufacturière
RDS_DICT_INDICATORS_NSO,Indicateurs,27537909,"Production et distribution d'électricité, de gaz et d'eau"
RDS_DICT_INDICATORS_NSO,Indicateurs,27537919,Construction
RDS_DICT_INDICATORS_NSO,Indicateurs,27537929,"Commerce, réparations automobile et d'articles domestiques"
RDS_DICT_INDICATORS_NSO,Indicateurs,27537949,Transports
RDS_DICT_INDICATORS_NSO,Indicateurs,27537959,Télécommunications
RDS_DICT_INDICATORS_NSO,Indicateurs,27537969,Activités financières
RDS_DICT_INDICATORS_NSO,Indicateurs,27537979,"Immobilier, locations et services aux entreprises"
RDS_DICT_INDICATORS_NSO,Indicateurs,27537989,Administration publique
RDS_DICT_INDICATORS_NSO,Indicateurs,27537999,Education
RDS_DICT_INDICATORS_NSO,Indicateurs,27538009,Sante et action sociale
RDS_DICT_INDICATORS_NSO,Indicateurs,27653959,"Services collectifs, sociaux et personnels"
RDS_DICT_INDICATORS_NSO,Indicateurs,27538019,Privé
RDS_DICT_INDICATORS_NSO,Indicateurs,27538029,Industries extractives
RDS_DICT_INDICATORS_NSO,Indicateurs,27538039,Industrie manufacturière
RDS_DICT_INDICATORS_NSO,Indicateurs,27538059,Construction
RDS_DICT_INDICATORS_NSO,Indicateurs,27538069,"Commerce, réparations automobile et d'articles domestiques"
RDS_DICT_INDICATORS_NSO,Indicateurs,27538079,Hôtels et restaurants
RDS_DICT_INDICATORS_NSO,Indicateurs,27538089,Transports
RDS_DICT_INDICATORS_NSO,Indicateurs,27538099,Télécommunications
RDS_DICT_INDICATORS_NSO,Indicateurs,27538109,Activités financières
RDS_DICT_INDICATORS_NSO,Indicateurs,27538119,"Immobilier, locations et services aux entreprises"
RDS_DICT_INDICATORS_NSO,Indicateurs,27538139,Education
RDS_DICT_INDICATORS_NSO,Indicateurs,27538149,Sante et action sociale
RDS_DICT_INDICATORS_NSO,Indicateurs,27653969,"Services collectifs, sociaux et personnels"
RDS_DICT_INDICATORS_NSO,Indicateurs,27654419,Total
RDS_DICT_INDICATORS_NSO,Indicateurs,27661569,Industries extractives
RDS_DICT_INDICATORS_NSO,Indicateurs,27661579,Industrie manufacturière
RDS_DICT_INDICATORS_NSO,Indicateurs,27661589,"Production et distribution d'électricité, de gaz et d'eau"
RDS_DICT_INDICATORS_NSO,Indicateurs,27661599,Construction
RDS_DICT_INDICATORS_NSO,Indicateurs,27661609,"Commerce, réparations automobile et d'articles domestiques"
RDS_DICT_INDICATORS_NSO,Indicateurs,27661619,Hôtels et restaurants
RDS_DICT_INDICATORS_NSO,Indicateurs,27661629,Transports
RDS_DICT_INDICATORS_NSO,Indicateurs,27661639,Télécommunications
RDS_DICT_INDICATORS_NSO,Indicateurs,27661649,Activités financières
RDS_DICT_INDICATORS_NSO,Indicateurs,27661659,"Immobilier, locations et services aux entreprises"
RDS_DICT_INDICATORS_NSO,Indicateurs,27661669,Administration publique
RDS_DICT_INDICATORS_NSO,Indicateurs,27661679,Education
RDS_DICT_INDICATORS_NSO,Indicateurs,27661689,Sante et action sociale
RDS_DICT_INDICATORS_NSO,Indicateurs,27661699,"Services collectifs, sociaux et personnels"
RDS_DICT_INDICATORS_NSO,Indicateurs,27538159,Entreprises  utilisant la téléphonie sur Internet (VoIP) ou la vidéo conférence
RDS_DICT_INDICATORS_NSO,Indicateurs,27538169,Par secteur d'activité
RDS_DICT_INDICATORS_NSO,Indicateurs,27538179,Public
RDS_DICT_INDICATORS_NSO,Indicateurs,27538189,Industries extractives
RDS_DICT_INDICATORS_NSO,Indicateurs,27538199,Industrie manufacturière
RDS_DICT_INDICATORS_NSO,Indicateurs,27538209,"Production et distribution d'électricité, de gaz et d'eau"
RDS_DICT_INDICATORS_NSO,Indicateurs,27538219,Construction
RDS_DICT_INDICATORS_NSO,Indicateurs,27538229,"Commerce, réparations automobile et d'articles domestiques"
RDS_DICT_INDICATORS_NSO,Indicateurs,27538249,Transports
RDS_DICT_INDICATORS_NSO,Indicateurs,27538259,Télécommunications
RDS_DICT_INDICATORS_NSO,Indicateurs,27538269,Activités financières
RDS_DICT_INDICATORS_NSO,Indicateurs,27538279,"Immobilier, locations et services aux entreprises"
RDS_DICT_INDICATORS_NSO,Indicateurs,27538289,Administration publique
RDS_DICT_INDICATORS_NSO,Indicateurs,27538299,Education
RDS_DICT_INDICATORS_NSO,Indicateurs,27538309,Sante et action sociale
RDS_DICT_INDICATORS_NSO,Indicateurs,27653979,"Services collectifs, sociaux et personnels"
RDS_DICT_INDICATORS_NSO,Indicateurs,27538319,Privé
RDS_DICT_INDICATORS_NSO,Indicateurs,27538329,Industries extractives
RDS_DICT_INDICATORS_NSO,Indicateurs,27538339,Industrie manufacturière
RDS_DICT_INDICATORS_NSO,Indicateurs,27538359,Construction
RDS_DICT_INDICATORS_NSO,Indicateurs,27538369,"Commerce, réparations automobile et d'articles domestiques"
RDS_DICT_INDICATORS_NSO,Indicateurs,27538379,Hôtels et restaurants
RDS_DICT_INDICATORS_NSO,Indicateurs,27538389,Transports
RDS_DICT_INDICATORS_NSO,Indicateurs,27538399,Télécommunications
RDS_DICT_INDICATORS_NSO,Indicateurs,27538409,Activités financières
RDS_DICT_INDICATORS_NSO,Indicateurs,27538419,"Immobilier, locations et services aux entreprises"
RDS_DICT_INDICATORS_NSO,Indicateurs,27538439,Education
RDS_DICT_INDICATORS_NSO,Indicateurs,27538449,Sante et action sociale
RDS_DICT_INDICATORS_NSO,Indicateurs,27653989,"Services collectifs, sociaux et personnels"
RDS_DICT_INDICATORS_NSO,Indicateurs,27654429,Total
RDS_DICT_INDICATORS_NSO,Indicateurs,27661709,Industries extractives
RDS_DICT_INDICATORS_NSO,Indicateurs,27661719,Industrie manufacturière
RDS_DICT_INDICATORS_NSO,Indicateurs,27661729,"Production et distribution d'électricité, de gaz et d'eau"
RDS_DICT_INDICATORS_NSO,Indicateurs,27661739,Construction
RDS_DICT_INDICATORS_NSO,Indicateurs,27661749,"Commerce, réparations automobile et d'articles domestiques"
RDS_DICT_INDICATORS_NSO,Indicateurs,27661759,Hôtels et restaurants
RDS_DICT_INDICATORS_NSO,Indicateurs,27661769,Transports
RDS_DICT_INDICATORS_NSO,Indicateurs,27661779,Télécommunications
RDS_DICT_INDICATORS_NSO,Indicateurs,27661789,Activités financières
RDS_DICT_INDICATORS_NSO,Indicateurs,27661799,"Immobilier, locations et services aux entreprises"
RDS_DICT_INDICATORS_NSO,Indicateurs,27661809,Administration publique
RDS_DICT_INDICATORS_NSO,Indicateurs,27661819,Education
RDS_DICT_INDICATORS_NSO,Indicateurs,27661829,Sante et action sociale
RDS_DICT_INDICATORS_NSO,Indicateurs,27661839,"Services collectifs, sociaux et personnels"
RDS_DICT_INDICATORS_NSO,Indicateurs,27538459,Entreprises recherchant des informations auprès des organismes publics via des sites web Internet
RDS_DICT_INDICATORS_NSO,Indicateurs,27538469,Par secteur d'activité
RDS_DICT_INDICATORS_NSO,Indicateurs,27538479,Public
RDS_DICT_INDICATORS_NSO,Indicateurs,27538489,Industries extractives
RDS_DICT_INDICATORS_NSO,Indicateurs,27538499,Industrie manufacturière
RDS_DICT_INDICATORS_NSO,Indicateurs,27538509,"Production et distribution d'électricité, de gaz et d'eau"
RDS_DICT_INDICATORS_NSO,Indicateurs,27538519,Construction
RDS_DICT_INDICATORS_NSO,Indicateurs,27538529,"Commerce, réparations automobile et d'articles domestiques"
RDS_DICT_INDICATORS_NSO,Indicateurs,27538549,Transports
RDS_DICT_INDICATORS_NSO,Indicateurs,27538559,Télécommunications
RDS_DICT_INDICATORS_NSO,Indicateurs,27538569,Activités financières
RDS_DICT_INDICATORS_NSO,Indicateurs,27538579,"Immobilier, locations et services aux entreprises"
RDS_DICT_INDICATORS_NSO,Indicateurs,27538589,Administration publique
RDS_DICT_INDICATORS_NSO,Indicateurs,27538599,Education
RDS_DICT_INDICATORS_NSO,Indicateurs,27538609,Sante et action sociale
RDS_DICT_INDICATORS_NSO,Indicateurs,27653999,"Services collectifs, sociaux et personnels"
RDS_DICT_INDICATORS_NSO,Indicateurs,27538619,Privé
RDS_DICT_INDICATORS_NSO,Indicateurs,27538629,Industries extractives
RDS_DICT_INDICATORS_NSO,Indicateurs,27538639,Industrie manufacturière
RDS_DICT_INDICATORS_NSO,Indicateurs,27538659,Construction
RDS_DICT_INDICATORS_NSO,Indicateurs,27538669,"Commerce, réparations automobile et d'articles domestiques"
RDS_DICT_INDICATORS_NSO,Indicateurs,27538679,Hôtels et restaurants
RDS_DICT_INDICATORS_NSO,Indicateurs,27538689,Transports
RDS_DICT_INDICATORS_NSO,Indicateurs,27538699,Télécommunications
RDS_DICT_INDICATORS_NSO,Indicateurs,27538709,Activités financières
RDS_DICT_INDICATORS_NSO,Indicateurs,27538719,"Immobilier, locations et services aux entreprises"
RDS_DICT_INDICATORS_NSO,Indicateurs,27538739,Education
RDS_DICT_INDICATORS_NSO,Indicateurs,27538749,Sante et action sociale
RDS_DICT_INDICATORS_NSO,Indicateurs,27654009,"Services collectifs, sociaux et personnels"
RDS_DICT_INDICATORS_NSO,Indicateurs,27654439,Total
RDS_DICT_INDICATORS_NSO,Indicateurs,27661849,Industries extractives
RDS_DICT_INDICATORS_NSO,Indicateurs,27661859,Industrie manufacturière
RDS_DICT_INDICATORS_NSO,Indicateurs,27661869,"Production et distribution d'électricité, de gaz et d'eau"
RDS_DICT_INDICATORS_NSO,Indicateurs,27661879,Construction
RDS_DICT_INDICATORS_NSO,Indicateurs,27661889,"Commerce, réparations automobile et d'articles domestiques"
RDS_DICT_INDICATORS_NSO,Indicateurs,27661899,Hôtels et restaurants
RDS_DICT_INDICATORS_NSO,Indicateurs,27661909,Transports
RDS_DICT_INDICATORS_NSO,Indicateurs,27661919,Télécommunications
RDS_DICT_INDICATORS_NSO,Indicateurs,27661929,Activités financières
RDS_DICT_INDICATORS_NSO,Indicateurs,27661939,"Immobilier, locations et services aux entreprises"
RDS_DICT_INDICATORS_NSO,Indicateurs,27661949,Administration publique
RDS_DICT_INDICATORS_NSO,Indicateurs,27661959,Education
RDS_DICT_INDICATORS_NSO,Indicateurs,27661969,Sante et action sociale
RDS_DICT_INDICATORS_NSO,Indicateurs,27661979,"Services collectifs, sociaux et personnels"
RDS_DICT_INDICATORS_NSO,Indicateurs,27538759,Entreprises réalisant des échanges électroniques avec les organismes publics
RDS_DICT_INDICATORS_NSO,Indicateurs,27538769,Par secteur d'activité
RDS_DICT_INDICATORS_NSO,Indicateurs,27538779,Public
RDS_DICT_INDICATORS_NSO,Indicateurs,27538789,Industries extractives
RDS_DICT_INDICATORS_NSO,Indicateurs,27538799,Industrie manufacturière
RDS_DICT_INDICATORS_NSO,Indicateurs,27538809,"Production et distribution d'électricité, de gaz et d'eau"
RDS_DICT_INDICATORS_NSO,Indicateurs,27538819,Construction
RDS_DICT_INDICATORS_NSO,Indicateurs,27538829,"Commerce, réparations automobile et d'articles domestiques"
RDS_DICT_INDICATORS_NSO,Indicateurs,27538849,Transports
RDS_DICT_INDICATORS_NSO,Indicateurs,27538859,Télécommunications
RDS_DICT_INDICATORS_NSO,Indicateurs,27538869,Activités financières
RDS_DICT_INDICATORS_NSO,Indicateurs,27538879,"Immobilier, locations et services aux entreprises"
RDS_DICT_INDICATORS_NSO,Indicateurs,27538889,Administration publique
RDS_DICT_INDICATORS_NSO,Indicateurs,27538899,Education
RDS_DICT_INDICATORS_NSO,Indicateurs,27538909,Sante et action sociale
RDS_DICT_INDICATORS_NSO,Indicateurs,27654019,"Services collectifs, sociaux et personnels"
RDS_DICT_INDICATORS_NSO,Indicateurs,27538919,Privé
RDS_DICT_INDICATORS_NSO,Indicateurs,27538929,Industries extractives
RDS_DICT_INDICATORS_NSO,Indicateurs,27538939,Industrie manufacturière
RDS_DICT_INDICATORS_NSO,Indicateurs,27538959,Construction
RDS_DICT_INDICATORS_NSO,Indicateurs,27538969,"Commerce, réparations automobile et d'articles domestiques"
RDS_DICT_INDICATORS_NSO,Indicateurs,27538979,Hôtels et restaurants
RDS_DICT_INDICATORS_NSO,Indicateurs,27538989,Transports
RDS_DICT_INDICATORS_NSO,Indicateurs,27538999,Télécommunications
RDS_DICT_INDICATORS_NSO,Indicateurs,27539009,Activités financières
RDS_DICT_INDICATORS_NSO,Indicateurs,27539019,"Immobilier, locations et services aux entreprises"
RDS_DICT_INDICATORS_NSO,Indicateurs,27539039,Education
RDS_DICT_INDICATORS_NSO,Indicateurs,27539049,Sante et action sociale
RDS_DICT_INDICATORS_NSO,Indicateurs,27654029,"Services collectifs, sociaux et personnels"
RDS_DICT_INDICATORS_NSO,Indicateurs,27654449,Total
RDS_DICT_INDICATORS_NSO,Indicateurs,27661989,Industries extractives
RDS_DICT_INDICATORS_NSO,Indicateurs,27661999,Industrie manufacturière
RDS_DICT_INDICATORS_NSO,Indicateurs,27662009,"Production et distribution d'électricité, de gaz et d'eau"
RDS_DICT_INDICATORS_NSO,Indicateurs,27662019,Construction
RDS_DICT_INDICATORS_NSO,Indicateurs,27662029,"Commerce, réparations automobile et d'articles domestiques"
RDS_DICT_INDICATORS_NSO,Indicateurs,27662039,Hôtels et restaurants
RDS_DICT_INDICATORS_NSO,Indicateurs,27662049,Transports
RDS_DICT_INDICATORS_NSO,Indicateurs,27662059,Télécommunications
RDS_DICT_INDICATORS_NSO,Indicateurs,27662069,Activités financières
RDS_DICT_INDICATORS_NSO,Indicateurs,27662079,"Immobilier, locations et services aux entreprises"
RDS_DICT_INDICATORS_NSO,Indicateurs,27662089,Administration publique
RDS_DICT_INDICATORS_NSO,Indicateurs,27662099,Education
RDS_DICT_INDICATORS_NSO,Indicateurs,27662109,Sante et action sociale
RDS_DICT_INDICATORS_NSO,Indicateurs,27662119,"Services collectifs, sociaux et personnels"
RDS_DICT_INDICATORS_NSO,Indicateurs,27539059,Entreprises ayant recours à des services financiers ou bancaires sur Internet
RDS_DICT_INDICATORS_NSO,Indicateurs,27539069,Par secteur d'activité
RDS_DICT_INDICATORS_NSO,Indicateurs,27539079,Public
RDS_DICT_INDICATORS_NSO,Indicateurs,27539089,Industries extractives
RDS_DICT_INDICATORS_NSO,Indicateurs,27539099,Industrie manufacturière
RDS_DICT_INDICATORS_NSO,Indicateurs,27539109,"Production et distribution d'électricité, de gaz et d'eau"
RDS_DICT_INDICATORS_NSO,Indicateurs,27539119,Construction
RDS_DICT_INDICATORS_NSO,Indicateurs,27539129,"Commerce, réparations automobile et d'articles domestiques"
RDS_DICT_INDICATORS_NSO,Indicateurs,27539149,Transports
RDS_DICT_INDICATORS_NSO,Indicateurs,27539159,Télécommunications
RDS_DICT_INDICATORS_NSO,Indicateurs,27539169,Activités financières
RDS_DICT_INDICATORS_NSO,Indicateurs,27539179,"Immobilier, locations et services aux entreprises"
RDS_DICT_INDICATORS_NSO,Indicateurs,27539189,Administration publique
RDS_DICT_INDICATORS_NSO,Indicateurs,27539199,Education
RDS_DICT_INDICATORS_NSO,Indicateurs,27539209,Sante et action sociale
RDS_DICT_INDICATORS_NSO,Indicateurs,27654039,"Services collectifs, sociaux et personnels"
RDS_DICT_INDICATORS_NSO,Indicateurs,27539219,Privé
RDS_DICT_INDICATORS_NSO,Indicateurs,27539229,Industries extractives
RDS_DICT_INDICATORS_NSO,Indicateurs,27539239,Industrie manufacturière
RDS_DICT_INDICATORS_NSO,Indicateurs,27539259,Construction
RDS_DICT_INDICATORS_NSO,Indicateurs,27539269,"Commerce, réparations automobile et d'articles domestiques"
RDS_DICT_INDICATORS_NSO,Indicateurs,27539279,Hôtels et restaurants
RDS_DICT_INDICATORS_NSO,Indicateurs,27539289,Transports
RDS_DICT_INDICATORS_NSO,Indicateurs,27539299,Télécommunications
RDS_DICT_INDICATORS_NSO,Indicateurs,27539309,Activités financières
RDS_DICT_INDICATORS_NSO,Indicateurs,27539319,"Immobilier, locations et services aux entreprises"
RDS_DICT_INDICATORS_NSO,Indicateurs,27539339,Education
RDS_DICT_INDICATORS_NSO,Indicateurs,27539349,Sante et action sociale
RDS_DICT_INDICATORS_NSO,Indicateurs,27654049,"Services collectifs, sociaux et personnels"
RDS_DICT_INDICATORS_NSO,Indicateurs,27654459,Total
RDS_DICT_INDICATORS_NSO,Indicateurs,27662129,Industries extractives
RDS_DICT_INDICATORS_NSO,Indicateurs,27662139,Industrie manufacturière
RDS_DICT_INDICATORS_NSO,Indicateurs,27662149,"Production et distribution d'électricité, de gaz et d'eau"
RDS_DICT_INDICATORS_NSO,Indicateurs,27662159,Construction
RDS_DICT_INDICATORS_NSO,Indicateurs,27662169,"Commerce, réparations automobile et d'articles domestiques"
RDS_DICT_INDICATORS_NSO,Indicateurs,27662179,Hôtels et restaurants
RDS_DICT_INDICATORS_NSO,Indicateurs,27662189,Transports
RDS_DICT_INDICATORS_NSO,Indicateurs,27662199,Télécommunications
RDS_DICT_INDICATORS_NSO,Indicateurs,27662219,"Immobilier, locations et services aux entreprises"
RDS_DICT_INDICATORS_NSO,Indicateurs,27662229,Administration publique
RDS_DICT_INDICATORS_NSO,Indicateurs,27662239,Education
RDS_DICT_INDICATORS_NSO,Indicateurs,27662249,Sante et action sociale
RDS_DICT_INDICATORS_NSO,Indicateurs,27662259,"Services collectifs, sociaux et personnels"
RDS_DICT_INDICATORS_NSO,Indicateurs,27539359,Entreprises ayant recours à d'autres services financiers sur Internet
RDS_DICT_INDICATORS_NSO,Indicateurs,27539369,Par secteur d'activité
RDS_DICT_INDICATORS_NSO,Indicateurs,27539379,Public
RDS_DICT_INDICATORS_NSO,Indicateurs,27539389,Industries extractives
RDS_DICT_INDICATORS_NSO,Indicateurs,27539399,Industrie manufacturière
RDS_DICT_INDICATORS_NSO,Indicateurs,27539409,"Production et distribution d'électricité, de gaz et d'eau"
RDS_DICT_INDICATORS_NSO,Indicateurs,27539419,Construction
RDS_DICT_INDICATORS_NSO,Indicateurs,27539429,"Commerce, réparations automobile et d'articles domestiques"
RDS_DICT_INDICATORS_NSO,Indicateurs,27539449,Transports
RDS_DICT_INDICATORS_NSO,Indicateurs,27539459,Télécommunications
RDS_DICT_INDICATORS_NSO,Indicateurs,27539479,"Immobilier, locations et services aux entreprises"
RDS_DICT_INDICATORS_NSO,Indicateurs,27539489,Administration publique
RDS_DICT_INDICATORS_NSO,Indicateurs,27539499,Education
RDS_DICT_INDICATORS_NSO,Indicateurs,27539509,Sante et action sociale
RDS_DICT_INDICATORS_NSO,Indicateurs,27654059,"Services collectifs, sociaux et personnels"
RDS_DICT_INDICATORS_NSO,Indicateurs,27539519,Privé
RDS_DICT_INDICATORS_NSO,Indicateurs,27539529,Industries extractives
RDS_DICT_INDICATORS_NSO,Indicateurs,27539539,Industrie manufacturière
RDS_DICT_INDICATORS_NSO,Indicateurs,27539559,Construction
RDS_DICT_INDICATORS_NSO,Indicateurs,27539569,"Commerce, réparations automobile et d'articles domestiques"
RDS_DICT_INDICATORS_NSO,Indicateurs,27539579,Hôtels et restaurants
RDS_DICT_INDICATORS_NSO,Indicateurs,27539589,Transports
RDS_DICT_INDICATORS_NSO,Indicateurs,27539599,Télécommunications
RDS_DICT_INDICATORS_NSO,Indicateurs,27539619,"Immobilier, locations et services aux entreprises"
RDS_DICT_INDICATORS_NSO,Indicateurs,27539639,Education
RDS_DICT_INDICATORS_NSO,Indicateurs,27539649,Sante et action sociale
RDS_DICT_INDICATORS_NSO,Indicateurs,27654069,"Services collectifs, sociaux et personnels"
RDS_DICT_INDICATORS_NSO,Indicateurs,27654469,Total
RDS_DICT_INDICATORS_NSO,Indicateurs,27662269,Industries extractives
RDS_DICT_INDICATORS_NSO,Indicateurs,27662279,Industrie manufacturière
RDS_DICT_INDICATORS_NSO,Indicateurs,27662289,"Production et distribution d'électricité, de gaz et d'eau"
RDS_DICT_INDICATORS_NSO,Indicateurs,27662299,Construction
RDS_DICT_INDICATORS_NSO,Indicateurs,27662309,"Commerce, réparations automobile et d'articles domestiques"
RDS_DICT_INDICATORS_NSO,Indicateurs,27662319,Hôtels et restaurants
RDS_DICT_INDICATORS_NSO,Indicateurs,27662329,Transports
RDS_DICT_INDICATORS_NSO,Indicateurs,27662339,Télécommunications
RDS_DICT_INDICATORS_NSO,Indicateurs,27662359,"Immobilier, locations et services aux entreprises"
RDS_DICT_INDICATORS_NSO,Indicateurs,27662369,Administration publique
RDS_DICT_INDICATORS_NSO,Indicateurs,27662379,Education
RDS_DICT_INDICATORS_NSO,Indicateurs,27662389,Sante et action sociale
RDS_DICT_INDICATORS_NSO,Indicateurs,27662399,"Services collectifs, sociaux et personnels"
RDS_DICT_INDICATORS_NSO,Indicateurs,27539659,Entreprises fournissant des services d’après vente ou d’assistance en ligne à la clientèle
RDS_DICT_INDICATORS_NSO,Indicateurs,27539669,Par secteur d'activité
RDS_DICT_INDICATORS_NSO,Indicateurs,27539679,Public
RDS_DICT_INDICATORS_NSO,Indicateurs,27539689,Industries extractives
RDS_DICT_INDICATORS_NSO,Indicateurs,27539699,Industrie manufacturière
RDS_DICT_INDICATORS_NSO,Indicateurs,27539709,"Production et distribution d'électricité, de gaz et d'eau"
RDS_DICT_INDICATORS_NSO,Indicateurs,27539719,Construction
RDS_DICT_INDICATORS_NSO,Indicateurs,27539729,"Commerce, réparations automobile et d'articles domestiques"
RDS_DICT_INDICATORS_NSO,Indicateurs,27539749,Transports
RDS_DICT_INDICATORS_NSO,Indicateurs,27539759,Télécommunications
RDS_DICT_INDICATORS_NSO,Indicateurs,27539779,"Immobilier, locations et services aux entreprises"
RDS_DICT_INDICATORS_NSO,Indicateurs,27539789,Administration publique
RDS_DICT_INDICATORS_NSO,Indicateurs,27539799,Education
RDS_DICT_INDICATORS_NSO,Indicateurs,27539809,Sante et action sociale
RDS_DICT_INDICATORS_NSO,Indicateurs,27654079,"Services collectifs, sociaux et personnels"
RDS_DICT_INDICATORS_NSO,Indicateurs,27539819,Privé
RDS_DICT_INDICATORS_NSO,Indicateurs,27539829,Industries extractives
RDS_DICT_INDICATORS_NSO,Indicateurs,27539839,Industrie manufacturière
RDS_DICT_INDICATORS_NSO,Indicateurs,27539859,Construction
RDS_DICT_INDICATORS_NSO,Indicateurs,27539869,"Commerce, réparations automobile et d'articles domestiques"
RDS_DICT_INDICATORS_NSO,Indicateurs,27539879,Hôtels et restaurants
RDS_DICT_INDICATORS_NSO,Indicateurs,27539889,Transports
RDS_DICT_INDICATORS_NSO,Indicateurs,27539899,Télécommunications
RDS_DICT_INDICATORS_NSO,Indicateurs,27539919,"Immobilier, locations et services aux entreprises"
RDS_DICT_INDICATORS_NSO,Indicateurs,27539939,Education
RDS_DICT_INDICATORS_NSO,Indicateurs,27539949,Sante et action sociale
RDS_DICT_INDICATORS_NSO,Indicateurs,27654089,"Services collectifs, sociaux et personnels"
RDS_DICT_INDICATORS_NSO,Indicateurs,27654479,Total
RDS_DICT_INDICATORS_NSO,Indicateurs,27662409,Industries extractives
RDS_DICT_INDICATORS_NSO,Indicateurs,27662419,Industrie manufacturière
RDS_DICT_INDICATORS_NSO,Indicateurs,27662429,"Production et distribution d'électricité, de gaz et d'eau"
RDS_DICT_INDICATORS_NSO,Indicateurs,27662439,Construction
RDS_DICT_INDICATORS_NSO,Indicateurs,27662449,"Commerce, réparations automobile et d'articles domestiques"
RDS_DICT_INDICATORS_NSO,Indicateurs,27662459,Hôtels et restaurants
RDS_DICT_INDICATORS_NSO,Indicateurs,27662469,Transports
RDS_DICT_INDICATORS_NSO,Indicateurs,27662479,Télécommunications
RDS_DICT_INDICATORS_NSO,Indicateurs,27662489,Activités financières
RDS_DICT_INDICATORS_NSO,Indicateurs,27662499,"Immobilier, locations et services aux entreprises"
RDS_DICT_INDICATORS_NSO,Indicateurs,27662509,Administration publique
RDS_DICT_INDICATORS_NSO,Indicateurs,27662519,Education
RDS_DICT_INDICATORS_NSO,Indicateurs,27662529,Sante et action sociale
RDS_DICT_INDICATORS_NSO,Indicateurs,27662539,"Services collectifs, sociaux et personnels"
RDS_DICT_INDICATORS_NSO,Indicateurs,27539959,Entreprises livrant ou diffusant des produits en ligne
RDS_DICT_INDICATORS_NSO,Indicateurs,27539969,Par secteur d'activité
RDS_DICT_INDICATORS_NSO,Indicateurs,27539979,Public
RDS_DICT_INDICATORS_NSO,Indicateurs,27539989,Industries extractives
RDS_DICT_INDICATORS_NSO,Indicateurs,27539999,Industrie manufacturière
RDS_DICT_INDICATORS_NSO,Indicateurs,27540009,"Production et distribution d'électricité, de gaz et d'eau"
RDS_DICT_INDICATORS_NSO,Indicateurs,27540019,Construction
RDS_DICT_INDICATORS_NSO,Indicateurs,27540029,"Commerce, réparations automobile et d'articles domestiques"
RDS_DICT_INDICATORS_NSO,Indicateurs,27540039,Hôtels et restaurants
RDS_DICT_INDICATORS_NSO,Indicateurs,27540049,Transports
RDS_DICT_INDICATORS_NSO,Indicateurs,27540059,Télécommunications
RDS_DICT_INDICATORS_NSO,Indicateurs,27540069,Activités financières
RDS_DICT_INDICATORS_NSO,Indicateurs,27540079,"Immobilier, locations et services aux entreprises"
RDS_DICT_INDICATORS_NSO,Indicateurs,27540089,Administration publique
RDS_DICT_INDICATORS_NSO,Indicateurs,27540099,Education
RDS_DICT_INDICATORS_NSO,Indicateurs,27540109,Sante et action sociale
RDS_DICT_INDICATORS_NSO,Indicateurs,27654099,"Services collectifs, sociaux et personnels"
RDS_DICT_INDICATORS_NSO,Indicateurs,27540119,Privé
RDS_DICT_INDICATORS_NSO,Indicateurs,27540129,Industries extractives
RDS_DICT_INDICATORS_NSO,Indicateurs,27540139,Industrie manufacturière
RDS_DICT_INDICATORS_NSO,Indicateurs,27540159,Construction
RDS_DICT_INDICATORS_NSO,Indicateurs,27540169,"Commerce, réparations automobile et d'articles domestiques"
RDS_DICT_INDICATORS_NSO,Indicateurs,27540179,Hôtels et restaurants
RDS_DICT_INDICATORS_NSO,Indicateurs,27540189,Transports
RDS_DICT_INDICATORS_NSO,Indicateurs,27540199,Télécommunications
RDS_DICT_INDICATORS_NSO,Indicateurs,27540209,Activités financières
RDS_DICT_INDICATORS_NSO,Indicateurs,27540219,"Immobilier, locations et services aux entreprises"
RDS_DICT_INDICATORS_NSO,Indicateurs,27540239,Education
RDS_DICT_INDICATORS_NSO,Indicateurs,27540249,Sante et action sociale
RDS_DICT_INDICATORS_NSO,Indicateurs,27654109,"Services collectifs, sociaux et personnels"
RDS_DICT_INDICATORS_NSO,Indicateurs,27654489,Total
RDS_DICT_INDICATORS_NSO,Indicateurs,27662549,Industries extractives
RDS_DICT_INDICATORS_NSO,Indicateurs,27662559,Industrie manufacturière
RDS_DICT_INDICATORS_NSO,Indicateurs,27662569,"Production et distribution d'électricité, de gaz et d'eau"
RDS_DICT_INDICATORS_NSO,Indicateurs,27662579,Construction
RDS_DICT_INDICATORS_NSO,Indicateurs,27662589,"Commerce, réparations automobile et d'articles domestiques"
RDS_DICT_INDICATORS_NSO,Indicateurs,27662599,Hôtels et restaurants
RDS_DICT_INDICATORS_NSO,Indicateurs,27662609,Transports
RDS_DICT_INDICATORS_NSO,Indicateurs,27662619,Télécommunications
RDS_DICT_INDICATORS_NSO,Indicateurs,27662629,Activités financières
RDS_DICT_INDICATORS_NSO,Indicateurs,27662639,"Immobilier, locations et services aux entreprises"
RDS_DICT_INDICATORS_NSO,Indicateurs,27662649,Administration publique
RDS_DICT_INDICATORS_NSO,Indicateurs,27662659,Education
RDS_DICT_INDICATORS_NSO,Indicateurs,27662669,Sante et action sociale
RDS_DICT_INDICATORS_NSO,Indicateurs,27662679,"Services collectifs, sociaux et personnels"
RDS_DICT_INDICATORS_NSO,Indicateurs,27540259,Entreprises diffusant des offres d'emploi ou recueillant des demandes d'emploi sur leurs sites web
RDS_DICT_INDICATORS_NSO,Indicateurs,27540269,Par secteur d'activité
RDS_DICT_INDICATORS_NSO,Indicateurs,27540279,Public
RDS_DICT_INDICATORS_NSO,Indicateurs,27540289,Industries extractives
RDS_DICT_INDICATORS_NSO,Indicateurs,27540299,Industrie manufacturière
RDS_DICT_INDICATORS_NSO,Indicateurs,27540309,"Production et distribution d'électricité, de gaz et d'eau"
RDS_DICT_INDICATORS_NSO,Indicateurs,27540319,Construction
RDS_DICT_INDICATORS_NSO,Indicateurs,27540329,"Commerce, réparations automobile et d'articles domestiques"
RDS_DICT_INDICATORS_NSO,Indicateurs,27540349,Transports
RDS_DICT_INDICATORS_NSO,Indicateurs,27540359,Télécommunications
RDS_DICT_INDICATORS_NSO,Indicateurs,27540369,Activités financières
RDS_DICT_INDICATORS_NSO,Indicateurs,27540379,"Immobilier, locations et services aux entreprises"
RDS_DICT_INDICATORS_NSO,Indicateurs,27540389,Administration publique
RDS_DICT_INDICATORS_NSO,Indicateurs,27540399,Education
RDS_DICT_INDICATORS_NSO,Indicateurs,27540409,Sante et action sociale
RDS_DICT_INDICATORS_NSO,Indicateurs,27654119,"Services collectifs, sociaux et personnels"
RDS_DICT_INDICATORS_NSO,Indicateurs,27540419,Privé
RDS_DICT_INDICATORS_NSO,Indicateurs,27540429,Industries extractives
RDS_DICT_INDICATORS_NSO,Indicateurs,27540439,Industrie manufacturière
RDS_DICT_INDICATORS_NSO,Indicateurs,27540459,Construction
RDS_DICT_INDICATORS_NSO,Indicateurs,27540469,"Commerce, réparations automobile et d'articles domestiques"
RDS_DICT_INDICATORS_NSO,Indicateurs,27540479,Hôtels et restaurants
RDS_DICT_INDICATORS_NSO,Indicateurs,27540489,Transports
RDS_DICT_INDICATORS_NSO,Indicateurs,27540499,Télécommunications
RDS_DICT_INDICATORS_NSO,Indicateurs,27540509,Activités financières
RDS_DICT_INDICATORS_NSO,Indicateurs,27540519,"Immobilier, locations et services aux entreprises"
RDS_DICT_INDICATORS_NSO,Indicateurs,27540539,Education
RDS_DICT_INDICATORS_NSO,Indicateurs,27540549,Sante et action sociale
RDS_DICT_INDICATORS_NSO,Indicateurs,27654129,"Services collectifs, sociaux et personnels"
RDS_DICT_INDICATORS_NSO,Indicateurs,27654499,Total
RDS_DICT_INDICATORS_NSO,Indicateurs,27662689,Industries extractives
RDS_DICT_INDICATORS_NSO,Indicateurs,27662699,Industrie manufacturière
RDS_DICT_INDICATORS_NSO,Indicateurs,27662709,"Production et distribution d'électricité, de gaz et d'eau"
RDS_DICT_INDICATORS_NSO,Indicateurs,27662719,Construction
RDS_DICT_INDICATORS_NSO,Indicateurs,27662729,"Commerce, réparations automobile et d'articles domestiques"
RDS_DICT_INDICATORS_NSO,Indicateurs,27662739,Hôtels et restaurants
RDS_DICT_INDICATORS_NSO,Indicateurs,27662749,Transports
RDS_DICT_INDICATORS_NSO,Indicateurs,27662759,Télécommunications
RDS_DICT_INDICATORS_NSO,Indicateurs,27662769,Activités financières
RDS_DICT_INDICATORS_NSO,Indicateurs,27662779,"Immobilier, locations et services aux entreprises"
RDS_DICT_INDICATORS_NSO,Indicateurs,27662789,Administration publique
RDS_DICT_INDICATORS_NSO,Indicateurs,27662799,Education
RDS_DICT_INDICATORS_NSO,Indicateurs,27662809,Sante et action sociale
RDS_DICT_INDICATORS_NSO,Indicateurs,27662819,"Services collectifs, sociaux et personnels"
RDS_DICT_INDICATORS_NSO,Indicateurs,27540559,Entreprises ayant des messageries instantanées ou forums électroniques
RDS_DICT_INDICATORS_NSO,Indicateurs,27540569,Par secteur d'activité
RDS_DICT_INDICATORS_NSO,Indicateurs,27540579,Public
RDS_DICT_INDICATORS_NSO,Indicateurs,27540589,Industries extractives
RDS_DICT_INDICATORS_NSO,Indicateurs,27540599,Industrie manufacturière
RDS_DICT_INDICATORS_NSO,Indicateurs,27540609,"Production et distribution d'électricité, de gaz et d'eau"
RDS_DICT_INDICATORS_NSO,Indicateurs,27540619,Construction
RDS_DICT_INDICATORS_NSO,Indicateurs,27540629,"Commerce, réparations automobile et d'articles domestiques"
RDS_DICT_INDICATORS_NSO,Indicateurs,27540649,Transports
RDS_DICT_INDICATORS_NSO,Indicateurs,27540659,Télécommunications
RDS_DICT_INDICATORS_NSO,Indicateurs,27540679,"Immobilier, locations et services aux entreprises"
RDS_DICT_INDICATORS_NSO,Indicateurs,27540689,Administration publique
RDS_DICT_INDICATORS_NSO,Indicateurs,27540699,Education
RDS_DICT_INDICATORS_NSO,Indicateurs,27540709,Sante et action sociale
RDS_DICT_INDICATORS_NSO,Indicateurs,27654139,"Services collectifs, sociaux et personnels"
RDS_DICT_INDICATORS_NSO,Indicateurs,27540719,Privé
RDS_DICT_INDICATORS_NSO,Indicateurs,27540729,Industries extractives
RDS_DICT_INDICATORS_NSO,Indicateurs,27540739,Industrie manufacturière
RDS_DICT_INDICATORS_NSO,Indicateurs,27540759,Construction
RDS_DICT_INDICATORS_NSO,Indicateurs,27540769,"Commerce, réparations automobile et d'articles domestiques"
RDS_DICT_INDICATORS_NSO,Indicateurs,27540779,Hôtels et restaurants
RDS_DICT_INDICATORS_NSO,Indicateurs,27540789,Transports
RDS_DICT_INDICATORS_NSO,Indicateurs,27540799,Télécommunications
RDS_DICT_INDICATORS_NSO,Indicateurs,27540819,"Immobilier, locations et services aux entreprises"
RDS_DICT_INDICATORS_NSO,Indicateurs,27540839,Education
RDS_DICT_INDICATORS_NSO,Indicateurs,27540849,Sante et action sociale
RDS_DICT_INDICATORS_NSO,Indicateurs,27654149,"Services collectifs, sociaux et personnels"
RDS_DICT_INDICATORS_NSO,Indicateurs,27654509,Total
RDS_DICT_INDICATORS_NSO,Indicateurs,27662829,Industries extractives
RDS_DICT_INDICATORS_NSO,Indicateurs,27662839,Industrie manufacturière
RDS_DICT_INDICATORS_NSO,Indicateurs,27662849,"Production et distribution d'électricité, de gaz et d'eau"
RDS_DICT_INDICATORS_NSO,Indicateurs,27662859,Construction
RDS_DICT_INDICATORS_NSO,Indicateurs,27662869,"Commerce, réparations automobile et d'articles domestiques"
RDS_DICT_INDICATORS_NSO,Indicateurs,27662879,Hôtels et restaurants
RDS_DICT_INDICATORS_NSO,Indicateurs,27662889,Transports
RDS_DICT_INDICATORS_NSO,Indicateurs,27662899,Télécommunications
RDS_DICT_INDICATORS_NSO,Indicateurs,27662919,"Immobilier, locations et services aux entreprises"
RDS_DICT_INDICATORS_NSO,Indicateurs,27662929,Administration publique
RDS_DICT_INDICATORS_NSO,Indicateurs,27662939,Education
RDS_DICT_INDICATORS_NSO,Indicateurs,27662949,Sante et action sociale
RDS_DICT_INDICATORS_NSO,Indicateurs,27662959,"Services collectifs, sociaux et personnels"
RDS_DICT_INDICATORS_NSO,Indicateurs,27540859,Entreprises fournissant une formation en ligne pour son personnel (e-learning)
RDS_DICT_INDICATORS_NSO,Indicateurs,27540869,Par secteur d'activité
RDS_DICT_INDICATORS_NSO,Indicateurs,27540879,Public
RDS_DICT_INDICATORS_NSO,Indicateurs,27540889,Industries extractives
RDS_DICT_INDICATORS_NSO,Indicateurs,27540899,Industrie manufacturière
RDS_DICT_INDICATORS_NSO,Indicateurs,27540909,"Production et distribution d'électricité, de gaz et d'eau"
RDS_DICT_INDICATORS_NSO,Indicateurs,27540919,Construction
RDS_DICT_INDICATORS_NSO,Indicateurs,27540929,"Commerce, réparations automobile et d'articles domestiques"
RDS_DICT_INDICATORS_NSO,Indicateurs,27540949,Transports
RDS_DICT_INDICATORS_NSO,Indicateurs,27540959,Télécommunications
RDS_DICT_INDICATORS_NSO,Indicateurs,27540969,Activités financières
RDS_DICT_INDICATORS_NSO,Indicateurs,27540979,"Immobilier, locations et services aux entreprises"
RDS_DICT_INDICATORS_NSO,Indicateurs,27540989,Administration publique
RDS_DICT_INDICATORS_NSO,Indicateurs,27540999,Education
RDS_DICT_INDICATORS_NSO,Indicateurs,27541009,Sante et action sociale
RDS_DICT_INDICATORS_NSO,Indicateurs,27654159,"Services collectifs, sociaux et personnels"
RDS_DICT_INDICATORS_NSO,Indicateurs,27541019,Privé
RDS_DICT_INDICATORS_NSO,Indicateurs,27541029,Industries extractives
RDS_DICT_INDICATORS_NSO,Indicateurs,27541039,Industrie manufacturière
RDS_DICT_INDICATORS_NSO,Indicateurs,27541059,Construction
RDS_DICT_INDICATORS_NSO,Indicateurs,27541069,"Commerce, réparations automobile et d'articles domestiques"
RDS_DICT_INDICATORS_NSO,Indicateurs,27541079,Hôtels et restaurants
RDS_DICT_INDICATORS_NSO,Indicateurs,27541089,Transports
RDS_DICT_INDICATORS_NSO,Indicateurs,27541099,Télécommunications
RDS_DICT_INDICATORS_NSO,Indicateurs,27541109,Activités financières
RDS_DICT_INDICATORS_NSO,Indicateurs,27541119,"Immobilier, locations et services aux entreprises"
RDS_DICT_INDICATORS_NSO,Indicateurs,27541139,Education
RDS_DICT_INDICATORS_NSO,Indicateurs,27541149,Sante et action sociale
RDS_DICT_INDICATORS_NSO,Indicateurs,27654169,"Services collectifs, sociaux et personnels"
RDS_DICT_INDICATORS_NSO,Indicateurs,27654519,Total
RDS_DICT_INDICATORS_NSO,Indicateurs,27662969,Industries extractives
RDS_DICT_INDICATORS_NSO,Indicateurs,27662979,Industrie manufacturière
RDS_DICT_INDICATORS_NSO,Indicateurs,27662989,"Production et distribution d'électricité, de gaz et d'eau"
RDS_DICT_INDICATORS_NSO,Indicateurs,27662999,Construction
RDS_DICT_INDICATORS_NSO,Indicateurs,27663009,"Commerce, réparations automobile et d'articles domestiques"
RDS_DICT_INDICATORS_NSO,Indicateurs,27663019,Hôtels et restaurants
RDS_DICT_INDICATORS_NSO,Indicateurs,27663029,Transports
RDS_DICT_INDICATORS_NSO,Indicateurs,27663039,Télécommunications
RDS_DICT_INDICATORS_NSO,Indicateurs,27663049,Activités financières
RDS_DICT_INDICATORS_NSO,Indicateurs,27663059,"Immobilier, locations et services aux entreprises"
RDS_DICT_INDICATORS_NSO,Indicateurs,27663069,Administration publique
RDS_DICT_INDICATORS_NSO,Indicateurs,27663079,Education
RDS_DICT_INDICATORS_NSO,Indicateurs,27663089,Sante et action sociale
RDS_DICT_INDICATORS_NSO,Indicateurs,27663099,"Services collectifs, sociaux et personnels"
RDS_DICT_INDICATORS_NSO,Indicateurs,27541159,Entreprises disposant d'intranet
RDS_DICT_INDICATORS_NSO,Indicateurs,27541169,Par secteur d'activité
RDS_DICT_INDICATORS_NSO,Indicateurs,27541179,Public
RDS_DICT_INDICATORS_NSO,Indicateurs,27541189,Industries extractives
RDS_DICT_INDICATORS_NSO,Indicateurs,27541199,Industrie manufacturière
RDS_DICT_INDICATORS_NSO,Indicateurs,27541209,"Production et distribution d'électricité, de gaz et d'eau"
RDS_DICT_INDICATORS_NSO,Indicateurs,27541219,Construction
RDS_DICT_INDICATORS_NSO,Indicateurs,27541229,"Commerce, réparations automobile et d'articles domestiques"
RDS_DICT_INDICATORS_NSO,Indicateurs,27541249,Transports
RDS_DICT_INDICATORS_NSO,Indicateurs,27541259,Télécommunications
RDS_DICT_INDICATORS_NSO,Indicateurs,27541269,Activités financières
RDS_DICT_INDICATORS_NSO,Indicateurs,27541279,"Immobilier, locations et services aux entreprises"
RDS_DICT_INDICATORS_NSO,Indicateurs,27541289,Administration publique
RDS_DICT_INDICATORS_NSO,Indicateurs,27541299,Education
RDS_DICT_INDICATORS_NSO,Indicateurs,27541309,Sante et action sociale
RDS_DICT_INDICATORS_NSO,Indicateurs,27654179,"Services collectifs, sociaux et personnels"
RDS_DICT_INDICATORS_NSO,Indicateurs,27541319,Privé
RDS_DICT_INDICATORS_NSO,Indicateurs,27541329,Industries extractives
RDS_DICT_INDICATORS_NSO,Indicateurs,27541339,Industrie manufacturière
RDS_DICT_INDICATORS_NSO,Indicateurs,27541349,"Production et distribution d'électricité, de gaz et d'eau"
RDS_DICT_INDICATORS_NSO,Indicateurs,27541359,Construction
RDS_DICT_INDICATORS_NSO,Indicateurs,27541369,"Commerce, réparations automobile et d'articles domestiques"
RDS_DICT_INDICATORS_NSO,Indicateurs,27541379,Hôtels et restaurants
RDS_DICT_INDICATORS_NSO,Indicateurs,27541389,Transports
RDS_DICT_INDICATORS_NSO,Indicateurs,27541399,Télécommunications
RDS_DICT_INDICATORS_NSO,Indicateurs,27541409,Activités financières
RDS_DICT_INDICATORS_NSO,Indicateurs,27541419,"Immobilier, locations et services aux entreprises"
RDS_DICT_INDICATORS_NSO,Indicateurs,27541439,Education
RDS_DICT_INDICATORS_NSO,Indicateurs,27541449,Sante et action sociale
RDS_DICT_INDICATORS_NSO,Indicateurs,27654189,"Services collectifs, sociaux et personnels"
RDS_DICT_INDICATORS_NSO,Indicateurs,27654529,Total
RDS_DICT_INDICATORS_NSO,Indicateurs,27663109,Industries extractives
RDS_DICT_INDICATORS_NSO,Indicateurs,27663119,Industrie manufacturière
RDS_DICT_INDICATORS_NSO,Indicateurs,27663129,"Production et distribution d'électricité, de gaz et d'eau"
RDS_DICT_INDICATORS_NSO,Indicateurs,27663139,Construction
RDS_DICT_INDICATORS_NSO,Indicateurs,27663149,"Commerce, réparations automobile et d'articles domestiques"
RDS_DICT_INDICATORS_NSO,Indicateurs,27663159,Hôtels et restaurants
RDS_DICT_INDICATORS_NSO,Indicateurs,27663169,Transports
RDS_DICT_INDICATORS_NSO,Indicateurs,27663179,Télécommunications
RDS_DICT_INDICATORS_NSO,Indicateurs,27663189,Activités financières
RDS_DICT_INDICATORS_NSO,Indicateurs,27663199,"Immobilier, locations et services aux entreprises"
RDS_DICT_INDICATORS_NSO,Indicateurs,27663209,Administration publique
RDS_DICT_INDICATORS_NSO,Indicateurs,27663219,Education
RDS_DICT_INDICATORS_NSO,Indicateurs,27663229,Sante et action sociale
RDS_DICT_INDICATORS_NSO,Indicateurs,27663239,"Services collectifs, sociaux et personnels"
RDS_DICT_INDICATORS_NSO,Indicateurs,27541459,Entreprises utilisant un réseau local
RDS_DICT_INDICATORS_NSO,Indicateurs,27541469,Par secteur d'activité
RDS_DICT_INDICATORS_NSO,Indicateurs,27541479,Public
RDS_DICT_INDICATORS_NSO,Indicateurs,27541489,Industries extractives
RDS_DICT_INDICATORS_NSO,Indicateurs,27541499,Industrie manufacturière
RDS_DICT_INDICATORS_NSO,Indicateurs,27541509,"Production et distribution d'électricité, de gaz et d'eau"
RDS_DICT_INDICATORS_NSO,Indicateurs,27541519,Construction
RDS_DICT_INDICATORS_NSO,Indicateurs,27541529,"Commerce, réparations automobile et d'articles domestiques"
RDS_DICT_INDICATORS_NSO,Indicateurs,27541549,Transports
RDS_DICT_INDICATORS_NSO,Indicateurs,27541559,Télécommunications
RDS_DICT_INDICATORS_NSO,Indicateurs,27541569,Activités financières
RDS_DICT_INDICATORS_NSO,Indicateurs,27541579,"Immobilier, locations et services aux entreprises"
RDS_DICT_INDICATORS_NSO,Indicateurs,27541589,Administration publique
RDS_DICT_INDICATORS_NSO,Indicateurs,27541599,Education
RDS_DICT_INDICATORS_NSO,Indicateurs,27541609,Sante et action sociale
RDS_DICT_INDICATORS_NSO,Indicateurs,27654199,"Services collectifs, sociaux et personnels"
RDS_DICT_INDICATORS_NSO,Indicateurs,27541619,Privé
RDS_DICT_INDICATORS_NSO,Indicateurs,27541629,Industries extractives
RDS_DICT_INDICATORS_NSO,Indicateurs,27541639,Industrie manufacturière
RDS_DICT_INDICATORS_NSO,Indicateurs,27541659,Construction
RDS_DICT_INDICATORS_NSO,Indicateurs,27541669,"Commerce, réparations automobile et d'articles domestiques"
RDS_DICT_INDICATORS_NSO,Indicateurs,27541679,Hôtels et restaurants
RDS_DICT_INDICATORS_NSO,Indicateurs,27541689,Transports
RDS_DICT_INDICATORS_NSO,Indicateurs,27541699,Télécommunications
RDS_DICT_INDICATORS_NSO,Indicateurs,27541709,Activités financières
RDS_DICT_INDICATORS_NSO,Indicateurs,27541719,"Immobilier, locations et services aux entreprises"
RDS_DICT_INDICATORS_NSO,Indicateurs,27541739,Education
RDS_DICT_INDICATORS_NSO,Indicateurs,27653589,Sante et action sociale
RDS_DICT_INDICATORS_NSO,Indicateurs,27654209,"Services collectifs, sociaux et personnels"
RDS_DICT_INDICATORS_NSO,Indicateurs,27654539,Total
RDS_DICT_INDICATORS_NSO,Indicateurs,27663249,Industries extractives
RDS_DICT_INDICATORS_NSO,Indicateurs,27663259,Industrie manufacturière
RDS_DICT_INDICATORS_NSO,Indicateurs,27663269,"Production et distribution d'électricité, de gaz et d'eau"
RDS_DICT_INDICATORS_NSO,Indicateurs,27663279,Construction
RDS_DICT_INDICATORS_NSO,Indicateurs,27663289,"Commerce, réparations automobile et d'articles domestiques"
RDS_DICT_INDICATORS_NSO,Indicateurs,27663299,Hôtels et restaurants
RDS_DICT_INDICATORS_NSO,Indicateurs,27663309,Transports
RDS_DICT_INDICATORS_NSO,Indicateurs,27663319,Télécommunications
RDS_DICT_INDICATORS_NSO,Indicateurs,27663329,Activités financières
RDS_DICT_INDICATORS_NSO,Indicateurs,27663339,"Immobilier, locations et services aux entreprises"
RDS_DICT_INDICATORS_NSO,Indicateurs,27663349,Administration publique
RDS_DICT_INDICATORS_NSO,Indicateurs,27663359,Education
RDS_DICT_INDICATORS_NSO,Indicateurs,27663369,Sante et action sociale
RDS_DICT_INDICATORS_NSO,Indicateurs,27663379,"Services collectifs, sociaux et personnels"
RDS_DICT_INDICATORS_NSO,Indicateurs,27543979,Entreprises utilisant un extranet
RDS_DICT_INDICATORS_NSO,Indicateurs,27534259,Par secteur d'activité
RDS_DICT_INDICATORS_NSO,Indicateurs,27534269,Public
RDS_DICT_INDICATORS_NSO,Indicateurs,27534279,Industries extractives
RDS_DICT_INDICATORS_NSO,Indicateurs,27534289,Industrie manufacturière
RDS_DICT_INDICATORS_NSO,Indicateurs,27534299,"Production et distribution d'électricité, de gaz et d'eau"
RDS_DICT_INDICATORS_NSO,Indicateurs,27534309,Construction
RDS_DICT_INDICATORS_NSO,Indicateurs,27534319,"Commerce, réparations automobile et d'articles domestiques"
RDS_DICT_INDICATORS_NSO,Indicateurs,27534339,Transports
RDS_DICT_INDICATORS_NSO,Indicateurs,27534349,Télécommunications
RDS_DICT_INDICATORS_NSO,Indicateurs,27534359,Activités financières
RDS_DICT_INDICATORS_NSO,Indicateurs,27534369,"Immobilier, locations et services aux entreprises"
RDS_DICT_INDICATORS_NSO,Indicateurs,27534379,Administration publique
RDS_DICT_INDICATORS_NSO,Indicateurs,27534389,Education
RDS_DICT_INDICATORS_NSO,Indicateurs,27534399,Sante et action sociale
RDS_DICT_INDICATORS_NSO,Indicateurs,27654219,"Services collectifs, sociaux et personnels"
RDS_DICT_INDICATORS_NSO,Indicateurs,27534409,Privé
RDS_DICT_INDICATORS_NSO,Indicateurs,27534419,Industries extractives
RDS_DICT_INDICATORS_NSO,Indicateurs,27534429,Industrie manufacturière
RDS_DICT_INDICATORS_NSO,Indicateurs,27534449,Construction
RDS_DICT_INDICATORS_NSO,Indicateurs,27534459,"Commerce, réparations automobile et d'articles domestiques"
RDS_DICT_INDICATORS_NSO,Indicateurs,27534469,Hôtels et restaurants
RDS_DICT_INDICATORS_NSO,Indicateurs,27534479,Transports
RDS_DICT_INDICATORS_NSO,Indicateurs,27534489,Télécommunications
RDS_DICT_INDICATORS_NSO,Indicateurs,27534499,Activités financières
RDS_DICT_INDICATORS_NSO,Indicateurs,27534509,"Immobilier, locations et services aux entreprises"
RDS_DICT_INDICATORS_NSO,Indicateurs,27534529,Education
RDS_DICT_INDICATORS_NSO,Indicateurs,27534539,Sante et action sociale
RDS_DICT_INDICATORS_NSO,Indicateurs,27654229,"Services collectifs, sociaux et personnels"
RDS_DICT_INDICATORS_NSO,Indicateurs,27654549,Total
RDS_DICT_INDICATORS_NSO,Indicateurs,27663389,Industries extractives
RDS_DICT_INDICATORS_NSO,Indicateurs,27663399,Industrie manufacturière
RDS_DICT_INDICATORS_NSO,Indicateurs,27663409,"Production et distribution d'électricité, de gaz et d'eau"
RDS_DICT_INDICATORS_NSO,Indicateurs,27663419,Construction
RDS_DICT_INDICATORS_NSO,Indicateurs,27663429,"Commerce, réparations automobile et d'articles domestiques"
RDS_DICT_INDICATORS_NSO,Indicateurs,27663439,Hôtels et restaurants
RDS_DICT_INDICATORS_NSO,Indicateurs,27663449,Transports
RDS_DICT_INDICATORS_NSO,Indicateurs,27663459,Télécommunications
RDS_DICT_INDICATORS_NSO,Indicateurs,27663469,Activités financières
RDS_DICT_INDICATORS_NSO,Indicateurs,27663479,"Immobilier, locations et services aux entreprises"
RDS_DICT_INDICATORS_NSO,Indicateurs,27663489,Administration publique
RDS_DICT_INDICATORS_NSO,Indicateurs,27663499,Education
RDS_DICT_INDICATORS_NSO,Indicateurs,27663509,Sante et action sociale
RDS_DICT_INDICATORS_NSO,Indicateurs,27663519,"Services collectifs, sociaux et personnels"
RDS_DICT_INDICATORS_NSO,Indicateurs,27542059,Domaines de la poste
RDS_DICT_INDICATORS_NSO,Indicateurs,27542069,Le réseau commercial
RDS_DICT_INDICATORS_NSO,Indicateurs,27542079,Bureaux urbains
RDS_DICT_INDICATORS_NSO,Indicateurs,27542089,Bureaux ruraux
RDS_DICT_INDICATORS_NSO,Indicateurs,27542099,Bureaux ambulants
RDS_DICT_INDICATORS_NSO,Indicateurs,27542109,Total des bureaux de poste
RDS_DICT_INDICATORS_NSO,Indicateurs,27542119,Centres de distribution
RDS_DICT_INDICATORS_NSO,Indicateurs,27542129,Agences Rapid-Poste
RDS_DICT_INDICATORS_NSO,Indicateurs,27542139,Agences Poste-Colis
RDS_DICT_INDICATORS_NSO,Indicateurs,27542149,Les centres publics de la poste (Publipostes)
RDS_DICT_INDICATORS_NSO,Indicateurs,27542159,Réseau postal totale
RDS_DICT_INDICATORS_NSO,Indicateurs,27542169,Colis postaux
RDS_DICT_INDICATORS_NSO,Indicateurs,27542179,Régime interne
RDS_DICT_INDICATORS_NSO,Indicateurs,27542189,Régime International
RDS_DICT_INDICATORS_NSO,Indicateurs,27542199,Départ
RDS_DICT_INDICATORS_NSO,Indicateurs,27542209,Arrivée
RDS_DICT_INDICATORS_NSO,Indicateurs,27542219,"Dont les colis postaux envoyés par ""avion"""
RDS_DICT_INDICATORS_NSO,Indicateurs,27542229,Départ
RDS_DICT_INDICATORS_NSO,Indicateurs,27542239,Arrivée
RDS_DICT_INDICATORS_NSO,Indicateurs,27542249,Mandats (Régime général)
RDS_DICT_INDICATORS_NSO,Indicateurs,27542259,Nombre  de Mandats(millier)
RDS_DICT_INDICATORS_NSO,Indicateurs,27542269,Mandats émis
RDS_DICT_INDICATORS_NSO,Indicateurs,27542279,Mandats payés
RDS_DICT_INDICATORS_NSO,Indicateurs,27542289,Montant des Mandats (millions de dinars)
RDS_DICT_INDICATORS_NSO,Indicateurs,27542299,Mandats émis
RDS_DICT_INDICATORS_NSO,Indicateurs,27542309,Mandats payés
RDS_DICT_INDICATORS_NSO,Indicateurs,27542319,Balance du trafic des mandats (Régime international)
RDS_DICT_INDICATORS_NSO,Indicateurs,27542329,Mandats payés en Tunisie
RDS_DICT_INDICATORS_NSO,Indicateurs,27542339,Mandats émis en Tunisie
RDS_DICT_INDICATORS_NSO,Indicateurs,27542349,Solde
RDS_DICT_INDICATORS_NSO,Indicateurs,27542359,Epargne postale
RDS_DICT_INDICATORS_NSO,Indicateurs,27542369,Nombre d’opérations (en millier)
RDS_DICT_INDICATORS_NSO,Indicateurs,27542379,Premiers versements
RDS_DICT_INDICATORS_NSO,Indicateurs,27542389,Versements ultérieurs
RDS_DICT_INDICATORS_NSO,Indicateurs,27542399,Remboursements partiels
RDS_DICT_INDICATORS_NSO,Indicateurs,27542409,Remboursements intégraux
RDS_DICT_INDICATORS_NSO,Indicateurs,27542419,Montant des opérations (en 1000 D)
RDS_DICT_INDICATORS_NSO,Indicateurs,27542429,Versements
RDS_DICT_INDICATORS_NSO,Indicateurs,27542439,Remboursements
RDS_DICT_INDICATORS_NSO,Indicateurs,27542449,Divers
RDS_DICT_INDICATORS_NSO,Indicateurs,27542459,Nombre de livrets au 31 décembre (en millier)
RDS_DICT_INDICATORS_NSO,Indicateurs,27542469,Avoir des déposants au 31 décembre (en 1000 D)
RDS_DICT_INDICATORS_NSO,Indicateurs,27542479,Avoir moyen par livret en dinars
RDS_DICT_INDICATORS_NSO,Indicateurs,27542489,Taux d'intérêt alloué  (en %)
RDS_DICT_INDICATORS_NSO,Indicateurs,27542499,Comptes d'epargne en dinars convertibles
RDS_DICT_INDICATORS_NSO,Indicateurs,27542509,Nombre d’opérations
RDS_DICT_INDICATORS_NSO,Indicateurs,27542519,Nombre de livrets
RDS_DICT_INDICATORS_NSO,Indicateurs,27542529,Augmentation du nombre de livrets
RDS_DICT_INDICATORS_NSO,Indicateurs,27542539,Premiers versements
RDS_DICT_INDICATORS_NSO,Indicateurs,27542549,Versements ultérieurs
RDS_DICT_INDICATORS_NSO,Indicateurs,27542559,Remboursements
RDS_DICT_INDICATORS_NSO,Indicateurs,27542569,En Tunisie
RDS_DICT_INDICATORS_NSO,Indicateurs,27542579,A l'étranger
RDS_DICT_INDICATORS_NSO,Indicateurs,27542589,Montant des opérations
RDS_DICT_INDICATORS_NSO,Indicateurs,27542599,Avoir des déposants en fin d'année
RDS_DICT_INDICATORS_NSO,Indicateurs,27542609,1er Versement
RDS_DICT_INDICATORS_NSO,Indicateurs,27542619,En Tunisie
RDS_DICT_INDICATORS_NSO,Indicateurs,27542629,A l'étranger
RDS_DICT_INDICATORS_NSO,Indicateurs,27542639,Versements ultérieurs
RDS_DICT_INDICATORS_NSO,Indicateurs,27542649,Remboursements
RDS_DICT_INDICATORS_NSO,Indicateurs,27542659,En Tunisie
RDS_DICT_INDICATORS_NSO,Indicateurs,27542669,A l'étranger
RDS_DICT_INDICATORS_NSO,Indicateurs,27542679,Montant des mandats emis a l'étranger et payés en tunisie par gouvernorat
RDS_DICT_INDICATORS_NSO,Indicateurs,27542689,Centre des Chèques Postaux
RDS_DICT_INDICATORS_NSO,Indicateurs,27653569,Par gouvernorat
RDS_DICT_INDICATORS_NSO,Indicateurs,27542939,Montant des mandats emis a l'étranger et payés en tunisie par mois
RDS_DICT_INDICATORS_NSO,Indicateurs,27542949,Janvier
RDS_DICT_INDICATORS_NSO,Indicateurs,27542959,Février
RDS_DICT_INDICATORS_NSO,Indicateurs,27542969,Mars
RDS_DICT_INDICATORS_NSO,Indicateurs,27542979,Avril
RDS_DICT_INDICATORS_NSO,Indicateurs,27542989,Mai
RDS_DICT_INDICATORS_NSO,Indicateurs,27542999,Juin
RDS_DICT_INDICATORS_NSO,Indicateurs,27543009,Juillet
RDS_DICT_INDICATORS_NSO,Indicateurs,27543019,Août
RDS_DICT_INDICATORS_NSO,Indicateurs,27543029,Septembre
RDS_DICT_INDICATORS_NSO,Indicateurs,27543039,Octobre
RDS_DICT_INDICATORS_NSO,Indicateurs,27543049,Novembre
RDS_DICT_INDICATORS_NSO,Indicateurs,27543059,Décembre
RDS_DICT_INDICATORS_NSO,Indicateurs,27543069,Montant des mandats emis a l'étranger et payés en tunisie par pays de provenance
RDS_DICT_INDICATORS_NSO,Indicateurs,27543079,Italie
RDS_DICT_INDICATORS_NSO,Indicateurs,27543089,France
RDS_DICT_INDICATORS_NSO,Indicateurs,27543099,Allemagne
RDS_DICT_INDICATORS_NSO,Indicateurs,27543109,Lybie
RDS_DICT_INDICATORS_NSO,Indicateurs,27543119,Pays du moyen-orient
RDS_DICT_INDICATORS_NSO,Indicateurs,27543129,Autres pays
RDS_DICT_INDICATORS_NSO,Indicateurs,27543139,Mouvement de fonds des CCP
RDS_DICT_INDICATORS_NSO,Indicateurs,27543149,Nombre d’opérations
RDS_DICT_INDICATORS_NSO,Indicateurs,27543159,Versements crédités
RDS_DICT_INDICATORS_NSO,Indicateurs,27543169,Retraits ou  paiements émis
RDS_DICT_INDICATORS_NSO,Indicateurs,27543179,Virement crédit
RDS_DICT_INDICATORS_NSO,Indicateurs,27543189,Virement débit
RDS_DICT_INDICATORS_NSO,Indicateurs,27543199,Montant des opérations
RDS_DICT_INDICATORS_NSO,Indicateurs,27543209,Versements crédités
RDS_DICT_INDICATORS_NSO,Indicateurs,27543219,Retraits  ou  paiements émis
RDS_DICT_INDICATORS_NSO,Indicateurs,27543229,Virement crédit
RDS_DICT_INDICATORS_NSO,Indicateurs,27543239,Virement débit
RDS_DICT_INDICATORS_NSO,Indicateurs,27543249,Divers
RDS_DICT_INDICATORS_NSO,Indicateurs,27543259,Nombre de comptes au 31 décembre
RDS_DICT_INDICATORS_NSO,Indicateurs,27543269,Avoir des déposants au 31 décembre
RDS_DICT_INDICATORS_NSO,Indicateurs,22911016,Toursime
RDS_DICT_INDICATORS_NSO,Indicateurs,27239916,Principaux indicateurs touristiques
RDS_DICT_INDICATORS_NSO,Indicateurs,27240016,Investissements touristiques
RDS_DICT_INDICATORS_NSO,Indicateurs,27240116,Nombre d’établissements
RDS_DICT_INDICATORS_NSO,Indicateurs,27240216,Capacité en lits
RDS_DICT_INDICATORS_NSO,Indicateurs,27240316,Emplois directs
RDS_DICT_INDICATORS_NSO,Indicateurs,27240416,Entrées des non résidents
RDS_DICT_INDICATORS_NSO,Indicateurs,27240516,Nuitées des non résidents
RDS_DICT_INDICATORS_NSO,Indicateurs,27240616,Durée moyenne de séjour
RDS_DICT_INDICATORS_NSO,Indicateurs,27240716,Taux d’occupation relatif
RDS_DICT_INDICATORS_NSO,Indicateurs,27240816,Recettes en devises
RDS_DICT_INDICATORS_NSO,Indicateurs,27240916,Recettes par nuitée
RDS_DICT_INDICATORS_NSO,Indicateurs,27241016,Recettes au lit
RDS_DICT_INDICATORS_NSO,Indicateurs,27241116,Entrées des voyageurs non résidents par nationalité et par mois (ensemble de voie)
RDS_DICT_INDICATORS_NSO,Indicateurs,27241216,Entrée des non résidents par nationalité
RDS_DICT_INDICATORS_NSO,Indicateurs,27243816,Européens
RDS_DICT_INDICATORS_NSO,Indicateurs,27241316,Français
RDS_DICT_INDICATORS_NSO,Indicateurs,27241416,Allemands
RDS_DICT_INDICATORS_NSO,Indicateurs,27241516,Britanniques
RDS_DICT_INDICATORS_NSO,Indicateurs,27241616,Italiens
RDS_DICT_INDICATORS_NSO,Indicateurs,27241716,Scandinaves
RDS_DICT_INDICATORS_NSO,Indicateurs,27241816,Suisses
RDS_DICT_INDICATORS_NSO,Indicateurs,27241916,Belges
RDS_DICT_INDICATORS_NSO,Indicateurs,27242016,Hollandais
RDS_DICT_INDICATORS_NSO,Indicateurs,27242116,Autrichiens
RDS_DICT_INDICATORS_NSO,Indicateurs,27242216,Espagnols
RDS_DICT_INDICATORS_NSO,Indicateurs,27242316,Serbes
RDS_DICT_INDICATORS_NSO,Indicateurs,27242416,Luxembourgeois
RDS_DICT_INDICATORS_NSO,Indicateurs,27242516,Grecs
RDS_DICT_INDICATORS_NSO,Indicateurs,27242616,Russes
RDS_DICT_INDICATORS_NSO,Indicateurs,27242716,Portugais
RDS_DICT_INDICATORS_NSO,Indicateurs,27242816,Turcs
RDS_DICT_INDICATORS_NSO,Indicateurs,27242916,Tchèques
RDS_DICT_INDICATORS_NSO,Indicateurs,27243016,Slovaques
RDS_DICT_INDICATORS_NSO,Indicateurs,27243116,Irlandais
RDS_DICT_INDICATORS_NSO,Indicateurs,27243216,Bulgarés
RDS_DICT_INDICATORS_NSO,Indicateurs,27243316,Hongrois
RDS_DICT_INDICATORS_NSO,Indicateurs,27243416,Polonais
RDS_DICT_INDICATORS_NSO,Indicateurs,27243516,Maltais
RDS_DICT_INDICATORS_NSO,Indicateurs,27243616,Roumains
RDS_DICT_INDICATORS_NSO,Indicateurs,27243916,Divers européens
RDS_DICT_INDICATORS_NSO,Indicateurs,27244016,%
RDS_DICT_INDICATORS_NSO,Indicateurs,27244116,Maghrébins
RDS_DICT_INDICATORS_NSO,Indicateurs,27244216,Algériens
RDS_DICT_INDICATORS_NSO,Indicateurs,27244316,Libyens
RDS_DICT_INDICATORS_NSO,Indicateurs,27244416,Marocains
RDS_DICT_INDICATORS_NSO,Indicateurs,27244516,Mauritaniens
RDS_DICT_INDICATORS_NSO,Indicateurs,27244616,%
RDS_DICT_INDICATORS_NSO,Indicateurs,27244716,Nord-américains
RDS_DICT_INDICATORS_NSO,Indicateurs,27244816,Américains
RDS_DICT_INDICATORS_NSO,Indicateurs,27244916,Canadiens
RDS_DICT_INDICATORS_NSO,Indicateurs,27245016,%
RDS_DICT_INDICATORS_NSO,Indicateurs,27245716,Autres
RDS_DICT_INDICATORS_NSO,Indicateurs,27245116,Moyen - orientaux
RDS_DICT_INDICATORS_NSO,Indicateurs,27245216,Africains
RDS_DICT_INDICATORS_NSO,Indicateurs,27245316,Japonais
RDS_DICT_INDICATORS_NSO,Indicateurs,27245416,Australiens
RDS_DICT_INDICATORS_NSO,Indicateurs,27245516,ِChinois
RDS_DICT_INDICATORS_NSO,Indicateurs,27245616,Brésiliens
RDS_DICT_INDICATORS_NSO,Indicateurs,27245816,Divers
RDS_DICT_INDICATORS_NSO,Indicateurs,27552499,%
RDS_DICT_INDICATORS_NSO,Indicateurs,27245916,Entrée des non résidents par mois
RDS_DICT_INDICATORS_NSO,Indicateurs,27247216,Entrées des voyageurs non résidents par nationalité par mois (voie aerienne)
RDS_DICT_INDICATORS_NSO,Indicateurs,27247316,Entrée des non résidents par nationalité
RDS_DICT_INDICATORS_NSO,Indicateurs,27247616,Européens
RDS_DICT_INDICATORS_NSO,Indicateurs,27247416,Français
RDS_DICT_INDICATORS_NSO,Indicateurs,27247516,Allemands
RDS_DICT_INDICATORS_NSO,Indicateurs,27247716,Britanniques
RDS_DICT_INDICATORS_NSO,Indicateurs,27247816,Italiens
RDS_DICT_INDICATORS_NSO,Indicateurs,27247916,Scandinaves
RDS_DICT_INDICATORS_NSO,Indicateurs,27248016,Suisses
RDS_DICT_INDICATORS_NSO,Indicateurs,27248116,Belges
RDS_DICT_INDICATORS_NSO,Indicateurs,27248216,Hollandais
RDS_DICT_INDICATORS_NSO,Indicateurs,27248316,Autrichiens
RDS_DICT_INDICATORS_NSO,Indicateurs,27248416,Espagnols
RDS_DICT_INDICATORS_NSO,Indicateurs,27248516,Serbes
RDS_DICT_INDICATORS_NSO,Indicateurs,27248616,Luxembourgeois
RDS_DICT_INDICATORS_NSO,Indicateurs,27248716,Grecs
RDS_DICT_INDICATORS_NSO,Indicateurs,27248816,Russes
RDS_DICT_INDICATORS_NSO,Indicateurs,27248916,Portugais
RDS_DICT_INDICATORS_NSO,Indicateurs,27249016,Turcs
RDS_DICT_INDICATORS_NSO,Indicateurs,27249116,Tchèques
RDS_DICT_INDICATORS_NSO,Indicateurs,27249216,Slovaques
RDS_DICT_INDICATORS_NSO,Indicateurs,27249316,Irlandais
RDS_DICT_INDICATORS_NSO,Indicateurs,27249416,Bulgarés
RDS_DICT_INDICATORS_NSO,Indicateurs,27249516,Hongrois
RDS_DICT_INDICATORS_NSO,Indicateurs,27249616,Polonais
RDS_DICT_INDICATORS_NSO,Indicateurs,27249716,Maltais
RDS_DICT_INDICATORS_NSO,Indicateurs,27249816,Roumains
RDS_DICT_INDICATORS_NSO,Indicateurs,27249916,Divers européens
RDS_DICT_INDICATORS_NSO,Indicateurs,27250016,%
RDS_DICT_INDICATORS_NSO,Indicateurs,27250116,Maghrébins
RDS_DICT_INDICATORS_NSO,Indicateurs,27250216,Algériens
RDS_DICT_INDICATORS_NSO,Indicateurs,27250316,Libyens
RDS_DICT_INDICATORS_NSO,Indicateurs,27250416,Marocains
RDS_DICT_INDICATORS_NSO,Indicateurs,27250516,Mauritaniens
RDS_DICT_INDICATORS_NSO,Indicateurs,27250616,%
RDS_DICT_INDICATORS_NSO,Indicateurs,27250716,Nord-américains
RDS_DICT_INDICATORS_NSO,Indicateurs,27250816,Américains
RDS_DICT_INDICATORS_NSO,Indicateurs,27250916,Canadiens
RDS_DICT_INDICATORS_NSO,Indicateurs,27251016,%
RDS_DICT_INDICATORS_NSO,Indicateurs,27251116,Autres
RDS_DICT_INDICATORS_NSO,Indicateurs,27251216,Moyen - orientaux
RDS_DICT_INDICATORS_NSO,Indicateurs,27251316,Africains
RDS_DICT_INDICATORS_NSO,Indicateurs,27251416,Japonais
RDS_DICT_INDICATORS_NSO,Indicateurs,27251516,Australiens
RDS_DICT_INDICATORS_NSO,Indicateurs,27251616,Chinois
RDS_DICT_INDICATORS_NSO,Indicateurs,27251716,Brésiliens
RDS_DICT_INDICATORS_NSO,Indicateurs,27251816,Divers
RDS_DICT_INDICATORS_NSO,Indicateurs,27251916,%
RDS_DICT_INDICATORS_NSO,Indicateurs,27252016,Entrée des non résidents par mois
RDS_DICT_INDICATORS_NSO,Indicateurs,27253316,Entrées des voyageurs non résidents par nationalité par mois (voie terrestre)
RDS_DICT_INDICATORS_NSO,Indicateurs,27253416,Entrée des non résidents par nationalité
RDS_DICT_INDICATORS_NSO,Indicateurs,27253516,Européens
RDS_DICT_INDICATORS_NSO,Indicateurs,27253616,Français
RDS_DICT_INDICATORS_NSO,Indicateurs,27253716,Allemands
RDS_DICT_INDICATORS_NSO,Indicateurs,27253816,Britanniques
RDS_DICT_INDICATORS_NSO,Indicateurs,27253916,Italiens
RDS_DICT_INDICATORS_NSO,Indicateurs,27254016,Scandinaves
RDS_DICT_INDICATORS_NSO,Indicateurs,27254116,Suisses
RDS_DICT_INDICATORS_NSO,Indicateurs,27254216,Belges
RDS_DICT_INDICATORS_NSO,Indicateurs,27254316,Hollandais
RDS_DICT_INDICATORS_NSO,Indicateurs,27254416,Autrichiens
RDS_DICT_INDICATORS_NSO,Indicateurs,27254516,Espagnols
RDS_DICT_INDICATORS_NSO,Indicateurs,27254616,Serbes
RDS_DICT_INDICATORS_NSO,Indicateurs,27254716,Luxembourgeois
RDS_DICT_INDICATORS_NSO,Indicateurs,27254816,Grecs
RDS_DICT_INDICATORS_NSO,Indicateurs,27254916,Russes
RDS_DICT_INDICATORS_NSO,Indicateurs,27255016,Portugais
RDS_DICT_INDICATORS_NSO,Indicateurs,27255116,Turcs
RDS_DICT_INDICATORS_NSO,Indicateurs,27255216,Tchèques
RDS_DICT_INDICATORS_NSO,Indicateurs,27255316,Slovaques
RDS_DICT_INDICATORS_NSO,Indicateurs,27255416,Irlandais
RDS_DICT_INDICATORS_NSO,Indicateurs,27255516,Bulgarés
RDS_DICT_INDICATORS_NSO,Indicateurs,27255616,Hongrois
RDS_DICT_INDICATORS_NSO,Indicateurs,27255716,Polonais
RDS_DICT_INDICATORS_NSO,Indicateurs,27255816,Maltais
RDS_DICT_INDICATORS_NSO,Indicateurs,27255916,Roumains
RDS_DICT_INDICATORS_NSO,Indicateurs,27256016,Divers européens
RDS_DICT_INDICATORS_NSO,Indicateurs,27256116,%
RDS_DICT_INDICATORS_NSO,Indicateurs,27256216,Maghrébins
RDS_DICT_INDICATORS_NSO,Indicateurs,27256316,Algériens
RDS_DICT_INDICATORS_NSO,Indicateurs,27256416,Libyens
RDS_DICT_INDICATORS_NSO,Indicateurs,27256516,Marocains
RDS_DICT_INDICATORS_NSO,Indicateurs,27256616,Mauritaniens
RDS_DICT_INDICATORS_NSO,Indicateurs,27256716,%
RDS_DICT_INDICATORS_NSO,Indicateurs,27256816,Nord-américains
RDS_DICT_INDICATORS_NSO,Indicateurs,27256916,Américains
RDS_DICT_INDICATORS_NSO,Indicateurs,27257016,Canadiens
RDS_DICT_INDICATORS_NSO,Indicateurs,27257116,%
RDS_DICT_INDICATORS_NSO,Indicateurs,27257216,Autres
RDS_DICT_INDICATORS_NSO,Indicateurs,27257316,Moyen - orientaux
RDS_DICT_INDICATORS_NSO,Indicateurs,27257416,Africains
RDS_DICT_INDICATORS_NSO,Indicateurs,27257516,Japonais
RDS_DICT_INDICATORS_NSO,Indicateurs,27257616,Australiens
RDS_DICT_INDICATORS_NSO,Indicateurs,27257716,Chinois
RDS_DICT_INDICATORS_NSO,Indicateurs,27257816,Brésiliens
RDS_DICT_INDICATORS_NSO,Indicateurs,27257916,Divers
RDS_DICT_INDICATORS_NSO,Indicateurs,27552509,%
RDS_DICT_INDICATORS_NSO,Indicateurs,27258016,Entrée des non résidents par mois
RDS_DICT_INDICATORS_NSO,Indicateurs,27259316,Entrées des voyageurs non résidents par nationalité par mois (voie maritime)
RDS_DICT_INDICATORS_NSO,Indicateurs,27259416,Entrée des non résidents par nationalité
RDS_DICT_INDICATORS_NSO,Indicateurs,27262016,Européens
RDS_DICT_INDICATORS_NSO,Indicateurs,27259516,Français
RDS_DICT_INDICATORS_NSO,Indicateurs,27259616,Allemands
RDS_DICT_INDICATORS_NSO,Indicateurs,27259716,Britanniques
RDS_DICT_INDICATORS_NSO,Indicateurs,27259816,Italiens
RDS_DICT_INDICATORS_NSO,Indicateurs,27259916,Scandinaves
RDS_DICT_INDICATORS_NSO,Indicateurs,27260016,Suisses
RDS_DICT_INDICATORS_NSO,Indicateurs,27260116,Belges
RDS_DICT_INDICATORS_NSO,Indicateurs,27260216,Hollandais
RDS_DICT_INDICATORS_NSO,Indicateurs,27260316,Autrichiens
RDS_DICT_INDICATORS_NSO,Indicateurs,27260416,Espagnols
RDS_DICT_INDICATORS_NSO,Indicateurs,27260516,Serbes
RDS_DICT_INDICATORS_NSO,Indicateurs,27260616,Luxembourgeois
RDS_DICT_INDICATORS_NSO,Indicateurs,27260716,Grecs
RDS_DICT_INDICATORS_NSO,Indicateurs,27260816,Russes
RDS_DICT_INDICATORS_NSO,Indicateurs,27260916,Portugais
RDS_DICT_INDICATORS_NSO,Indicateurs,27261016,Turcs
RDS_DICT_INDICATORS_NSO,Indicateurs,27261116,Tchèques
RDS_DICT_INDICATORS_NSO,Indicateurs,27261216,Slovaques
RDS_DICT_INDICATORS_NSO,Indicateurs,27261316,Irlandais
RDS_DICT_INDICATORS_NSO,Indicateurs,27261416,Bulgarés
RDS_DICT_INDICATORS_NSO,Indicateurs,27261516,Hongrois
RDS_DICT_INDICATORS_NSO,Indicateurs,27261616,Polonais
RDS_DICT_INDICATORS_NSO,Indicateurs,27261716,Maltais
RDS_DICT_INDICATORS_NSO,Indicateurs,27261816,Roumains
RDS_DICT_INDICATORS_NSO,Indicateurs,27261916,Divers européens
RDS_DICT_INDICATORS_NSO,Indicateurs,27262116,%
RDS_DICT_INDICATORS_NSO,Indicateurs,27262216,Maghrébins
RDS_DICT_INDICATORS_NSO,Indicateurs,27262316,Algériens
RDS_DICT_INDICATORS_NSO,Indicateurs,27262416,Libyens
RDS_DICT_INDICATORS_NSO,Indicateurs,27262516,Marocains
RDS_DICT_INDICATORS_NSO,Indicateurs,27262616,Mauritaniens
RDS_DICT_INDICATORS_NSO,Indicateurs,27262716,%
RDS_DICT_INDICATORS_NSO,Indicateurs,27262816,Nord-américains
RDS_DICT_INDICATORS_NSO,Indicateurs,27263716,Américains
RDS_DICT_INDICATORS_NSO,Indicateurs,27263816,Canadiens
RDS_DICT_INDICATORS_NSO,Indicateurs,27263916,%
RDS_DICT_INDICATORS_NSO,Indicateurs,27263616,Autres
RDS_DICT_INDICATORS_NSO,Indicateurs,27262916,Moyen - orientaux
RDS_DICT_INDICATORS_NSO,Indicateurs,27263016,Africains
RDS_DICT_INDICATORS_NSO,Indicateurs,27263116,Japonais
RDS_DICT_INDICATORS_NSO,Indicateurs,27263216,Australiens
RDS_DICT_INDICATORS_NSO,Indicateurs,27263316,Chinois
RDS_DICT_INDICATORS_NSO,Indicateurs,27263416,Brésiliens
RDS_DICT_INDICATORS_NSO,Indicateurs,27263516,Divers
RDS_DICT_INDICATORS_NSO,Indicateurs,27552519,%
RDS_DICT_INDICATORS_NSO,Indicateurs,27264016,Entrée des non résidents par mois
RDS_DICT_INDICATORS_NSO,Indicateurs,27265316,Evolution des entrées des voyageurs non résidents par voie de transport et post frontière
RDS_DICT_INDICATORS_NSO,Indicateurs,27265416,Voie Aérienne
RDS_DICT_INDICATORS_NSO,Indicateurs,27265516,Tunis Carthage
RDS_DICT_INDICATORS_NSO,Indicateurs,27265616,Jerba - Zarzis
RDS_DICT_INDICATORS_NSO,Indicateurs,27265716,Monastir
RDS_DICT_INDICATORS_NSO,Indicateurs,27265816,Tozeur
RDS_DICT_INDICATORS_NSO,Indicateurs,27265916,Sfax
RDS_DICT_INDICATORS_NSO,Indicateurs,27266016,Tabarka
RDS_DICT_INDICATORS_NSO,Indicateurs,27266116,Enfidha
RDS_DICT_INDICATORS_NSO,Indicateurs,27266216,Autres
RDS_DICT_INDICATORS_NSO,Indicateurs,27266316,Voie Terrestre
RDS_DICT_INDICATORS_NSO,Indicateurs,27266416,Ras Jedir
RDS_DICT_INDICATORS_NSO,Indicateurs,27266516,Hazoua
RDS_DICT_INDICATORS_NSO,Indicateurs,27266616,Bouchebka
RDS_DICT_INDICATORS_NSO,Indicateurs,27266716,Sakiet Sidi Youssef
RDS_DICT_INDICATORS_NSO,Indicateurs,27266816,Ghardimaou
RDS_DICT_INDICATORS_NSO,Indicateurs,27266916,Babouche
RDS_DICT_INDICATORS_NSO,Indicateurs,27267016,Tabarka (Maloula)
RDS_DICT_INDICATORS_NSO,Indicateurs,27267116,Autres Postes
RDS_DICT_INDICATORS_NSO,Indicateurs,27267216,Voie Maritime
RDS_DICT_INDICATORS_NSO,Indicateurs,27267316,Tunis-Goulette
RDS_DICT_INDICATORS_NSO,Indicateurs,27267416,Bizerte
RDS_DICT_INDICATORS_NSO,Indicateurs,27267516,Sousse
RDS_DICT_INDICATORS_NSO,Indicateurs,27267616,Sfax
RDS_DICT_INDICATORS_NSO,Indicateurs,27267716,Gabès
RDS_DICT_INDICATORS_NSO,Indicateurs,27267816,Zarzis
RDS_DICT_INDICATORS_NSO,Indicateurs,27267916,Autres Postes
RDS_DICT_INDICATORS_NSO,Indicateurs,27268016,Sorties des voyageurs non résidents par nationalité et par mois (ensemble de voies)
RDS_DICT_INDICATORS_NSO,Indicateurs,27268116,Sortie des non résidents par nationalité
RDS_DICT_INDICATORS_NSO,Indicateurs,27269116,Européens
RDS_DICT_INDICATORS_NSO,Indicateurs,27268216,Français
RDS_DICT_INDICATORS_NSO,Indicateurs,27268316,Allemands
RDS_DICT_INDICATORS_NSO,Indicateurs,27268416,Britanniques
RDS_DICT_INDICATORS_NSO,Indicateurs,27268516,Italiens
RDS_DICT_INDICATORS_NSO,Indicateurs,27268616,Scandinaves
RDS_DICT_INDICATORS_NSO,Indicateurs,27268716,Suisses
RDS_DICT_INDICATORS_NSO,Indicateurs,27268816,Belges
RDS_DICT_INDICATORS_NSO,Indicateurs,27268916,Hollandais
RDS_DICT_INDICATORS_NSO,Indicateurs,27269016,Autrichiens
RDS_DICT_INDICATORS_NSO,Indicateurs,27269216,Espagnols
RDS_DICT_INDICATORS_NSO,Indicateurs,27269316,Serbes
RDS_DICT_INDICATORS_NSO,Indicateurs,27269416,Luxembourgeois
RDS_DICT_INDICATORS_NSO,Indicateurs,27269516,Grecs
RDS_DICT_INDICATORS_NSO,Indicateurs,27269616,Russes
RDS_DICT_INDICATORS_NSO,Indicateurs,27269716,Portugais
RDS_DICT_INDICATORS_NSO,Indicateurs,27269816,Turcs
RDS_DICT_INDICATORS_NSO,Indicateurs,27269916,Tchèques
RDS_DICT_INDICATORS_NSO,Indicateurs,27270016,Slovaques
RDS_DICT_INDICATORS_NSO,Indicateurs,27270116,Irlandais
RDS_DICT_INDICATORS_NSO,Indicateurs,27270216,Bulgarés
RDS_DICT_INDICATORS_NSO,Indicateurs,27270316,Hongrois
RDS_DICT_INDICATORS_NSO,Indicateurs,27270416,Polonais
RDS_DICT_INDICATORS_NSO,Indicateurs,27270516,Maltais
RDS_DICT_INDICATORS_NSO,Indicateurs,27270616,Roumains
RDS_DICT_INDICATORS_NSO,Indicateurs,27270716,Divers européens
RDS_DICT_INDICATORS_NSO,Indicateurs,27270816,%
RDS_DICT_INDICATORS_NSO,Indicateurs,27270916,Maghrébins
RDS_DICT_INDICATORS_NSO,Indicateurs,27271016,Algériens
RDS_DICT_INDICATORS_NSO,Indicateurs,27271116,Libyens
RDS_DICT_INDICATORS_NSO,Indicateurs,27271216,Marocains
RDS_DICT_INDICATORS_NSO,Indicateurs,27271316,Mauritaniens
RDS_DICT_INDICATORS_NSO,Indicateurs,27271416,%
RDS_DICT_INDICATORS_NSO,Indicateurs,27271516,Nord-américains
RDS_DICT_INDICATORS_NSO,Indicateurs,27271616,Américains
RDS_DICT_INDICATORS_NSO,Indicateurs,27271716,Canadiens
RDS_DICT_INDICATORS_NSO,Indicateurs,27271816,%
RDS_DICT_INDICATORS_NSO,Indicateurs,27271916,Autres
RDS_DICT_INDICATORS_NSO,Indicateurs,27272016,Moyen - orientaux
RDS_DICT_INDICATORS_NSO,Indicateurs,27272116,Africains
RDS_DICT_INDICATORS_NSO,Indicateurs,27272216,Japonais
RDS_DICT_INDICATORS_NSO,Indicateurs,27272316,Australiens
RDS_DICT_INDICATORS_NSO,Indicateurs,27272416,Chinois
RDS_DICT_INDICATORS_NSO,Indicateurs,27272516,Brésiliens
RDS_DICT_INDICATORS_NSO,Indicateurs,27272616,Divers
RDS_DICT_INDICATORS_NSO,Indicateurs,27552529,%
RDS_DICT_INDICATORS_NSO,Indicateurs,27272716,Sortie des non résidents par mois
RDS_DICT_INDICATORS_NSO,Indicateurs,27274016,Sorties des voyageurs non résidents par nationalité et par mois (voie aerienne)
RDS_DICT_INDICATORS_NSO,Indicateurs,27274116,Sortie des non résidents par nationalité
RDS_DICT_INDICATORS_NSO,Indicateurs,27276216,Européens
RDS_DICT_INDICATORS_NSO,Indicateurs,27274216,Français
RDS_DICT_INDICATORS_NSO,Indicateurs,27274316,Allemands
RDS_DICT_INDICATORS_NSO,Indicateurs,27274416,Britanniques
RDS_DICT_INDICATORS_NSO,Indicateurs,27274516,Italiens
RDS_DICT_INDICATORS_NSO,Indicateurs,27317316,Scandinaves
RDS_DICT_INDICATORS_NSO,Indicateurs,27274616,Suisses
RDS_DICT_INDICATORS_NSO,Indicateurs,27274716,Belges
RDS_DICT_INDICATORS_NSO,Indicateurs,27274816,Hollandais
RDS_DICT_INDICATORS_NSO,Indicateurs,27274916,Autrichiens
RDS_DICT_INDICATORS_NSO,Indicateurs,27275016,Espagnols
RDS_DICT_INDICATORS_NSO,Indicateurs,27275116,Serbes
RDS_DICT_INDICATORS_NSO,Indicateurs,27275216,Luxembourgeois
RDS_DICT_INDICATORS_NSO,Indicateurs,27275316,Grecs
RDS_DICT_INDICATORS_NSO,Indicateurs,27275416,Russes
RDS_DICT_INDICATORS_NSO,Indicateurs,27275516,Portugais
RDS_DICT_INDICATORS_NSO,Indicateurs,27275616,Turcs
RDS_DICT_INDICATORS_NSO,Indicateurs,27275716,Tchèques
RDS_DICT_INDICATORS_NSO,Indicateurs,27275816,Slovaques
RDS_DICT_INDICATORS_NSO,Indicateurs,27275916,Irlandais
RDS_DICT_INDICATORS_NSO,Indicateurs,27276016,Bulgarés
RDS_DICT_INDICATORS_NSO,Indicateurs,27276116,Hongrois
RDS_DICT_INDICATORS_NSO,Indicateurs,27276316,Polonais
RDS_DICT_INDICATORS_NSO,Indicateurs,27276416,Maltais
RDS_DICT_INDICATORS_NSO,Indicateurs,27276516,Roumains
RDS_DICT_INDICATORS_NSO,Indicateurs,27276616,Divers européens
RDS_DICT_INDICATORS_NSO,Indicateurs,27276716,%
RDS_DICT_INDICATORS_NSO,Indicateurs,27276816,Maghrébins
RDS_DICT_INDICATORS_NSO,Indicateurs,27276916,Algériens
RDS_DICT_INDICATORS_NSO,Indicateurs,27277016,Libyens
RDS_DICT_INDICATORS_NSO,Indicateurs,27277116,Marocains
RDS_DICT_INDICATORS_NSO,Indicateurs,27277216,Mauritaniens
RDS_DICT_INDICATORS_NSO,Indicateurs,27278416,%
RDS_DICT_INDICATORS_NSO,Indicateurs,27277316,Nord-américains
RDS_DICT_INDICATORS_NSO,Indicateurs,27277416,Américains
RDS_DICT_INDICATORS_NSO,Indicateurs,27277516,Canadiens
RDS_DICT_INDICATORS_NSO,Indicateurs,27278516,%
RDS_DICT_INDICATORS_NSO,Indicateurs,27277616,Autres
RDS_DICT_INDICATORS_NSO,Indicateurs,27277716,Moyen - orientaux
RDS_DICT_INDICATORS_NSO,Indicateurs,27277816,Africains
RDS_DICT_INDICATORS_NSO,Indicateurs,27277916,Japonais
RDS_DICT_INDICATORS_NSO,Indicateurs,27278016,Australiens
RDS_DICT_INDICATORS_NSO,Indicateurs,27278116,Chinois
RDS_DICT_INDICATORS_NSO,Indicateurs,27278216,Brésiliens
RDS_DICT_INDICATORS_NSO,Indicateurs,27278316,Divers
RDS_DICT_INDICATORS_NSO,Indicateurs,27552559,%
RDS_DICT_INDICATORS_NSO,Indicateurs,27278616,Sortie des non résidents par mois
RDS_DICT_INDICATORS_NSO,Indicateurs,27279916,Sorties des voyageurs non résidents par nationalité et par mois (voie terrestre)
RDS_DICT_INDICATORS_NSO,Indicateurs,27280016,Sortie des non résidents par nationalité
RDS_DICT_INDICATORS_NSO,Indicateurs,27280116,Européens
RDS_DICT_INDICATORS_NSO,Indicateurs,27280216,Français
RDS_DICT_INDICATORS_NSO,Indicateurs,27280316,Allemands
RDS_DICT_INDICATORS_NSO,Indicateurs,27280416,Britanniques
RDS_DICT_INDICATORS_NSO,Indicateurs,27280516,Italiens
RDS_DICT_INDICATORS_NSO,Indicateurs,27280616,Scandinaves
RDS_DICT_INDICATORS_NSO,Indicateurs,27280716,Suisses
RDS_DICT_INDICATORS_NSO,Indicateurs,27280816,Belges
RDS_DICT_INDICATORS_NSO,Indicateurs,27280916,Hollandais
RDS_DICT_INDICATORS_NSO,Indicateurs,27281016,Autrichiens
RDS_DICT_INDICATORS_NSO,Indicateurs,27281116,Espagnols
RDS_DICT_INDICATORS_NSO,Indicateurs,27281216,Serbes
RDS_DICT_INDICATORS_NSO,Indicateurs,27281316,Luxembourgeois
RDS_DICT_INDICATORS_NSO,Indicateurs,27281416,Grecs
RDS_DICT_INDICATORS_NSO,Indicateurs,27281516,Russes
RDS_DICT_INDICATORS_NSO,Indicateurs,27281616,Portugais
RDS_DICT_INDICATORS_NSO,Indicateurs,27281716,Turcs
RDS_DICT_INDICATORS_NSO,Indicateurs,27281816,Tchèques
RDS_DICT_INDICATORS_NSO,Indicateurs,27281916,Slovaques
RDS_DICT_INDICATORS_NSO,Indicateurs,27282016,Irlandais
RDS_DICT_INDICATORS_NSO,Indicateurs,27282116,Bulgarés
RDS_DICT_INDICATORS_NSO,Indicateurs,27282216,Hongrois
RDS_DICT_INDICATORS_NSO,Indicateurs,27282316,Polonais
RDS_DICT_INDICATORS_NSO,Indicateurs,27282416,Maltais
RDS_DICT_INDICATORS_NSO,Indicateurs,27282516,Roumains
RDS_DICT_INDICATORS_NSO,Indicateurs,27282616,Divers européens
RDS_DICT_INDICATORS_NSO,Indicateurs,27282716,%
RDS_DICT_INDICATORS_NSO,Indicateurs,27282816,Maghrébins
RDS_DICT_INDICATORS_NSO,Indicateurs,27282916,Algériens
RDS_DICT_INDICATORS_NSO,Indicateurs,27283016,Libyens
RDS_DICT_INDICATORS_NSO,Indicateurs,27283116,Marocains
RDS_DICT_INDICATORS_NSO,Indicateurs,27283216,Mauritaniens
RDS_DICT_INDICATORS_NSO,Indicateurs,27283316,%
RDS_DICT_INDICATORS_NSO,Indicateurs,27283416,Nord-américains
RDS_DICT_INDICATORS_NSO,Indicateurs,27283516,Américains
RDS_DICT_INDICATORS_NSO,Indicateurs,27283616,Canadiens
RDS_DICT_INDICATORS_NSO,Indicateurs,27283716,%
RDS_DICT_INDICATORS_NSO,Indicateurs,27283816,Autres
RDS_DICT_INDICATORS_NSO,Indicateurs,27283916,Moyen - orientaux
RDS_DICT_INDICATORS_NSO,Indicateurs,27284016,Africains
RDS_DICT_INDICATORS_NSO,Indicateurs,27284116,Japonais
RDS_DICT_INDICATORS_NSO,Indicateurs,27284216,Australiens
RDS_DICT_INDICATORS_NSO,Indicateurs,27284316,Chinois
RDS_DICT_INDICATORS_NSO,Indicateurs,27284416,Brésiliens
RDS_DICT_INDICATORS_NSO,Indicateurs,27284516,Divers
RDS_DICT_INDICATORS_NSO,Indicateurs,27552539,%
RDS_DICT_INDICATORS_NSO,Indicateurs,27284616,Sortie des non résidents par mois
RDS_DICT_INDICATORS_NSO,Indicateurs,27285916,Sorties des voyageurs non résidents par nationalité et par mois (voie maritime)
RDS_DICT_INDICATORS_NSO,Indicateurs,27286016,Sortie des non résidents par nationalité
RDS_DICT_INDICATORS_NSO,Indicateurs,27286116,Européens
RDS_DICT_INDICATORS_NSO,Indicateurs,27286216,Français
RDS_DICT_INDICATORS_NSO,Indicateurs,27286316,Allemands
RDS_DICT_INDICATORS_NSO,Indicateurs,27286416,Britanniques
RDS_DICT_INDICATORS_NSO,Indicateurs,27286516,Italiens
RDS_DICT_INDICATORS_NSO,Indicateurs,27286616,Scandinaves
RDS_DICT_INDICATORS_NSO,Indicateurs,27286716,Suisses
RDS_DICT_INDICATORS_NSO,Indicateurs,27286816,Belges
RDS_DICT_INDICATORS_NSO,Indicateurs,27286916,Hollandais
RDS_DICT_INDICATORS_NSO,Indicateurs,27287016,Autrichiens
RDS_DICT_INDICATORS_NSO,Indicateurs,27287116,Espagnols
RDS_DICT_INDICATORS_NSO,Indicateurs,27287216,Serbes
RDS_DICT_INDICATORS_NSO,Indicateurs,27287316,Luxembourgeois
RDS_DICT_INDICATORS_NSO,Indicateurs,27287416,Grecs
RDS_DICT_INDICATORS_NSO,Indicateurs,27287516,Russes
RDS_DICT_INDICATORS_NSO,Indicateurs,27287616,Portugais
RDS_DICT_INDICATORS_NSO,Indicateurs,27287716,Turcs
RDS_DICT_INDICATORS_NSO,Indicateurs,27287816,Tchèques
RDS_DICT_INDICATORS_NSO,Indicateurs,27287916,Slovaques
RDS_DICT_INDICATORS_NSO,Indicateurs,27288016,Irlandais
RDS_DICT_INDICATORS_NSO,Indicateurs,27288116,Bulgarés
RDS_DICT_INDICATORS_NSO,Indicateurs,27288216,Hongrois
RDS_DICT_INDICATORS_NSO,Indicateurs,27288316,Polonais
RDS_DICT_INDICATORS_NSO,Indicateurs,27288416,Maltais
RDS_DICT_INDICATORS_NSO,Indicateurs,27288516,Roumains
RDS_DICT_INDICATORS_NSO,Indicateurs,27288616,Divers européens
RDS_DICT_INDICATORS_NSO,Indicateurs,27288716,%
RDS_DICT_INDICATORS_NSO,Indicateurs,27288816,Maghrébins
RDS_DICT_INDICATORS_NSO,Indicateurs,27288916,Algériens
RDS_DICT_INDICATORS_NSO,Indicateurs,27289016,Libyens
RDS_DICT_INDICATORS_NSO,Indicateurs,27289116,Marocains
RDS_DICT_INDICATORS_NSO,Indicateurs,27289316,%
RDS_DICT_INDICATORS_NSO,Indicateurs,27289416,Nord-américains
RDS_DICT_INDICATORS_NSO,Indicateurs,27289516,Américains
RDS_DICT_INDICATORS_NSO,Indicateurs,27289616,Canadiens
RDS_DICT_INDICATORS_NSO,Indicateurs,27289716,%
RDS_DICT_INDICATORS_NSO,Indicateurs,27289816,Autres
RDS_DICT_INDICATORS_NSO,Indicateurs,27289916,Moyen - orientaux
RDS_DICT_INDICATORS_NSO,Indicateurs,27290016,Africains
RDS_DICT_INDICATORS_NSO,Indicateurs,27290116,Japonais
RDS_DICT_INDICATORS_NSO,Indicateurs,27290216,Australiens
RDS_DICT_INDICATORS_NSO,Indicateurs,27290316,Chinois
RDS_DICT_INDICATORS_NSO,Indicateurs,27290416,Brésiliens
RDS_DICT_INDICATORS_NSO,Indicateurs,27290516,Divers
RDS_DICT_INDICATORS_NSO,Indicateurs,27552549,%
RDS_DICT_INDICATORS_NSO,Indicateurs,27290616,Sortie des non résidents par mois
RDS_DICT_INDICATORS_NSO,Indicateurs,27291916,Evolution de la sorties des voyageurs non résidents par voie de transport et poste frontière
RDS_DICT_INDICATORS_NSO,Indicateurs,27292016,Voie Aérienne
RDS_DICT_INDICATORS_NSO,Indicateurs,27292116,Tunis - Carthage
RDS_DICT_INDICATORS_NSO,Indicateurs,27292216,Jerba - Zarzis
RDS_DICT_INDICATORS_NSO,Indicateurs,27292316,Monastir
RDS_DICT_INDICATORS_NSO,Indicateurs,27292416,Sfax
RDS_DICT_INDICATORS_NSO,Indicateurs,27292516,Tozeur
RDS_DICT_INDICATORS_NSO,Indicateurs,27292616,Tabarka
RDS_DICT_INDICATORS_NSO,Indicateurs,27292716,Enfidha
RDS_DICT_INDICATORS_NSO,Indicateurs,27292816,Autres
RDS_DICT_INDICATORS_NSO,Indicateurs,27292916,Voie Terrestre
RDS_DICT_INDICATORS_NSO,Indicateurs,27293016,Ras Jedir
RDS_DICT_INDICATORS_NSO,Indicateurs,27293116,Hazoua
RDS_DICT_INDICATORS_NSO,Indicateurs,27293216,Bouchebka
RDS_DICT_INDICATORS_NSO,Indicateurs,27293316,Sakiet Sidi Youssef
RDS_DICT_INDICATORS_NSO,Indicateurs,27293416,Gardimaou
RDS_DICT_INDICATORS_NSO,Indicateurs,27293516,Babouche
RDS_DICT_INDICATORS_NSO,Indicateurs,27293616,Tabarka (Maloula)
RDS_DICT_INDICATORS_NSO,Indicateurs,27293716,Autres Postes
RDS_DICT_INDICATORS_NSO,Indicateurs,27293816,Voie Maritime
RDS_DICT_INDICATORS_NSO,Indicateurs,27293916,Tunis-Goulette
RDS_DICT_INDICATORS_NSO,Indicateurs,27294016,Bizerte
RDS_DICT_INDICATORS_NSO,Indicateurs,27294116,Sousse
RDS_DICT_INDICATORS_NSO,Indicateurs,27294216,Sfax
RDS_DICT_INDICATORS_NSO,Indicateurs,27294316,Gabès
RDS_DICT_INDICATORS_NSO,Indicateurs,27294416,Zarzis
RDS_DICT_INDICATORS_NSO,Indicateurs,27294516,Autres Postes
RDS_DICT_INDICATORS_NSO,Indicateurs,27294616,Entrées des tunisiens par voie de transport et poste frontière
RDS_DICT_INDICATORS_NSO,Indicateurs,27294716,Voie Aérienne
RDS_DICT_INDICATORS_NSO,Indicateurs,27294816,Tunis - Carthage
RDS_DICT_INDICATORS_NSO,Indicateurs,27294916,Jerba-Zarzis
RDS_DICT_INDICATORS_NSO,Indicateurs,27295016,Monastir
RDS_DICT_INDICATORS_NSO,Indicateurs,27295116,Sfax
RDS_DICT_INDICATORS_NSO,Indicateurs,27295216,Tozeur
RDS_DICT_INDICATORS_NSO,Indicateurs,27295316,Tabarka
RDS_DICT_INDICATORS_NSO,Indicateurs,27295416,Gafsa
RDS_DICT_INDICATORS_NSO,Indicateurs,27295516,Enfidha
RDS_DICT_INDICATORS_NSO,Indicateurs,27295616,Autres
RDS_DICT_INDICATORS_NSO,Indicateurs,27295716,Voie Terrestre
RDS_DICT_INDICATORS_NSO,Indicateurs,27295816,Ras Jedir
RDS_DICT_INDICATORS_NSO,Indicateurs,27295916,Hazoua
RDS_DICT_INDICATORS_NSO,Indicateurs,27296016,Bouchebka
RDS_DICT_INDICATORS_NSO,Indicateurs,27296116,Sakiet Sidi Youssef
RDS_DICT_INDICATORS_NSO,Indicateurs,27296216,Gardimaou
RDS_DICT_INDICATORS_NSO,Indicateurs,27296416,Tabarka (Maloula)
RDS_DICT_INDICATORS_NSO,Indicateurs,27296516,Dehiba
RDS_DICT_INDICATORS_NSO,Indicateurs,27296616,Autres Postes
RDS_DICT_INDICATORS_NSO,Indicateurs,27296716,Voie Maritime
RDS_DICT_INDICATORS_NSO,Indicateurs,27296816,Tunis-Goulette
RDS_DICT_INDICATORS_NSO,Indicateurs,27296916,Bizerte
RDS_DICT_INDICATORS_NSO,Indicateurs,27297016,Sousse
RDS_DICT_INDICATORS_NSO,Indicateurs,27297116,Sfax
RDS_DICT_INDICATORS_NSO,Indicateurs,27297216,Gabès
RDS_DICT_INDICATORS_NSO,Indicateurs,27297416,Autres Postes
RDS_DICT_INDICATORS_NSO,Indicateurs,27297516,Sorties des tunisiens par pays de destination et par voie de transport
RDS_DICT_INDICATORS_NSO,Indicateurs,27297616,Pays de destination
RDS_DICT_INDICATORS_NSO,Indicateurs,27297716,Algérie
RDS_DICT_INDICATORS_NSO,Indicateurs,27297816,Allemagne
RDS_DICT_INDICATORS_NSO,Indicateurs,27297916,Angleterre
RDS_DICT_INDICATORS_NSO,Indicateurs,27298016,Autriche
RDS_DICT_INDICATORS_NSO,Indicateurs,27298116,Belgique
RDS_DICT_INDICATORS_NSO,Indicateurs,27298216,France
RDS_DICT_INDICATORS_NSO,Indicateurs,27298316,Hollande
RDS_DICT_INDICATORS_NSO,Indicateurs,27298416,Italie
RDS_DICT_INDICATORS_NSO,Indicateurs,27298516,Libye
RDS_DICT_INDICATORS_NSO,Indicateurs,27298616,Maroc
RDS_DICT_INDICATORS_NSO,Indicateurs,27298716,Moyen-Orient
RDS_DICT_INDICATORS_NSO,Indicateurs,27298816,Suisse
RDS_DICT_INDICATORS_NSO,Indicateurs,27298916,Russie
RDS_DICT_INDICATORS_NSO,Indicateurs,27299316,Autres Pays
RDS_DICT_INDICATORS_NSO,Indicateurs,27299516,Voie de transport
RDS_DICT_INDICATORS_NSO,Indicateurs,27299616,Voie Aérienne
RDS_DICT_INDICATORS_NSO,Indicateurs,27299716,Voie Terrestre
RDS_DICT_INDICATORS_NSO,Indicateurs,27299816,Voie Maritime
RDS_DICT_INDICATORS_NSO,Indicateurs,27299916,Dont Tunisiens non résidents
RDS_DICT_INDICATORS_NSO,Indicateurs,27300016,Capacité d'hébergement par région touristique
RDS_DICT_INDICATORS_NSO,Indicateurs,27300116,Capacité d'hébergement dans la région touristique Tunis – Zaghouan
RDS_DICT_INDICATORS_NSO,Indicateurs,27300216,Nombre d'établissements dans la région touristique Tunis – Zaghouan
RDS_DICT_INDICATORS_NSO,Indicateurs,27300316,Capacité en lits pour la région touristique Tunis – Zaghouan
RDS_DICT_INDICATORS_NSO,Indicateurs,27300416,Capacité d'hébergement dans la région touristique Nabeul – Hammamet
RDS_DICT_INDICATORS_NSO,Indicateurs,27300516,Nombre d'établissements dans la région touristique Nabeul – Hammamet
RDS_DICT_INDICATORS_NSO,Indicateurs,27300616,Capacité en lits pour la région touristique Nabeul – Hammamet
RDS_DICT_INDICATORS_NSO,Indicateurs,27300716,Capacité d'hébergement dans la région touristique Sousse – Kairouan
RDS_DICT_INDICATORS_NSO,Indicateurs,27300816,Nombre d'établissements dans la région touristique Sousse – Kairouan
RDS_DICT_INDICATORS_NSO,Indicateurs,27300916,Capacité en lits pour la région touristique Sousse – Kairouan
RDS_DICT_INDICATORS_NSO,Indicateurs,27301016,Capacité d'hébergement dans la région touristique Yasmine Hammamet
RDS_DICT_INDICATORS_NSO,Indicateurs,27301116,Nombre d'établissements dans la région touristique Yasmine Hammamet
RDS_DICT_INDICATORS_NSO,Indicateurs,27301216,Capacité en lits pour la région touristique Yasmine Hammamet
RDS_DICT_INDICATORS_NSO,Indicateurs,27301316,Capacité d'hébergement dans la région touristique Monastir – Skanès
RDS_DICT_INDICATORS_NSO,Indicateurs,27301416,Nombre d'établissements dans la région touristique Monastir – Skanès
RDS_DICT_INDICATORS_NSO,Indicateurs,27301516,Capacité en lits pour la région touristique Monastir – Skanès
RDS_DICT_INDICATORS_NSO,Indicateurs,27301616,Capacité d'hébergement dans la région touristique Mahdia-Sfax
RDS_DICT_INDICATORS_NSO,Indicateurs,27302316,Nombre d'établissements dans la région touristique Mahdia-Sfax
RDS_DICT_INDICATORS_NSO,Indicateurs,27302416,Capacité en lits pour la région touristique Mahdia-Sfax
RDS_DICT_INDICATORS_NSO,Indicateurs,27301716,Capacité d'hébergement dans la région touristique Jerba-Zarzis-Gabes
RDS_DICT_INDICATORS_NSO,Indicateurs,27302516,Nombre d'établissements dans la région touristique Jerba-Zarzis-Gabes
RDS_DICT_INDICATORS_NSO,Indicateurs,27302616,Capacité en lits pour la région touristique Jerba-Zarzis-Gabes
RDS_DICT_INDICATORS_NSO,Indicateurs,27301816,Capacité d'hébergement dans la région touristique Gafsa -Tozeur
RDS_DICT_INDICATORS_NSO,Indicateurs,27302716,Nombre d'établissements dans la région touristique Gafsa -Tozeur
RDS_DICT_INDICATORS_NSO,Indicateurs,27302816,Capacité en lits pour la région touristique Gafsa -Tozeur
RDS_DICT_INDICATORS_NSO,Indicateurs,27301916,Capacité d'hébergement dans la région touristique Sbeitla-Kasserine
RDS_DICT_INDICATORS_NSO,Indicateurs,27302916,Nombre d'établissements dans la région touristique Sbeitla-Kasserine
RDS_DICT_INDICATORS_NSO,Indicateurs,27303016,Capacité en lits pour la région touristique Sbeitla-Kasserine
RDS_DICT_INDICATORS_NSO,Indicateurs,27302016,Capacité d'hébergement dans la région touristique Bizerte - Bejà
RDS_DICT_INDICATORS_NSO,Indicateurs,27303116,Nombre d'établissements dans la région touristique Bizerte - Bejà
RDS_DICT_INDICATORS_NSO,Indicateurs,27303216,Capacité en lits pour la région touristique Bizerte - Bejà
RDS_DICT_INDICATORS_NSO,Indicateurs,27302116,Capacité d'hébergement dans la région touristique Tabarka-Ain Draham
RDS_DICT_INDICATORS_NSO,Indicateurs,27303316,Nombre d'établissements dans la région touristique Tabarka-Ain Draham
RDS_DICT_INDICATORS_NSO,Indicateurs,27303416,Capacité en lits pour la région touristique Tabarka-Ain Draham
RDS_DICT_INDICATORS_NSO,Indicateurs,27302216,Capacité d'hébergement dans l'ensemble des régions touristiques
RDS_DICT_INDICATORS_NSO,Indicateurs,27303516,Nombre d'établissements dans l'ensemble des régions touristiques
RDS_DICT_INDICATORS_NSO,Indicateurs,27303616,Capacité en lits pour l'ensemble des régions touristiques
RDS_DICT_INDICATORS_NSO,Indicateurs,27303716,Nuitées touristiques globales par nationalité
RDS_DICT_INDICATORS_NSO,Indicateurs,27303816,Européens
RDS_DICT_INDICATORS_NSO,Indicateurs,27303916,Français
RDS_DICT_INDICATORS_NSO,Indicateurs,27304016,Allemands
RDS_DICT_INDICATORS_NSO,Indicateurs,27304116,Britanniques
RDS_DICT_INDICATORS_NSO,Indicateurs,27304216,Italiens
RDS_DICT_INDICATORS_NSO,Indicateurs,27304316,Scandinaves
RDS_DICT_INDICATORS_NSO,Indicateurs,27304416,Suisses
RDS_DICT_INDICATORS_NSO,Indicateurs,27304516,Belges
RDS_DICT_INDICATORS_NSO,Indicateurs,27304616,Hollandais
RDS_DICT_INDICATORS_NSO,Indicateurs,27304716,Autrichiens
RDS_DICT_INDICATORS_NSO,Indicateurs,27304816,Espagnols
RDS_DICT_INDICATORS_NSO,Indicateurs,27304916,Serbes
RDS_DICT_INDICATORS_NSO,Indicateurs,27305016,Luxembourgeois
RDS_DICT_INDICATORS_NSO,Indicateurs,27305116,Grecs
RDS_DICT_INDICATORS_NSO,Indicateurs,27305216,Russes
RDS_DICT_INDICATORS_NSO,Indicateurs,27305316,Portugais
RDS_DICT_INDICATORS_NSO,Indicateurs,27305416,Turcs
RDS_DICT_INDICATORS_NSO,Indicateurs,27305516,Tchèques
RDS_DICT_INDICATORS_NSO,Indicateurs,27305616,Slovaques
RDS_DICT_INDICATORS_NSO,Indicateurs,27305716,Irlandais
RDS_DICT_INDICATORS_NSO,Indicateurs,27305816,Bulgarés
RDS_DICT_INDICATORS_NSO,Indicateurs,27305916,Hongrois
RDS_DICT_INDICATORS_NSO,Indicateurs,27306016,Polonais
RDS_DICT_INDICATORS_NSO,Indicateurs,27306116,Maltais
RDS_DICT_INDICATORS_NSO,Indicateurs,27306216,Roumains
RDS_DICT_INDICATORS_NSO,Indicateurs,27306316,Divers européens
RDS_DICT_INDICATORS_NSO,Indicateurs,27306416,%
RDS_DICT_INDICATORS_NSO,Indicateurs,27306516,Maghrébins
RDS_DICT_INDICATORS_NSO,Indicateurs,27306616,Algériens
RDS_DICT_INDICATORS_NSO,Indicateurs,27306716,Libyens
RDS_DICT_INDICATORS_NSO,Indicateurs,27306816,Marocains
RDS_DICT_INDICATORS_NSO,Indicateurs,27306916,%
RDS_DICT_INDICATORS_NSO,Indicateurs,27307016,Nord-américains
RDS_DICT_INDICATORS_NSO,Indicateurs,27307116,Américains
RDS_DICT_INDICATORS_NSO,Indicateurs,27307216,Canadiens
RDS_DICT_INDICATORS_NSO,Indicateurs,27307416,%
RDS_DICT_INDICATORS_NSO,Indicateurs,27307316,Autres
RDS_DICT_INDICATORS_NSO,Indicateurs,27307516,Moyen - orientaux
RDS_DICT_INDICATORS_NSO,Indicateurs,27307616,Africains
RDS_DICT_INDICATORS_NSO,Indicateurs,27307716,Japonais
RDS_DICT_INDICATORS_NSO,Indicateurs,27307816,Divers
RDS_DICT_INDICATORS_NSO,Indicateurs,27307916,Australiens
RDS_DICT_INDICATORS_NSO,Indicateurs,27308016,Chinois
RDS_DICT_INDICATORS_NSO,Indicateurs,27308116,Brésiliens
RDS_DICT_INDICATORS_NSO,Indicateurs,27308216,%
RDS_DICT_INDICATORS_NSO,Indicateurs,27308316,Tunisiens résidents à l'étranger
RDS_DICT_INDICATORS_NSO,Indicateurs,27308416,%
RDS_DICT_INDICATORS_NSO,Indicateurs,27308516,Nuits d'hébergement
RDS_DICT_INDICATORS_NSO,Indicateurs,27308616,Nuitées des non résidents
RDS_DICT_INDICATORS_NSO,Indicateurs,27308716,%
RDS_DICT_INDICATORS_NSO,Indicateurs,27308816,Nuitées des résidents
RDS_DICT_INDICATORS_NSO,Indicateurs,27308916,%
RDS_DICT_INDICATORS_NSO,Indicateurs,27309016,Taux d'occupation par région touristique
RDS_DICT_INDICATORS_NSO,Indicateurs,27309116,Tunis – Zaghouan
RDS_DICT_INDICATORS_NSO,Indicateurs,27309216,Nabeul – Hammamet
RDS_DICT_INDICATORS_NSO,Indicateurs,27309316,Sousse – Kairouan
RDS_DICT_INDICATORS_NSO,Indicateurs,27309416,Yasmine Hammamet
RDS_DICT_INDICATORS_NSO,Indicateurs,27309516,Monastir – Skanès
RDS_DICT_INDICATORS_NSO,Indicateurs,27309616,Mahdia-Sfax
RDS_DICT_INDICATORS_NSO,Indicateurs,27309716,Jerba-Zarzis-Gabès
RDS_DICT_INDICATORS_NSO,Indicateurs,27309816,Gafsa -Tozeur
RDS_DICT_INDICATORS_NSO,Indicateurs,27309916,Sbeitla-Kasserine
RDS_DICT_INDICATORS_NSO,Indicateurs,27310016,Bizerte-Bejà
RDS_DICT_INDICATORS_NSO,Indicateurs,27310116,Tabarka-Ain Draham
RDS_DICT_INDICATORS_NSO,Indicateurs,27310216,Durée moyenne de séjour par nationalité
RDS_DICT_INDICATORS_NSO,Indicateurs,27310316,Allemands
RDS_DICT_INDICATORS_NSO,Indicateurs,27310416,Autrichiens
RDS_DICT_INDICATORS_NSO,Indicateurs,27310516,Belges
RDS_DICT_INDICATORS_NSO,Indicateurs,27310616,Britanniques
RDS_DICT_INDICATORS_NSO,Indicateurs,27310716,Canadiens
RDS_DICT_INDICATORS_NSO,Indicateurs,27310816,Français
RDS_DICT_INDICATORS_NSO,Indicateurs,27310916,Hollandais
RDS_DICT_INDICATORS_NSO,Indicateurs,27311016,Italiens
RDS_DICT_INDICATORS_NSO,Indicateurs,27311116,Libyens
RDS_DICT_INDICATORS_NSO,Indicateurs,27311216,Luxembourgeois
RDS_DICT_INDICATORS_NSO,Indicateurs,27311316,Marocains
RDS_DICT_INDICATORS_NSO,Indicateurs,27311416,Moyen-Orientaux
RDS_DICT_INDICATORS_NSO,Indicateurs,27311516,Scandinaves
RDS_DICT_INDICATORS_NSO,Indicateurs,27311616,Suisses
RDS_DICT_INDICATORS_NSO,Indicateurs,27311716,Américain
RDS_DICT_INDICATORS_NSO,Indicateurs,27311816,Africains
RDS_DICT_INDICATORS_NSO,Indicateurs,27311916,Divers
RDS_DICT_INDICATORS_NSO,Indicateurs,27312016,Nuitées des non résidents par catégorie hotélière
RDS_DICT_INDICATORS_NSO,Indicateurs,27312116,Hôtels Classes
RDS_DICT_INDICATORS_NSO,Indicateurs,27312216,5  Etoiles
RDS_DICT_INDICATORS_NSO,Indicateurs,27312316,4  Etoiles
RDS_DICT_INDICATORS_NSO,Indicateurs,27312416,3  Etoiles
RDS_DICT_INDICATORS_NSO,Indicateurs,27312516,2  Etoiles
RDS_DICT_INDICATORS_NSO,Indicateurs,27312616,1  Etoile
RDS_DICT_INDICATORS_NSO,Indicateurs,27312716,Hôtels Non Classes
RDS_DICT_INDICATORS_NSO,Indicateurs,27312816,Nuitées des non résidents par région touristique
RDS_DICT_INDICATORS_NSO,Indicateurs,27312916,Tunis – Zaghouan
RDS_DICT_INDICATORS_NSO,Indicateurs,27313016,Nabeul – Hammamet
RDS_DICT_INDICATORS_NSO,Indicateurs,27313116,Sousse – Kairouan
RDS_DICT_INDICATORS_NSO,Indicateurs,27313216,Yasmine Hammamet
RDS_DICT_INDICATORS_NSO,Indicateurs,27313316,Monastir – Skanès
RDS_DICT_INDICATORS_NSO,Indicateurs,27313416,Mahdia-Sfax
RDS_DICT_INDICATORS_NSO,Indicateurs,27313516,Jerba-Zarzis-Gabès
RDS_DICT_INDICATORS_NSO,Indicateurs,27313616,Gafsa -Tozeur
RDS_DICT_INDICATORS_NSO,Indicateurs,27313716,Sbeitla-Kasserine
RDS_DICT_INDICATORS_NSO,Indicateurs,27313816,Bizerte-Bejà
RDS_DICT_INDICATORS_NSO,Indicateurs,27313916,Tabarka-Ain Draham
RDS_DICT_INDICATORS_NSO,Indicateurs,27314016,Mouvement des croisières maritimes par nationalité et par port d'entrée
RDS_DICT_INDICATORS_NSO,Indicateurs,27314116,Nationalité
RDS_DICT_INDICATORS_NSO,Indicateurs,27314216,Allemands
RDS_DICT_INDICATORS_NSO,Indicateurs,27314316,Autrichiens
RDS_DICT_INDICATORS_NSO,Indicateurs,27314416,Belges
RDS_DICT_INDICATORS_NSO,Indicateurs,27314516,Britanniques
RDS_DICT_INDICATORS_NSO,Indicateurs,27314616,Français
RDS_DICT_INDICATORS_NSO,Indicateurs,27314716,Hollandais
RDS_DICT_INDICATORS_NSO,Indicateurs,27314816,Italiens
RDS_DICT_INDICATORS_NSO,Indicateurs,27314916,Scandinaves
RDS_DICT_INDICATORS_NSO,Indicateurs,27315016,Suisses
RDS_DICT_INDICATORS_NSO,Indicateurs,27315116,Américain
RDS_DICT_INDICATORS_NSO,Indicateurs,27315216,Divers
RDS_DICT_INDICATORS_NSO,Indicateurs,27315316,Port d'entrée
RDS_DICT_INDICATORS_NSO,Indicateurs,27315416,Tunis-Goulette
RDS_DICT_INDICATORS_NSO,Indicateurs,27315516,Bizerte
RDS_DICT_INDICATORS_NSO,Indicateurs,27315616,Sousse
RDS_DICT_INDICATORS_NSO,Indicateurs,27315716,Sfax
RDS_DICT_INDICATORS_NSO,Indicateurs,27315816,Gabès
RDS_DICT_INDICATORS_NSO,Indicateurs,27315916,Zarzis
RDS_DICT_INDICATORS_NSO,Indicateurs,27316016,Autres
RDS_DICT_INDICATORS_NSO,Indicateurs,11921016,Transport
RDS_DICT_INDICATORS_NSO,Indicateurs,22342916,1ére Immatriculation des véhicules par catégorie et marques
RDS_DICT_INDICATORS_NSO,Indicateurs,22343016,Par Catégorie
RDS_DICT_INDICATORS_NSO,Indicateurs,22343216,Voitures de Tourisme et commerciales
RDS_DICT_INDICATORS_NSO,Indicateurs,22343316,Camions et Camionnettes
RDS_DICT_INDICATORS_NSO,Indicateurs,22343416,Autocars
RDS_DICT_INDICATORS_NSO,Indicateurs,27552569,Motos
RDS_DICT_INDICATORS_NSO,Indicateurs,22343516,TRAC - Tracteurs
RDS_DICT_INDICATORS_NSO,Indicateurs,22343616,Kubota
RDS_DICT_INDICATORS_NSO,Indicateurs,22343716,Landini
RDS_DICT_INDICATORS_NSO,Indicateurs,22343816,Massey
RDS_DICT_INDICATORS_NSO,Indicateurs,22343916,Same
RDS_DICT_INDICATORS_NSO,Indicateurs,22344016,R  Remorques et Semi-remorques
RDS_DICT_INDICATORS_NSO,Indicateurs,27552579,Appareil Agricole
RDS_DICT_INDICATORS_NSO,Indicateurs,22344116,Autres
RDS_DICT_INDICATORS_NSO,Indicateurs,22343116,Par Marque
RDS_DICT_INDICATORS_NSO,Indicateurs,22344216,Citroën
RDS_DICT_INDICATORS_NSO,Indicateurs,22344316,Fiat
RDS_DICT_INDICATORS_NSO,Indicateurs,22344416,Isuzu
RDS_DICT_INDICATORS_NSO,Indicateurs,22344516,Iveco
RDS_DICT_INDICATORS_NSO,Indicateurs,22344616,Mazda
RDS_DICT_INDICATORS_NSO,Indicateurs,22344716,Mitsubishi
RDS_DICT_INDICATORS_NSO,Indicateurs,22344816,Nissan
RDS_DICT_INDICATORS_NSO,Indicateurs,22344916,Opel
RDS_DICT_INDICATORS_NSO,Indicateurs,22345016,Peugeot
RDS_DICT_INDICATORS_NSO,Indicateurs,22345116,Renault
RDS_DICT_INDICATORS_NSO,Indicateurs,22345216,Toyota
RDS_DICT_INDICATORS_NSO,Indicateurs,22345316,Volkswagen
RDS_DICT_INDICATORS_NSO,Indicateurs,22345416,Volvo
RDS_DICT_INDICATORS_NSO,Indicateurs,22345516,Autres marques
RDS_DICT_INDICATORS_NSO,Indicateurs,22345616,Re- Immatriculation des véhicules par catégorie et marques
RDS_DICT_INDICATORS_NSO,Indicateurs,22345716,Par Catégorie
RDS_DICT_INDICATORS_NSO,Indicateurs,22345916,Voitures de Tourisme et commerciales
RDS_DICT_INDICATORS_NSO,Indicateurs,22346016,Camions et Camionnettes
RDS_DICT_INDICATORS_NSO,Indicateurs,22346116,Autocars
RDS_DICT_INDICATORS_NSO,Indicateurs,27552589,Motos
RDS_DICT_INDICATORS_NSO,Indicateurs,22346216,TRAC   Tracteurs
RDS_DICT_INDICATORS_NSO,Indicateurs,22346316,Kubota
RDS_DICT_INDICATORS_NSO,Indicateurs,22346416,Landini
RDS_DICT_INDICATORS_NSO,Indicateurs,22346516,Massey Fergusson
RDS_DICT_INDICATORS_NSO,Indicateurs,22346616,Same
RDS_DICT_INDICATORS_NSO,Indicateurs,22346716,R    Remorques et Semi-remorques
RDS_DICT_INDICATORS_NSO,Indicateurs,27552599,Appareil Agricole
RDS_DICT_INDICATORS_NSO,Indicateurs,22346816,Autres
RDS_DICT_INDICATORS_NSO,Indicateurs,22345816,Par  marque
RDS_DICT_INDICATORS_NSO,Indicateurs,22346916,Citroën
RDS_DICT_INDICATORS_NSO,Indicateurs,22347016,Fiat
RDS_DICT_INDICATORS_NSO,Indicateurs,22347116,Isuzu
RDS_DICT_INDICATORS_NSO,Indicateurs,22347216,Iveco
RDS_DICT_INDICATORS_NSO,Indicateurs,22347316,Mazda
RDS_DICT_INDICATORS_NSO,Indicateurs,22347416,Mitsubishi
RDS_DICT_INDICATORS_NSO,Indicateurs,22347516,Nissan
RDS_DICT_INDICATORS_NSO,Indicateurs,22347616,Opel
RDS_DICT_INDICATORS_NSO,Indicateurs,22347716,Peugeot
RDS_DICT_INDICATORS_NSO,Indicateurs,22347816,Renault
RDS_DICT_INDICATORS_NSO,Indicateurs,22347916,Toyota
RDS_DICT_INDICATORS_NSO,Indicateurs,22348016,Volkswagen
RDS_DICT_INDICATORS_NSO,Indicateurs,22348116,Volvo
RDS_DICT_INDICATORS_NSO,Indicateurs,22348216,Autres Marques
RDS_DICT_INDICATORS_NSO,Indicateurs,22348316,Ensemble des immatriculations des vehicules par catégorie et marque
RDS_DICT_INDICATORS_NSO,Indicateurs,22348416,Par Catégorie
RDS_DICT_INDICATORS_NSO,Indicateurs,22348616,Voitures de Tourisme et commerciales
RDS_DICT_INDICATORS_NSO,Indicateurs,22348716,Camions et Camionnettes
RDS_DICT_INDICATORS_NSO,Indicateurs,22348816,Autocars
RDS_DICT_INDICATORS_NSO,Indicateurs,27552619,Motos
RDS_DICT_INDICATORS_NSO,Indicateurs,22348916,TRAC   Tracteurs
RDS_DICT_INDICATORS_NSO,Indicateurs,22349016,Kubota
RDS_DICT_INDICATORS_NSO,Indicateurs,22349116,Landini
RDS_DICT_INDICATORS_NSO,Indicateurs,22349216,Massey Fergusson
RDS_DICT_INDICATORS_NSO,Indicateurs,22349316,Same
RDS_DICT_INDICATORS_NSO,Indicateurs,22349416,R Remorques et Semi-remorques
RDS_DICT_INDICATORS_NSO,Indicateurs,27552609,Appareil Agricole
RDS_DICT_INDICATORS_NSO,Indicateurs,22349516,Autres
RDS_DICT_INDICATORS_NSO,Indicateurs,22348516,Par marque
RDS_DICT_INDICATORS_NSO,Indicateurs,22349616,Citroën
RDS_DICT_INDICATORS_NSO,Indicateurs,22349716,Fiat
RDS_DICT_INDICATORS_NSO,Indicateurs,22349816,Isuzu
RDS_DICT_INDICATORS_NSO,Indicateurs,22349916,Iveco
RDS_DICT_INDICATORS_NSO,Indicateurs,22350016,Mazda
RDS_DICT_INDICATORS_NSO,Indicateurs,22350116,Mitsubishi
RDS_DICT_INDICATORS_NSO,Indicateurs,22350216,Nissan
RDS_DICT_INDICATORS_NSO,Indicateurs,22350316,Opel
RDS_DICT_INDICATORS_NSO,Indicateurs,22350416,Peugeot
RDS_DICT_INDICATORS_NSO,Indicateurs,22350516,Renault
RDS_DICT_INDICATORS_NSO,Indicateurs,22350616,Toyota
RDS_DICT_INDICATORS_NSO,Indicateurs,22350716,Volkswagen
RDS_DICT_INDICATORS_NSO,Indicateurs,22350816,Volvo
RDS_DICT_INDICATORS_NSO,Indicateurs,22350916,Autres Marques
RDS_DICT_INDICATORS_NSO,Indicateurs,22351016,Répartition du nombre des accidents par cause et milieu
RDS_DICT_INDICATORS_NSO,Indicateurs,22351116,Milieu Urbain
RDS_DICT_INDICATORS_NSO,Indicateurs,22351416,Fautes de conducteurs
RDS_DICT_INDICATORS_NSO,Indicateurs,22351516,Fautes de piétons
RDS_DICT_INDICATORS_NSO,Indicateurs,22351616,Défauts des moyens de transport
RDS_DICT_INDICATORS_NSO,Indicateurs,22351716,Etat de la route
RDS_DICT_INDICATORS_NSO,Indicateurs,22351816,Autres Causes
RDS_DICT_INDICATORS_NSO,Indicateurs,22351216,Milieu Rural
RDS_DICT_INDICATORS_NSO,Indicateurs,22351916,Fautes de conducteurs
RDS_DICT_INDICATORS_NSO,Indicateurs,22352016,Fautes de piétons
RDS_DICT_INDICATORS_NSO,Indicateurs,22352116,Défauts des moyens de transport
RDS_DICT_INDICATORS_NSO,Indicateurs,22352216,Etat de la route
RDS_DICT_INDICATORS_NSO,Indicateurs,22352316,Autres Causes
RDS_DICT_INDICATORS_NSO,Indicateurs,22351316,Total
RDS_DICT_INDICATORS_NSO,Indicateurs,22352416,Fautes de conducteurs
RDS_DICT_INDICATORS_NSO,Indicateurs,22352516,Fautes de piétons
RDS_DICT_INDICATORS_NSO,Indicateurs,22352616,Défauts des moyens de transport
RDS_DICT_INDICATORS_NSO,Indicateurs,22352716,Etat de la route
RDS_DICT_INDICATORS_NSO,Indicateurs,22352816,Autres Causes
RDS_DICT_INDICATORS_NSO,Indicateurs,22352916,Répartition du nombre des accidents et des victimes
RDS_DICT_INDICATORS_NSO,Indicateurs,22353016,Nombre d'accidents selon le jour de la semaine
RDS_DICT_INDICATORS_NSO,Indicateurs,22353116,Lundi
RDS_DICT_INDICATORS_NSO,Indicateurs,22353216,Mardi
RDS_DICT_INDICATORS_NSO,Indicateurs,22353316,Mercredi
RDS_DICT_INDICATORS_NSO,Indicateurs,22353416,Jeudi
RDS_DICT_INDICATORS_NSO,Indicateurs,22353516,Vendredi
RDS_DICT_INDICATORS_NSO,Indicateurs,22353616,Samedi
RDS_DICT_INDICATORS_NSO,Indicateurs,22353716,Dimanche
RDS_DICT_INDICATORS_NSO,Indicateurs,22354716,Total
RDS_DICT_INDICATORS_NSO,Indicateurs,22353816,Nombre de Blessés selon les jours de la semaine
RDS_DICT_INDICATORS_NSO,Indicateurs,22353916,Lundi
RDS_DICT_INDICATORS_NSO,Indicateurs,22354016,Mardi
RDS_DICT_INDICATORS_NSO,Indicateurs,22354116,Mercredi
RDS_DICT_INDICATORS_NSO,Indicateurs,22354216,Jeudi
RDS_DICT_INDICATORS_NSO,Indicateurs,22354316,Vendredi
RDS_DICT_INDICATORS_NSO,Indicateurs,22354416,Samedi
RDS_DICT_INDICATORS_NSO,Indicateurs,22354516,Dimanche
RDS_DICT_INDICATORS_NSO,Indicateurs,22354616,T o t a l
RDS_DICT_INDICATORS_NSO,Indicateurs,22354816,Nombre de tués selon le jour de la semaine
RDS_DICT_INDICATORS_NSO,Indicateurs,22354916,Lundi
RDS_DICT_INDICATORS_NSO,Indicateurs,22355016,Mardi
RDS_DICT_INDICATORS_NSO,Indicateurs,22355116,Mercredi
RDS_DICT_INDICATORS_NSO,Indicateurs,22355216,Jeudi
RDS_DICT_INDICATORS_NSO,Indicateurs,22355316,Vendredi
RDS_DICT_INDICATORS_NSO,Indicateurs,22355416,Samedi
RDS_DICT_INDICATORS_NSO,Indicateurs,22355516,Dimanche
RDS_DICT_INDICATORS_NSO,Indicateurs,22355616,T o t a l
RDS_DICT_INDICATORS_NSO,Indicateurs,22355716,Nombre d'accidents selon l'heure de l'accident
RDS_DICT_INDICATORS_NSO,Indicateurs,22355816,0 à 6h
RDS_DICT_INDICATORS_NSO,Indicateurs,22355916,6h à 12h
RDS_DICT_INDICATORS_NSO,Indicateurs,22356016,12h à 18h
RDS_DICT_INDICATORS_NSO,Indicateurs,22356116,18h à 24h
RDS_DICT_INDICATORS_NSO,Indicateurs,22356216,T o t a l
RDS_DICT_INDICATORS_NSO,Indicateurs,22356316,Nombre de Blessés selon l'heure de l'accident
RDS_DICT_INDICATORS_NSO,Indicateurs,22356516,0 à 6h
RDS_DICT_INDICATORS_NSO,Indicateurs,22356616,6h à 12h
RDS_DICT_INDICATORS_NSO,Indicateurs,22356716,12h à 18h
RDS_DICT_INDICATORS_NSO,Indicateurs,22356816,18h à 24h
RDS_DICT_INDICATORS_NSO,Indicateurs,22356916,T o t a l
RDS_DICT_INDICATORS_NSO,Indicateurs,22356416,Nombre de tués selon l'heure de l'accident
RDS_DICT_INDICATORS_NSO,Indicateurs,22357016,0 à 6h
RDS_DICT_INDICATORS_NSO,Indicateurs,22357116,6h à 12h
RDS_DICT_INDICATORS_NSO,Indicateurs,22357216,12h à 18h
RDS_DICT_INDICATORS_NSO,Indicateurs,22357316,18h à 24h
RDS_DICT_INDICATORS_NSO,Indicateurs,22357416,T o t a l
RDS_DICT_INDICATORS_NSO,Indicateurs,22357516,Evolution du nombre d'accidents par gouvernorat et par mois
RDS_DICT_INDICATORS_NSO,Indicateurs,22357616,Gouvernorats
RDS_DICT_INDICATORS_NSO,Indicateurs,22357716,Mois
RDS_DICT_INDICATORS_NSO,Indicateurs,22361416,Evolution du nombre des blessés par gouvernorat et par mois
RDS_DICT_INDICATORS_NSO,Indicateurs,22361516,Gouvernorats
RDS_DICT_INDICATORS_NSO,Indicateurs,22361616,Mois
RDS_DICT_INDICATORS_NSO,Indicateurs,22365916,Evolution du nombre des tues par gouvernorat et par mois
RDS_DICT_INDICATORS_NSO,Indicateurs,22366016,Gouvernorats
RDS_DICT_INDICATORS_NSO,Indicateurs,22366116,Mois
RDS_DICT_INDICATORS_NSO,Indicateurs,22369716,Transport ferroviaire en unité
RDS_DICT_INDICATORS_NSO,Indicateurs,22369816,Ensemble du réseau
RDS_DICT_INDICATORS_NSO,Indicateurs,22369916,Longueurs de lignes  exploitées par Km
RDS_DICT_INDICATORS_NSO,Indicateurs,22370016,Voie normale
RDS_DICT_INDICATORS_NSO,Indicateurs,22370116,Voie métrique
RDS_DICT_INDICATORS_NSO,Indicateurs,22370216,Longueurs de lignes non exploitées par Km
RDS_DICT_INDICATORS_NSO,Indicateurs,22370316,Voie normale
RDS_DICT_INDICATORS_NSO,Indicateurs,22370416,Voie métrique
RDS_DICT_INDICATORS_NSO,Indicateurs,22370516,Trafic
RDS_DICT_INDICATORS_NSO,Indicateurs,22370616,Voyageurs transportés
RDS_DICT_INDICATORS_NSO,Indicateurs,22371216,Parcours moyen d'un voyageur
RDS_DICT_INDICATORS_NSO,Indicateurs,22370716,Voyageurs Kilomètres
RDS_DICT_INDICATORS_NSO,Indicateurs,22370816,Wagons chargés
RDS_DICT_INDICATORS_NSO,Indicateurs,22370916,Tonnage expédié
RDS_DICT_INDICATORS_NSO,Indicateurs,22371016,Tonnes Kilomètres
RDS_DICT_INDICATORS_NSO,Indicateurs,22371116,Parcours de trains
RDS_DICT_INDICATORS_NSO,Indicateurs,22371316,Parcours moyen d'une tonne
RDS_DICT_INDICATORS_NSO,Indicateurs,22371416,Produit moyen
RDS_DICT_INDICATORS_NSO,Indicateurs,22371516,D'un voyageur Km.
RDS_DICT_INDICATORS_NSO,Indicateurs,22371616,D'une tonne Km.
RDS_DICT_INDICATORS_NSO,Indicateurs,22371716,Parcours des engins moteurs
RDS_DICT_INDICATORS_NSO,Indicateurs,22371816,Diesel & rames électriques
RDS_DICT_INDICATORS_NSO,Indicateurs,22371916,Autorails
RDS_DICT_INDICATORS_NSO,Indicateurs,22372016,Tonnage kilométrique brut ( ensemble du réseau)
RDS_DICT_INDICATORS_NSO,Indicateurs,22372116,Trains de voyageurs
RDS_DICT_INDICATORS_NSO,Indicateurs,22372216,Trains de marchandises
RDS_DICT_INDICATORS_NSO,Indicateurs,22372316,Trafic des voyageurs ( ensemble du réseau)
RDS_DICT_INDICATORS_NSO,Indicateurs,22372416,Grandes Lignes
RDS_DICT_INDICATORS_NSO,Indicateurs,22372716,Nombre de voyageurs
RDS_DICT_INDICATORS_NSO,Indicateurs,22372816,Voyageurs Kilomètres
RDS_DICT_INDICATORS_NSO,Indicateurs,22372916,Recettes
RDS_DICT_INDICATORS_NSO,Indicateurs,22372516,Suburb
RDS_DICT_INDICATORS_NSO,Indicateurs,22373016,Nombre de voyageurs
RDS_DICT_INDICATORS_NSO,Indicateurs,22373116,Voyageurs Kilomètres
RDS_DICT_INDICATORS_NSO,Indicateurs,22373216,Recettes
RDS_DICT_INDICATORS_NSO,Indicateurs,22372616,Total
RDS_DICT_INDICATORS_NSO,Indicateurs,22373316,Nombre de voyageurs
RDS_DICT_INDICATORS_NSO,Indicateurs,22373416,Voyageurs Kilomètres
RDS_DICT_INDICATORS_NSO,Indicateurs,22373516,Recettes
RDS_DICT_INDICATORS_NSO,Indicateurs,22373616,Situation du parc au 31 décembre ( ensemble du réseau)
RDS_DICT_INDICATORS_NSO,Indicateurs,22373716,Locomotive diesel
RDS_DICT_INDICATORS_NSO,Indicateurs,22373816,Voitures automotrices
RDS_DICT_INDICATORS_NSO,Indicateurs,22373916,Remorques automotrices
RDS_DICT_INDICATORS_NSO,Indicateurs,22374016,Voitures voyageurs et fourgons
RDS_DICT_INDICATORS_NSO,Indicateurs,22374116,Wagons
RDS_DICT_INDICATORS_NSO,Indicateurs,22374216,Wagons particuliers
RDS_DICT_INDICATORS_NSO,Indicateurs,22374316,Rames électriques
RDS_DICT_INDICATORS_NSO,Indicateurs,28759069,Rames électriques RFR
RDS_DICT_INDICATORS_NSO,Indicateurs,22374416,Résultat d'exploitation et parc (T. G. M. et Métro)
RDS_DICT_INDICATORS_NSO,Indicateurs,22374516,Tunis - Goulette - Marsa (T.G.M)
RDS_DICT_INDICATORS_NSO,Indicateurs,22374816,Résultats financiers
RDS_DICT_INDICATORS_NSO,Indicateurs,22375116,Recettes
RDS_DICT_INDICATORS_NSO,Indicateurs,22375216,Dépenses
RDS_DICT_INDICATORS_NSO,Indicateurs,22374916,Résultats d'exploitation
RDS_DICT_INDICATORS_NSO,Indicateurs,22375316,Longueur du réseau
RDS_DICT_INDICATORS_NSO,Indicateurs,22375416,Parcours des trains
RDS_DICT_INDICATORS_NSO,Indicateurs,22375516,Voyageurs transportés
RDS_DICT_INDICATORS_NSO,Indicateurs,22375016,Location of the park on December 31
RDS_DICT_INDICATORS_NSO,Indicateurs,22375616,Motrices
RDS_DICT_INDICATORS_NSO,Indicateurs,22375716,Remorques
RDS_DICT_INDICATORS_NSO,Indicateurs,22374616,B. Métro
RDS_DICT_INDICATORS_NSO,Indicateurs,22375816,Résultats financiers
RDS_DICT_INDICATORS_NSO,Indicateurs,22375916,Recettes
RDS_DICT_INDICATORS_NSO,Indicateurs,22376016,Dépenses
RDS_DICT_INDICATORS_NSO,Indicateurs,22376116,Résultats d'exploitation
RDS_DICT_INDICATORS_NSO,Indicateurs,22376216,Longueur du réseau
RDS_DICT_INDICATORS_NSO,Indicateurs,22376316,Parcours des trains
RDS_DICT_INDICATORS_NSO,Indicateurs,22376416,Voyageurs transportés
RDS_DICT_INDICATORS_NSO,Indicateurs,22376516,Situation du parc au 31 déc (Rames métro)
RDS_DICT_INDICATORS_NSO,Indicateurs,22374716,C. Ensemble
RDS_DICT_INDICATORS_NSO,Indicateurs,22376616,Résultats financiers
RDS_DICT_INDICATORS_NSO,Indicateurs,22376916,Recettes
RDS_DICT_INDICATORS_NSO,Indicateurs,22377016,Dépenses
RDS_DICT_INDICATORS_NSO,Indicateurs,22376716,Résultats d'exploitation
RDS_DICT_INDICATORS_NSO,Indicateurs,22377116,Longueur du réseau
RDS_DICT_INDICATORS_NSO,Indicateurs,22377216,Parcours des trains
RDS_DICT_INDICATORS_NSO,Indicateurs,22377316,Voyageurs transportés
RDS_DICT_INDICATORS_NSO,Indicateurs,22376816,Situation du parc au 31 déc.
RDS_DICT_INDICATORS_NSO,Indicateurs,22377416,Motrices
RDS_DICT_INDICATORS_NSO,Indicateurs,22377516,Remorques
RDS_DICT_INDICATORS_NSO,Indicateurs,22377616,Rames métro
RDS_DICT_INDICATORS_NSO,Indicateurs,27552629,Trafic des marchandises   (ensemble du réseau)
RDS_DICT_INDICATORS_NSO,Indicateurs,27552639,Grandes Vitesses
RDS_DICT_INDICATORS_NSO,Indicateurs,27553189,Poids en milliers de tonnes
RDS_DICT_INDICATORS_NSO,Indicateurs,27552649,"Bagages, petits colis et messageries"
RDS_DICT_INDICATORS_NSO,Indicateurs,27553199,Tonnes kilomètres en millions
RDS_DICT_INDICATORS_NSO,Indicateurs,27553219,"Bagages, petits colis et messageries"
RDS_DICT_INDICATORS_NSO,Indicateurs,27553209,Recettes en milliers de dinars
RDS_DICT_INDICATORS_NSO,Indicateurs,27553229,"Bagages, petits colis et messageries"
RDS_DICT_INDICATORS_NSO,Indicateurs,27552659,Petite Vitesse
RDS_DICT_INDICATORS_NSO,Indicateurs,27553239,Poids en milliers de tonnes
RDS_DICT_INDICATORS_NSO,Indicateurs,27552669,Céréales
RDS_DICT_INDICATORS_NSO,Indicateurs,27552679,Sucre brut
RDS_DICT_INDICATORS_NSO,Indicateurs,27552689,Sucre raffiné
RDS_DICT_INDICATORS_NSO,Indicateurs,27552699,Clinker
RDS_DICT_INDICATORS_NSO,Indicateurs,27552709,Ciment et Chaux
RDS_DICT_INDICATORS_NSO,Indicateurs,27552719,Autres matériaux de construction
RDS_DICT_INDICATORS_NSO,Indicateurs,27552729,Fer en béton
RDS_DICT_INDICATORS_NSO,Indicateurs,27552739,Billettes et autres métaux
RDS_DICT_INDICATORS_NSO,Indicateurs,27552749,Engrais
RDS_DICT_INDICATORS_NSO,Indicateurs,27552759,Soufre
RDS_DICT_INDICATORS_NSO,Indicateurs,27552769,Phosphates de chaux
RDS_DICT_INDICATORS_NSO,Indicateurs,27552779,Minerai de fer
RDS_DICT_INDICATORS_NSO,Indicateurs,27552789,Autres minerais
RDS_DICT_INDICATORS_NSO,Indicateurs,27552799,Produits énergétiques
RDS_DICT_INDICATORS_NSO,Indicateurs,27552809,Conteneurs maritimes
RDS_DICT_INDICATORS_NSO,Indicateurs,27552819,Autres marchandises
RDS_DICT_INDICATORS_NSO,Indicateurs,27552829,Transport en service
RDS_DICT_INDICATORS_NSO,Indicateurs,27553249,Tonnes kilomètres en millions
RDS_DICT_INDICATORS_NSO,Indicateurs,27553299,Céréales
RDS_DICT_INDICATORS_NSO,Indicateurs,27553309,Sucre brut
RDS_DICT_INDICATORS_NSO,Indicateurs,27553319,Sucre raffiné
RDS_DICT_INDICATORS_NSO,Indicateurs,27553329,Clinker
RDS_DICT_INDICATORS_NSO,Indicateurs,27553339,Ciment et Chaux
RDS_DICT_INDICATORS_NSO,Indicateurs,27553349,Autres matériaux de construction
RDS_DICT_INDICATORS_NSO,Indicateurs,27553359,Fer en béton
RDS_DICT_INDICATORS_NSO,Indicateurs,27553369,Billettes et autres métaux
RDS_DICT_INDICATORS_NSO,Indicateurs,27553379,Engrais
RDS_DICT_INDICATORS_NSO,Indicateurs,27553389,Soufre
RDS_DICT_INDICATORS_NSO,Indicateurs,27553399,Phosphates de chaux
RDS_DICT_INDICATORS_NSO,Indicateurs,27553409,Minerai de fer
RDS_DICT_INDICATORS_NSO,Indicateurs,27553419,Autres minerais
RDS_DICT_INDICATORS_NSO,Indicateurs,27553429,Produits énergétiques
RDS_DICT_INDICATORS_NSO,Indicateurs,27553439,Conteneurs maritimes
RDS_DICT_INDICATORS_NSO,Indicateurs,27553449,Autres marchandises
RDS_DICT_INDICATORS_NSO,Indicateurs,27553459,Transport en service
RDS_DICT_INDICATORS_NSO,Indicateurs,27553259,Recettes en milliers de dinars
RDS_DICT_INDICATORS_NSO,Indicateurs,27553469,Céréales
RDS_DICT_INDICATORS_NSO,Indicateurs,27553479,Sucre brut
RDS_DICT_INDICATORS_NSO,Indicateurs,27553489,Sucre raffiné
RDS_DICT_INDICATORS_NSO,Indicateurs,27553499,Clinker
RDS_DICT_INDICATORS_NSO,Indicateurs,27553509,Ciment et Chaux
RDS_DICT_INDICATORS_NSO,Indicateurs,27553519,Autres matériaux de construction
RDS_DICT_INDICATORS_NSO,Indicateurs,27553529,Fer en béton
RDS_DICT_INDICATORS_NSO,Indicateurs,27553539,Billettes et autres métaux
RDS_DICT_INDICATORS_NSO,Indicateurs,27553549,Engrais
RDS_DICT_INDICATORS_NSO,Indicateurs,27553559,Soufre
RDS_DICT_INDICATORS_NSO,Indicateurs,27553569,Phosphates de chaux
RDS_DICT_INDICATORS_NSO,Indicateurs,27553579,Minerai de fer
RDS_DICT_INDICATORS_NSO,Indicateurs,27553589,Autres minerais
RDS_DICT_INDICATORS_NSO,Indicateurs,27553599,Produits énergétiques
RDS_DICT_INDICATORS_NSO,Indicateurs,27553609,Conteneurs maritimes
RDS_DICT_INDICATORS_NSO,Indicateurs,27553619,Autres marchandises
RDS_DICT_INDICATORS_NSO,Indicateurs,27553629,Transport en service
RDS_DICT_INDICATORS_NSO,Indicateurs,27552839,Camionnage
RDS_DICT_INDICATORS_NSO,Indicateurs,27553269,Poids en milliers de tonnes
RDS_DICT_INDICATORS_NSO,Indicateurs,27553279,Tonnes kilomètres en millions
RDS_DICT_INDICATORS_NSO,Indicateurs,27553289,Recettes en milliers de dinars
RDS_DICT_INDICATORS_NSO,Indicateurs,27553639,Total des marchandises
RDS_DICT_INDICATORS_NSO,Indicateurs,27553649,Poids en milliers de tonnes
RDS_DICT_INDICATORS_NSO,Indicateurs,27553659,Tonnes kilomètres en millions
RDS_DICT_INDICATORS_NSO,Indicateurs,27553669,Recettes en milliers de dinars
RDS_DICT_INDICATORS_NSO,Indicateurs,22377716,Transport aérien
RDS_DICT_INDICATORS_NSO,Indicateurs,22377816,Mouvement général des aéroports ( trafic commercial )
RDS_DICT_INDICATORS_NSO,Indicateurs,22378316,Nombre de vols (le vol)
RDS_DICT_INDICATORS_NSO,Indicateurs,22378716,Arrivée
RDS_DICT_INDICATORS_NSO,Indicateurs,22378816,Départ
RDS_DICT_INDICATORS_NSO,Indicateurs,22378416,Passagers
RDS_DICT_INDICATORS_NSO,Indicateurs,22378916,Arrivée
RDS_DICT_INDICATORS_NSO,Indicateurs,22379016,Départ
RDS_DICT_INDICATORS_NSO,Indicateurs,22379116,Transit
RDS_DICT_INDICATORS_NSO,Indicateurs,22378516,Fret
RDS_DICT_INDICATORS_NSO,Indicateurs,22379216,Débarquées
RDS_DICT_INDICATORS_NSO,Indicateurs,22379316,Embarquées
RDS_DICT_INDICATORS_NSO,Indicateurs,22378616,Poste
RDS_DICT_INDICATORS_NSO,Indicateurs,22379416,Arrivée
RDS_DICT_INDICATORS_NSO,Indicateurs,22379516,Départ
RDS_DICT_INDICATORS_NSO,Indicateurs,22377916,Répartition du trafic commercial mouvements d’avions par relations
RDS_DICT_INDICATORS_NSO,Indicateurs,22379616,Intérieur
RDS_DICT_INDICATORS_NSO,Indicateurs,27552849,Pays d'afrique
RDS_DICT_INDICATORS_NSO,Indicateurs,22379716,Algérie
RDS_DICT_INDICATORS_NSO,Indicateurs,22379816,Maroc
RDS_DICT_INDICATORS_NSO,Indicateurs,22379916,Libye
RDS_DICT_INDICATORS_NSO,Indicateurs,22380016,Sénégal
RDS_DICT_INDICATORS_NSO,Indicateurs,22380116,Autres pays (Afrique)
RDS_DICT_INDICATORS_NSO,Indicateurs,22380216,Egypte
RDS_DICT_INDICATORS_NSO,Indicateurs,27552859,Algérie - Maroc
RDS_DICT_INDICATORS_NSO,Indicateurs,27552869,Moyen - Orient
RDS_DICT_INDICATORS_NSO,Indicateurs,22380316,Arabie Saoudite
RDS_DICT_INDICATORS_NSO,Indicateurs,22380416,Autres pays (Moyen Orient)
RDS_DICT_INDICATORS_NSO,Indicateurs,27552879,Pays d'Europe
RDS_DICT_INDICATORS_NSO,Indicateurs,27552919,France - Espagne - Angleterre
RDS_DICT_INDICATORS_NSO,Indicateurs,27552899,Suisse - Italie - Autriche -
RDS_DICT_INDICATORS_NSO,Indicateurs,27552909,Suède -Danemark - Norvège -
RDS_DICT_INDICATORS_NSO,Indicateurs,22380816,Italie
RDS_DICT_INDICATORS_NSO,Indicateurs,22380916,Suisse
RDS_DICT_INDICATORS_NSO,Indicateurs,22380516,France
RDS_DICT_INDICATORS_NSO,Indicateurs,22380716,Angleterre
RDS_DICT_INDICATORS_NSO,Indicateurs,22381116,Suède
RDS_DICT_INDICATORS_NSO,Indicateurs,22381016,Belgique
RDS_DICT_INDICATORS_NSO,Indicateurs,22381416,Espagne
RDS_DICT_INDICATORS_NSO,Indicateurs,22381516,Hollande - Luxembourg
RDS_DICT_INDICATORS_NSO,Indicateurs,22381316,Autriche
RDS_DICT_INDICATORS_NSO,Indicateurs,22381916,Yougoslavie
RDS_DICT_INDICATORS_NSO,Indicateurs,22380616,Allemagne
RDS_DICT_INDICATORS_NSO,Indicateurs,22381216,Danemark
RDS_DICT_INDICATORS_NSO,Indicateurs,22382116,Tchec-slovaquia
RDS_DICT_INDICATORS_NSO,Indicateurs,22382016,Pologne
RDS_DICT_INDICATORS_NSO,Indicateurs,22381616,Norvège - Finlande
RDS_DICT_INDICATORS_NSO,Indicateurs,22382216,Autres pays (Europe)
RDS_DICT_INDICATORS_NSO,Indicateurs,27552889,Pays d'asie
RDS_DICT_INDICATORS_NSO,Indicateurs,22381816,Russie
RDS_DICT_INDICATORS_NSO,Indicateurs,22382316,Diverses relations
RDS_DICT_INDICATORS_NSO,Indicateurs,22378016,Répartition du trafic  commercial des passagers
RDS_DICT_INDICATORS_NSO,Indicateurs,22382416,Intérieur
RDS_DICT_INDICATORS_NSO,Indicateurs,27552929,Pays d'afrique
RDS_DICT_INDICATORS_NSO,Indicateurs,22382516,Algérie
RDS_DICT_INDICATORS_NSO,Indicateurs,22382616,Maroc
RDS_DICT_INDICATORS_NSO,Indicateurs,22382716,Libye
RDS_DICT_INDICATORS_NSO,Indicateurs,22382816,Sénégal
RDS_DICT_INDICATORS_NSO,Indicateurs,22382916,Autres pays (Afrique)
RDS_DICT_INDICATORS_NSO,Indicateurs,22383016,Egypte
RDS_DICT_INDICATORS_NSO,Indicateurs,27552939,Algérie - Maroc
RDS_DICT_INDICATORS_NSO,Indicateurs,27552949,Moyen - Orient
RDS_DICT_INDICATORS_NSO,Indicateurs,22383116,Arabie Saoudite
RDS_DICT_INDICATORS_NSO,Indicateurs,22383216,Autres pays (Moyen Orient)
RDS_DICT_INDICATORS_NSO,Indicateurs,27552959,Pays d'Europe
RDS_DICT_INDICATORS_NSO,Indicateurs,27552969,France - Espagne - Angleterre
RDS_DICT_INDICATORS_NSO,Indicateurs,27552979,Suisse - Italie - Autriche -
RDS_DICT_INDICATORS_NSO,Indicateurs,27552989,Suède -Danemark - Norvège
RDS_DICT_INDICATORS_NSO,Indicateurs,22383316,France
RDS_DICT_INDICATORS_NSO,Indicateurs,22383416,Allemagne
RDS_DICT_INDICATORS_NSO,Indicateurs,22383516,Angleterre
RDS_DICT_INDICATORS_NSO,Indicateurs,22383616,Italie
RDS_DICT_INDICATORS_NSO,Indicateurs,22383716,Suisse
RDS_DICT_INDICATORS_NSO,Indicateurs,22383816,Belgique
RDS_DICT_INDICATORS_NSO,Indicateurs,22383916,Suède
RDS_DICT_INDICATORS_NSO,Indicateurs,22384016,Danemark
RDS_DICT_INDICATORS_NSO,Indicateurs,22384116,Autriche
RDS_DICT_INDICATORS_NSO,Indicateurs,22384216,Espagne
RDS_DICT_INDICATORS_NSO,Indicateurs,22384316,Hollande - Luxembourg
RDS_DICT_INDICATORS_NSO,Indicateurs,22384416,Norvège - Finlande
RDS_DICT_INDICATORS_NSO,Indicateurs,22384716,Yougoslavie
RDS_DICT_INDICATORS_NSO,Indicateurs,22384816,Pologne
RDS_DICT_INDICATORS_NSO,Indicateurs,22384916,Tchec-slovaquia
RDS_DICT_INDICATORS_NSO,Indicateurs,22384516,Autres pays (Europe)
RDS_DICT_INDICATORS_NSO,Indicateurs,27552999,Pays d'asie
RDS_DICT_INDICATORS_NSO,Indicateurs,22384616,Russie
RDS_DICT_INDICATORS_NSO,Indicateurs,22385116,Diverses relations
RDS_DICT_INDICATORS_NSO,Indicateurs,22378116,Répartition du trafic  commercial fret par relations
RDS_DICT_INDICATORS_NSO,Indicateurs,22385216,Intérieur
RDS_DICT_INDICATORS_NSO,Indicateurs,27553009,Pays d'afrique
RDS_DICT_INDICATORS_NSO,Indicateurs,27553019,Algérie - Maroc
RDS_DICT_INDICATORS_NSO,Indicateurs,22385316,Algérie
RDS_DICT_INDICATORS_NSO,Indicateurs,22385416,Maroc
RDS_DICT_INDICATORS_NSO,Indicateurs,22385516,Libye
RDS_DICT_INDICATORS_NSO,Indicateurs,22385816,Egypte
RDS_DICT_INDICATORS_NSO,Indicateurs,22385616,Sénégal
RDS_DICT_INDICATORS_NSO,Indicateurs,22385716,Autres pays (Afrique)
RDS_DICT_INDICATORS_NSO,Indicateurs,27553029,Moyen - Orient
RDS_DICT_INDICATORS_NSO,Indicateurs,22385916,Arabie Saoudite
RDS_DICT_INDICATORS_NSO,Indicateurs,22386016,Autres pays (Moyen Orient)
RDS_DICT_INDICATORS_NSO,Indicateurs,27553039,Pays d'Europe
RDS_DICT_INDICATORS_NSO,Indicateurs,27553049,France - Espagne - Angleterre
RDS_DICT_INDICATORS_NSO,Indicateurs,27553059,Suisse - Italie - Autriche -
RDS_DICT_INDICATORS_NSO,Indicateurs,27553069,Suède -Danemark - Norvège
RDS_DICT_INDICATORS_NSO,Indicateurs,22386116,France
RDS_DICT_INDICATORS_NSO,Indicateurs,22386216,Allemagne
RDS_DICT_INDICATORS_NSO,Indicateurs,22386316,Angleterre
RDS_DICT_INDICATORS_NSO,Indicateurs,22386416,Italie
RDS_DICT_INDICATORS_NSO,Indicateurs,22386516,Suisse
RDS_DICT_INDICATORS_NSO,Indicateurs,22386616,Belgique
RDS_DICT_INDICATORS_NSO,Indicateurs,22386716,Danemark
RDS_DICT_INDICATORS_NSO,Indicateurs,22386816,Autriche
RDS_DICT_INDICATORS_NSO,Indicateurs,22386916,Espagne
RDS_DICT_INDICATORS_NSO,Indicateurs,22387016,Hollande - Luxembourg
RDS_DICT_INDICATORS_NSO,Indicateurs,22387116,Norvège - Finlande
RDS_DICT_INDICATORS_NSO,Indicateurs,22387416,Yougoslavie
RDS_DICT_INDICATORS_NSO,Indicateurs,27553679,Estanbul
RDS_DICT_INDICATORS_NSO,Indicateurs,22387216,Autres pays (Europe)
RDS_DICT_INDICATORS_NSO,Indicateurs,22387516,Pologne
RDS_DICT_INDICATORS_NSO,Indicateurs,22387616,Tchec-slovaquia
RDS_DICT_INDICATORS_NSO,Indicateurs,27553079,Pays d'asie
RDS_DICT_INDICATORS_NSO,Indicateurs,22387316,Russie
RDS_DICT_INDICATORS_NSO,Indicateurs,22387816,Diverses relations
RDS_DICT_INDICATORS_NSO,Indicateurs,22378216,Répartition du trafic  commercial postal par relations
RDS_DICT_INDICATORS_NSO,Indicateurs,22387916,Intérieur
RDS_DICT_INDICATORS_NSO,Indicateurs,27553089,Pays d'afrique
RDS_DICT_INDICATORS_NSO,Indicateurs,27553099,Algérie - Maroc
RDS_DICT_INDICATORS_NSO,Indicateurs,22388016,Algérie
RDS_DICT_INDICATORS_NSO,Indicateurs,22388116,Maroc
RDS_DICT_INDICATORS_NSO,Indicateurs,22388216,Libye
RDS_DICT_INDICATORS_NSO,Indicateurs,22388516,Egypte
RDS_DICT_INDICATORS_NSO,Indicateurs,22388316,Sénégal
RDS_DICT_INDICATORS_NSO,Indicateurs,22388416,Autres pays (Afrique)
RDS_DICT_INDICATORS_NSO,Indicateurs,27553109,Moyen - Orient
RDS_DICT_INDICATORS_NSO,Indicateurs,22388616,Arabie Saoudite
RDS_DICT_INDICATORS_NSO,Indicateurs,22388716,Autres pays (Moyen Orient)
RDS_DICT_INDICATORS_NSO,Indicateurs,27553119,Pays d'Europe
RDS_DICT_INDICATORS_NSO,Indicateurs,27553129,France - Espagne - Angleterre
RDS_DICT_INDICATORS_NSO,Indicateurs,27553139,Suisse - Italie - Autriche -
RDS_DICT_INDICATORS_NSO,Indicateurs,27553149,Suède -Danemark - Norvège -
RDS_DICT_INDICATORS_NSO,Indicateurs,22388816,France
RDS_DICT_INDICATORS_NSO,Indicateurs,22388916,Allemagne
RDS_DICT_INDICATORS_NSO,Indicateurs,22389016,Angleterre
RDS_DICT_INDICATORS_NSO,Indicateurs,22389116,Italie
RDS_DICT_INDICATORS_NSO,Indicateurs,22389216,Suisse
RDS_DICT_INDICATORS_NSO,Indicateurs,22389316,Belgique
RDS_DICT_INDICATORS_NSO,Indicateurs,22389416,Danemark
RDS_DICT_INDICATORS_NSO,Indicateurs,22389516,Autriche
RDS_DICT_INDICATORS_NSO,Indicateurs,22389616,Espagne
RDS_DICT_INDICATORS_NSO,Indicateurs,22389716,Hollande - Luxembourg
RDS_DICT_INDICATORS_NSO,Indicateurs,27553689,Estanbul
RDS_DICT_INDICATORS_NSO,Indicateurs,22389916,Autres pays (Europe)
RDS_DICT_INDICATORS_NSO,Indicateurs,27553159,Pays d'asie
RDS_DICT_INDICATORS_NSO,Indicateurs,22390016,Russie
RDS_DICT_INDICATORS_NSO,Indicateurs,22390316,Diverses relations
RDS_DICT_INDICATORS_NSO,Indicateurs,22390416,Tansport maritime
RDS_DICT_INDICATORS_NSO,Indicateurs,22390516,Mouvement général du trafic maritime (ensemble des ports)
RDS_DICT_INDICATORS_NSO,Indicateurs,22390616,Nombre de navires
RDS_DICT_INDICATORS_NSO,Indicateurs,22391016,Entrées et sorties en nbre
RDS_DICT_INDICATORS_NSO,Indicateurs,22391116,Tonneaux de jauge brute
RDS_DICT_INDICATORS_NSO,Indicateurs,22390716,Passagers
RDS_DICT_INDICATORS_NSO,Indicateurs,22391216,Nombre d'entrées
RDS_DICT_INDICATORS_NSO,Indicateurs,22391316,Nombre de sorties
RDS_DICT_INDICATORS_NSO,Indicateurs,22390816,Marchandises débarquées
RDS_DICT_INDICATORS_NSO,Indicateurs,22391416,Céréales
RDS_DICT_INDICATORS_NSO,Indicateurs,22392116,Bois et ouvrages en bois
RDS_DICT_INDICATORS_NSO,Indicateurs,22391516,Huiles et corps gras
RDS_DICT_INDICATORS_NSO,Indicateurs,22391616,Sucre
RDS_DICT_INDICATORS_NSO,Indicateurs,22391716,Produits sidérurgiques
RDS_DICT_INDICATORS_NSO,Indicateurs,22391816,Ammoniac
RDS_DICT_INDICATORS_NSO,Indicateurs,22391916,Soufre(solide et liquide)
RDS_DICT_INDICATORS_NSO,Indicateurs,22392016,Pâte à papier et papier
RDS_DICT_INDICATORS_NSO,Indicateurs,22392216,Minerais métalliques
RDS_DICT_INDICATORS_NSO,Indicateurs,22392316,Combustibles solides
RDS_DICT_INDICATORS_NSO,Indicateurs,22392416,Produits pétroliers
RDS_DICT_INDICATORS_NSO,Indicateurs,22392516,Tourteaux de Soja
RDS_DICT_INDICATORS_NSO,Indicateurs,22392616,Marbre
RDS_DICT_INDICATORS_NSO,Indicateurs,22392716,Granule de marbre
RDS_DICT_INDICATORS_NSO,Indicateurs,22392816,Autres marchandises
RDS_DICT_INDICATORS_NSO,Indicateurs,22390916,Marchandises embarquées
RDS_DICT_INDICATORS_NSO,Indicateurs,22392916,Huiles et corps gras
RDS_DICT_INDICATORS_NSO,Indicateurs,22393016,Clinker
RDS_DICT_INDICATORS_NSO,Indicateurs,22393116,Ciment
RDS_DICT_INDICATORS_NSO,Indicateurs,22393216,Acides phosphoriques
RDS_DICT_INDICATORS_NSO,Indicateurs,22393316,Super et D.C.P.
RDS_DICT_INDICATORS_NSO,Indicateurs,22393416,D. A. P
RDS_DICT_INDICATORS_NSO,Indicateurs,22393516,Ammonitrate
RDS_DICT_INDICATORS_NSO,Indicateurs,22393616,Phosphate de Chaux
RDS_DICT_INDICATORS_NSO,Indicateurs,22393716,Minerais métalliques
RDS_DICT_INDICATORS_NSO,Indicateurs,22393816,Sel
RDS_DICT_INDICATORS_NSO,Indicateurs,22393916,Produits pétroliers
RDS_DICT_INDICATORS_NSO,Indicateurs,22394016,Grignons d'olives
RDS_DICT_INDICATORS_NSO,Indicateurs,22394116,Marbre
RDS_DICT_INDICATORS_NSO,Indicateurs,22394216,Phosphate triple
RDS_DICT_INDICATORS_NSO,Indicateurs,22394316,Autres marchandises
RDS_DICT_INDICATORS_NSO,Indicateurs,22394416,Mouvement dans les principaux ports
RDS_DICT_INDICATORS_NSO,Indicateurs,22394516,Tunis Goulette Radès
RDS_DICT_INDICATORS_NSO,Indicateurs,22395216,Nombre de navires
RDS_DICT_INDICATORS_NSO,Indicateurs,22395616,Entrées et Sorties
RDS_DICT_INDICATORS_NSO,Indicateurs,22395716,Tonneaux de jauge brute
RDS_DICT_INDICATORS_NSO,Indicateurs,22395316,Passagers
RDS_DICT_INDICATORS_NSO,Indicateurs,22395816,Nombre d'entrées
RDS_DICT_INDICATORS_NSO,Indicateurs,22395916,Nombre de sorties
RDS_DICT_INDICATORS_NSO,Indicateurs,22395416,Marchandises débarquées
RDS_DICT_INDICATORS_NSO,Indicateurs,22396016,Céréales
RDS_DICT_INDICATORS_NSO,Indicateurs,22396116,Bois et ouvrages en bois
RDS_DICT_INDICATORS_NSO,Indicateurs,22396216,Huiles et corps gras
RDS_DICT_INDICATORS_NSO,Indicateurs,22396316,Sucre
RDS_DICT_INDICATORS_NSO,Indicateurs,22396416,Produits sidérurgiques
RDS_DICT_INDICATORS_NSO,Indicateurs,22396616,Soufre(solide et liquide)
RDS_DICT_INDICATORS_NSO,Indicateurs,22396716,Pâte à papier et papier
RDS_DICT_INDICATORS_NSO,Indicateurs,22396816,Minerais métalliques
RDS_DICT_INDICATORS_NSO,Indicateurs,22396916,Combustibles solides
RDS_DICT_INDICATORS_NSO,Indicateurs,22397016,Produits pétroliers
RDS_DICT_INDICATORS_NSO,Indicateurs,22397116,Tourteaux de Soja
RDS_DICT_INDICATORS_NSO,Indicateurs,22397216,Marbre
RDS_DICT_INDICATORS_NSO,Indicateurs,22397316,Granule de marbre
RDS_DICT_INDICATORS_NSO,Indicateurs,22397416,Autres marchandises
RDS_DICT_INDICATORS_NSO,Indicateurs,22395516,Marchandises embarquées
RDS_DICT_INDICATORS_NSO,Indicateurs,22397516,Huiles et corps gras
RDS_DICT_INDICATORS_NSO,Indicateurs,22397616,Clinker
RDS_DICT_INDICATORS_NSO,Indicateurs,22397716,Ciment
RDS_DICT_INDICATORS_NSO,Indicateurs,22398316,Minerais métalliques
RDS_DICT_INDICATORS_NSO,Indicateurs,22398416,Sel
RDS_DICT_INDICATORS_NSO,Indicateurs,22398516,Produits pétroliers
RDS_DICT_INDICATORS_NSO,Indicateurs,22398916,Autres marchandises
RDS_DICT_INDICATORS_NSO,Indicateurs,22394616,Bizerte
RDS_DICT_INDICATORS_NSO,Indicateurs,22399016,Nombre de navires
RDS_DICT_INDICATORS_NSO,Indicateurs,22399416,Entrées et Sorties
RDS_DICT_INDICATORS_NSO,Indicateurs,22399516,Tonneaux de jauge brute
RDS_DICT_INDICATORS_NSO,Indicateurs,22399116,Passagers
RDS_DICT_INDICATORS_NSO,Indicateurs,22399616,Nombre d'entrées
RDS_DICT_INDICATORS_NSO,Indicateurs,22399716,Nombre de sorties
RDS_DICT_INDICATORS_NSO,Indicateurs,22399216,Marchandises débarquées
RDS_DICT_INDICATORS_NSO,Indicateurs,22399816,Céréales
RDS_DICT_INDICATORS_NSO,Indicateurs,22399916,Bois et ouvrages en bois
RDS_DICT_INDICATORS_NSO,Indicateurs,22400016,Huiles et corps gras
RDS_DICT_INDICATORS_NSO,Indicateurs,22400116,Sucre
RDS_DICT_INDICATORS_NSO,Indicateurs,22400216,Produits sidérurgiques
RDS_DICT_INDICATORS_NSO,Indicateurs,22400416,Soufre(solide et liquide)
RDS_DICT_INDICATORS_NSO,Indicateurs,22400516,Pâte à papier et papier
RDS_DICT_INDICATORS_NSO,Indicateurs,22400616,Minerais métalliques
RDS_DICT_INDICATORS_NSO,Indicateurs,22400716,Combustibles solides
RDS_DICT_INDICATORS_NSO,Indicateurs,22400816,Produits pétroliers
RDS_DICT_INDICATORS_NSO,Indicateurs,22400916,Tourteaux de Soja
RDS_DICT_INDICATORS_NSO,Indicateurs,22401016,Marbre
RDS_DICT_INDICATORS_NSO,Indicateurs,22401116,Granule de marbre
RDS_DICT_INDICATORS_NSO,Indicateurs,22401216,Autres marchandises
RDS_DICT_INDICATORS_NSO,Indicateurs,22399316,Marchandises embarquées
RDS_DICT_INDICATORS_NSO,Indicateurs,22401316,Huiles et corps gras
RDS_DICT_INDICATORS_NSO,Indicateurs,22401416,Clinker
RDS_DICT_INDICATORS_NSO,Indicateurs,22401516,Ciment
RDS_DICT_INDICATORS_NSO,Indicateurs,22401916,Ammonitrate
RDS_DICT_INDICATORS_NSO,Indicateurs,22402116,Minerais métalliques
RDS_DICT_INDICATORS_NSO,Indicateurs,22402316,Produits pétroliers
RDS_DICT_INDICATORS_NSO,Indicateurs,22402516,Marbre
RDS_DICT_INDICATORS_NSO,Indicateurs,22402716,Autres marchandises
RDS_DICT_INDICATORS_NSO,Indicateurs,22394716,Sfax
RDS_DICT_INDICATORS_NSO,Indicateurs,22402816,Nombre de navires
RDS_DICT_INDICATORS_NSO,Indicateurs,22403216,Entrées et Sorties
RDS_DICT_INDICATORS_NSO,Indicateurs,22403316,Tonneaux de jauge brute
RDS_DICT_INDICATORS_NSO,Indicateurs,22402916,Passagers
RDS_DICT_INDICATORS_NSO,Indicateurs,22403416,Nombre d'entrées
RDS_DICT_INDICATORS_NSO,Indicateurs,22403516,Nombre de sorties
RDS_DICT_INDICATORS_NSO,Indicateurs,22403016,Marchandises débarquées
RDS_DICT_INDICATORS_NSO,Indicateurs,22403616,Céréales
RDS_DICT_INDICATORS_NSO,Indicateurs,22403716,Bois et ouvrages en bois
RDS_DICT_INDICATORS_NSO,Indicateurs,22403816,Huiles et corps gras
RDS_DICT_INDICATORS_NSO,Indicateurs,22403916,Sucre
RDS_DICT_INDICATORS_NSO,Indicateurs,22404016,Produits sidérurgiques
RDS_DICT_INDICATORS_NSO,Indicateurs,22404116,Ammoniac
RDS_DICT_INDICATORS_NSO,Indicateurs,22404216,Soufre(solide et liquide)
RDS_DICT_INDICATORS_NSO,Indicateurs,22404316,Pâte à papier et papier
RDS_DICT_INDICATORS_NSO,Indicateurs,22404416,Minerais métalliques
RDS_DICT_INDICATORS_NSO,Indicateurs,22404516,Combustibles solides
RDS_DICT_INDICATORS_NSO,Indicateurs,22404616,Produits pétroliers
RDS_DICT_INDICATORS_NSO,Indicateurs,22404716,Tourteaux de Soja
RDS_DICT_INDICATORS_NSO,Indicateurs,22404816,Marbre
RDS_DICT_INDICATORS_NSO,Indicateurs,22404916,Granule de marbre
RDS_DICT_INDICATORS_NSO,Indicateurs,22405016,Autres marchandises
RDS_DICT_INDICATORS_NSO,Indicateurs,22410716,Marchandises embarquées
RDS_DICT_INDICATORS_NSO,Indicateurs,22412716,Huiles et corps gras
RDS_DICT_INDICATORS_NSO,Indicateurs,22412816,Clinker
RDS_DICT_INDICATORS_NSO,Indicateurs,22412916,Ciment
RDS_DICT_INDICATORS_NSO,Indicateurs,22413016,Acides phosphoriques
RDS_DICT_INDICATORS_NSO,Indicateurs,22413116,Super et D.C.P.
RDS_DICT_INDICATORS_NSO,Indicateurs,22413216,D. A. P
RDS_DICT_INDICATORS_NSO,Indicateurs,22413316,Ammonitrate
RDS_DICT_INDICATORS_NSO,Indicateurs,22413416,Phosphate de Chaux
RDS_DICT_INDICATORS_NSO,Indicateurs,22413616,Sel
RDS_DICT_INDICATORS_NSO,Indicateurs,22413716,Produits pétroliers
RDS_DICT_INDICATORS_NSO,Indicateurs,22413816,Grignons d'olives
RDS_DICT_INDICATORS_NSO,Indicateurs,22413916,Marbre
RDS_DICT_INDICATORS_NSO,Indicateurs,22414016,Phosphate triple
RDS_DICT_INDICATORS_NSO,Indicateurs,22414116,Autres marchandises
RDS_DICT_INDICATORS_NSO,Indicateurs,22394816,Sousse
RDS_DICT_INDICATORS_NSO,Indicateurs,22406616,Nombre de navires
RDS_DICT_INDICATORS_NSO,Indicateurs,22407016,Entrées et Sorties
RDS_DICT_INDICATORS_NSO,Indicateurs,22407116,Tonneaux de jauge brute
RDS_DICT_INDICATORS_NSO,Indicateurs,22406716,Passagers
RDS_DICT_INDICATORS_NSO,Indicateurs,22407216,Nombre d'entrées
RDS_DICT_INDICATORS_NSO,Indicateurs,22407316,Nombre de sorties
RDS_DICT_INDICATORS_NSO,Indicateurs,22406816,Marchandises débarquées
RDS_DICT_INDICATORS_NSO,Indicateurs,22407416,Céréales
RDS_DICT_INDICATORS_NSO,Indicateurs,22407516,Bois et ouvrages en bois
RDS_DICT_INDICATORS_NSO,Indicateurs,22407616,Huiles et corps gras
RDS_DICT_INDICATORS_NSO,Indicateurs,22407716,Sucre
RDS_DICT_INDICATORS_NSO,Indicateurs,22407816,Produits sidérurgiques
RDS_DICT_INDICATORS_NSO,Indicateurs,22407916,Ammoniac
RDS_DICT_INDICATORS_NSO,Indicateurs,22408016,Soufre(solide et liquide)
RDS_DICT_INDICATORS_NSO,Indicateurs,22408116,Pâte à papier et papier
RDS_DICT_INDICATORS_NSO,Indicateurs,22408216,Minerais métalliques
RDS_DICT_INDICATORS_NSO,Indicateurs,22408416,Produits pétroliers
RDS_DICT_INDICATORS_NSO,Indicateurs,22408516,Tourteaux de Soja
RDS_DICT_INDICATORS_NSO,Indicateurs,22408616,Marbre
RDS_DICT_INDICATORS_NSO,Indicateurs,22408716,Granule de marbre
RDS_DICT_INDICATORS_NSO,Indicateurs,22408816,Autres marchandises
RDS_DICT_INDICATORS_NSO,Indicateurs,22406916,Marchandises embarquées
RDS_DICT_INDICATORS_NSO,Indicateurs,22408916,Huiles et corps gras
RDS_DICT_INDICATORS_NSO,Indicateurs,22409016,Clinker
RDS_DICT_INDICATORS_NSO,Indicateurs,22409116,Ciment
RDS_DICT_INDICATORS_NSO,Indicateurs,22409316,Super et D.C.P.
RDS_DICT_INDICATORS_NSO,Indicateurs,22409616,Phosphate de Chaux
RDS_DICT_INDICATORS_NSO,Indicateurs,22409716,Minerais métalliques
RDS_DICT_INDICATORS_NSO,Indicateurs,22409816,Sel
RDS_DICT_INDICATORS_NSO,Indicateurs,22410016,Grignons d'olives
RDS_DICT_INDICATORS_NSO,Indicateurs,22410116,Marbre
RDS_DICT_INDICATORS_NSO,Indicateurs,22410316,Autres marchandises
RDS_DICT_INDICATORS_NSO,Indicateurs,22394916,Gabès
RDS_DICT_INDICATORS_NSO,Indicateurs,22410416,Nombre de navires
RDS_DICT_INDICATORS_NSO,Indicateurs,22410816,Entrées et Sorties
RDS_DICT_INDICATORS_NSO,Indicateurs,22410916,Tonneaux de jauge brute
RDS_DICT_INDICATORS_NSO,Indicateurs,22410516,Passagers
RDS_DICT_INDICATORS_NSO,Indicateurs,22411016,Nombre d'entrées
RDS_DICT_INDICATORS_NSO,Indicateurs,22411116,Nombre de sorties
RDS_DICT_INDICATORS_NSO,Indicateurs,22410616,Marchandises débarquées
RDS_DICT_INDICATORS_NSO,Indicateurs,22411216,Céréales
RDS_DICT_INDICATORS_NSO,Indicateurs,22411416,Huiles et corps gras
RDS_DICT_INDICATORS_NSO,Indicateurs,22411516,Sucre
RDS_DICT_INDICATORS_NSO,Indicateurs,22411616,Produits sidérurgiques
RDS_DICT_INDICATORS_NSO,Indicateurs,22411716,Ammoniac
RDS_DICT_INDICATORS_NSO,Indicateurs,22411816,Soufre(solide et liquide)
RDS_DICT_INDICATORS_NSO,Indicateurs,22411916,Pâte à papier et papier
RDS_DICT_INDICATORS_NSO,Indicateurs,22412016,Minerais métalliques
RDS_DICT_INDICATORS_NSO,Indicateurs,22412116,Combustibles solides
RDS_DICT_INDICATORS_NSO,Indicateurs,22412216,Produits pétroliers
RDS_DICT_INDICATORS_NSO,Indicateurs,22412416,Marbre
RDS_DICT_INDICATORS_NSO,Indicateurs,22412516,Granule de marbre
RDS_DICT_INDICATORS_NSO,Indicateurs,22412616,Autres marchandises
RDS_DICT_INDICATORS_NSO,Indicateurs,22403116,Marchandises embarquées
RDS_DICT_INDICATORS_NSO,Indicateurs,22405116,Huiles et corps gras
RDS_DICT_INDICATORS_NSO,Indicateurs,22405216,Clinker
RDS_DICT_INDICATORS_NSO,Indicateurs,22405316,Ciment
RDS_DICT_INDICATORS_NSO,Indicateurs,22405416,Acides phosphoriques
RDS_DICT_INDICATORS_NSO,Indicateurs,22405516,Super et D.C.P.
RDS_DICT_INDICATORS_NSO,Indicateurs,22405616,D. A. P
RDS_DICT_INDICATORS_NSO,Indicateurs,22405716,Ammonitrate
RDS_DICT_INDICATORS_NSO,Indicateurs,22405816,Phosphate de Chaux
RDS_DICT_INDICATORS_NSO,Indicateurs,22406016,Sel
RDS_DICT_INDICATORS_NSO,Indicateurs,22406116,Produits pétroliers
RDS_DICT_INDICATORS_NSO,Indicateurs,22406216,Grignons d'olives
RDS_DICT_INDICATORS_NSO,Indicateurs,22406316,Marbre
RDS_DICT_INDICATORS_NSO,Indicateurs,22406416,Phosphate triple
RDS_DICT_INDICATORS_NSO,Indicateurs,22406516,Autres marchandises
RDS_DICT_INDICATORS_NSO,Indicateurs,22395016,Zarzis
RDS_DICT_INDICATORS_NSO,Indicateurs,22414216,Nombre de navires
RDS_DICT_INDICATORS_NSO,Indicateurs,22414616,Entrées et Sorties
RDS_DICT_INDICATORS_NSO,Indicateurs,22414716,Tonneaux de jauge brute
RDS_DICT_INDICATORS_NSO,Indicateurs,22414316,Passagers
RDS_DICT_INDICATORS_NSO,Indicateurs,22414816,Nombre d'entrées
RDS_DICT_INDICATORS_NSO,Indicateurs,22414916,Nombre de sorties
RDS_DICT_INDICATORS_NSO,Indicateurs,22414416,Marchandises débarquées
RDS_DICT_INDICATORS_NSO,Indicateurs,22415016,Céréales
RDS_DICT_INDICATORS_NSO,Indicateurs,22415116,Bois et ouvrages en bois
RDS_DICT_INDICATORS_NSO,Indicateurs,22415216,Huiles et corps gras
RDS_DICT_INDICATORS_NSO,Indicateurs,22415316,Sucre
RDS_DICT_INDICATORS_NSO,Indicateurs,22415416,Produits sidérurgiques
RDS_DICT_INDICATORS_NSO,Indicateurs,22415616,Soufre(solide et liquide)
RDS_DICT_INDICATORS_NSO,Indicateurs,22415716,Pâte à papier et papier
RDS_DICT_INDICATORS_NSO,Indicateurs,22416016,Produits pétroliers
RDS_DICT_INDICATORS_NSO,Indicateurs,22416116,Tourteaux de Soja
RDS_DICT_INDICATORS_NSO,Indicateurs,22416316,Granule de marbre
RDS_DICT_INDICATORS_NSO,Indicateurs,22416416,Autres marchandises
RDS_DICT_INDICATORS_NSO,Indicateurs,22414516,Marchandises embarquées
RDS_DICT_INDICATORS_NSO,Indicateurs,22416516,Huiles et corps gras
RDS_DICT_INDICATORS_NSO,Indicateurs,22416716,Ciment
RDS_DICT_INDICATORS_NSO,Indicateurs,22417416,Sel
RDS_DICT_INDICATORS_NSO,Indicateurs,22417516,Produits pétroliers
RDS_DICT_INDICATORS_NSO,Indicateurs,22417916,Autres marchandises
RDS_DICT_INDICATORS_NSO,Indicateurs,22395116,L'ensemble des ports
RDS_DICT_INDICATORS_NSO,Indicateurs,22418016,Nombre de navires
RDS_DICT_INDICATORS_NSO,Indicateurs,22418416,Entrées et Sorties
RDS_DICT_INDICATORS_NSO,Indicateurs,22418516,Tonneaux de jauge brute
RDS_DICT_INDICATORS_NSO,Indicateurs,22418116,Passagers
RDS_DICT_INDICATORS_NSO,Indicateurs,22418616,Nombre d'entrées
RDS_DICT_INDICATORS_NSO,Indicateurs,22418716,Nombre de sorties
RDS_DICT_INDICATORS_NSO,Indicateurs,27965699,Nombre de touristes (entrées) dans l'ensemble des ports
RDS_DICT_INDICATORS_NSO,Indicateurs,22418216,Marchandises débarquées
RDS_DICT_INDICATORS_NSO,Indicateurs,22418816,Céréales
RDS_DICT_INDICATORS_NSO,Indicateurs,22418916,Bois et ouvrages en bois
RDS_DICT_INDICATORS_NSO,Indicateurs,22419016,Huiles et corps gras
RDS_DICT_INDICATORS_NSO,Indicateurs,22419116,Sucre
RDS_DICT_INDICATORS_NSO,Indicateurs,22419216,Produits sidérurgiques
RDS_DICT_INDICATORS_NSO,Indicateurs,22419316,Ammoniac
RDS_DICT_INDICATORS_NSO,Indicateurs,22419416,Soufre(solide et liquide)
RDS_DICT_INDICATORS_NSO,Indicateurs,22419516,Pâte à papier et papier
RDS_DICT_INDICATORS_NSO,Indicateurs,22419616,Minerais métalliques
RDS_DICT_INDICATORS_NSO,Indicateurs,22419716,Combustibles solides
RDS_DICT_INDICATORS_NSO,Indicateurs,22419816,Produits pétroliers
RDS_DICT_INDICATORS_NSO,Indicateurs,22419916,Tourteaux de Soja
RDS_DICT_INDICATORS_NSO,Indicateurs,22420016,Marbre
RDS_DICT_INDICATORS_NSO,Indicateurs,22420116,Granule de marbre
RDS_DICT_INDICATORS_NSO,Indicateurs,22420216,Autres marchandises
RDS_DICT_INDICATORS_NSO,Indicateurs,22418316,Marchandises embarquées
RDS_DICT_INDICATORS_NSO,Indicateurs,22420316,Huiles et corps gras
RDS_DICT_INDICATORS_NSO,Indicateurs,22420416,Clinker
RDS_DICT_INDICATORS_NSO,Indicateurs,22420516,Ciment
RDS_DICT_INDICATORS_NSO,Indicateurs,22420616,Acides phosphoriques
RDS_DICT_INDICATORS_NSO,Indicateurs,22420716,Super et D.C.P.
RDS_DICT_INDICATORS_NSO,Indicateurs,22420816,D. A. P
RDS_DICT_INDICATORS_NSO,Indicateurs,22420916,Ammonitrate
RDS_DICT_INDICATORS_NSO,Indicateurs,22421016,Phosphate de Chaux
RDS_DICT_INDICATORS_NSO,Indicateurs,22421116,Minerais métalliques
RDS_DICT_INDICATORS_NSO,Indicateurs,22421216,Sel
RDS_DICT_INDICATORS_NSO,Indicateurs,22421316,Produits pétroliers
RDS_DICT_INDICATORS_NSO,Indicateurs,22421416,Grignons d'olives
RDS_DICT_INDICATORS_NSO,Indicateurs,22421516,Marbre
RDS_DICT_INDICATORS_NSO,Indicateurs,22421616,Phosphate triple
RDS_DICT_INDICATORS_NSO,Indicateurs,27700449,Autres marchandises
RDS_DICT_INDICATORS_NSO,Indicateurs,28285219,Budget
RDS_DICT_INDICATORS_NSO,Indicateurs,28280519,Recettes de l'Etat
RDS_DICT_INDICATORS_NSO,Indicateurs,28280529,Recettes propres
RDS_DICT_INDICATORS_NSO,Indicateurs,28280539,Recettes du Titre I
RDS_DICT_INDICATORS_NSO,Indicateurs,28280549,Recettes du budget d'Equipement (sans la contribution du TI)
RDS_DICT_INDICATORS_NSO,Indicateurs,28280559,Recettes des fonds spéciaux du trésor (sans report et sans M.I)
RDS_DICT_INDICATORS_NSO,Indicateurs,28280569,Recettes des fonds de concours (sans report et sans M.I)
RDS_DICT_INDICATORS_NSO,Indicateurs,28280579,Ressources d'emprunt et trésorérie
RDS_DICT_INDICATORS_NSO,Indicateurs,28280589,Ressources d'emprunts
RDS_DICT_INDICATORS_NSO,Indicateurs,28280599,Ressources de Trésorerie
RDS_DICT_INDICATORS_NSO,Indicateurs,28280609,Total des recettes (y compris emprunts)
RDS_DICT_INDICATORS_NSO,Indicateurs,28280619,Recettes du titre I par catégorie (Fonctionnement)
RDS_DICT_INDICATORS_NSO,Indicateurs,28280629,Catégorie I: Impôts directs
RDS_DICT_INDICATORS_NSO,Indicateurs,28280639,Catégorie II: Impôts indirects
RDS_DICT_INDICATORS_NSO,Indicateurs,28280649,Catégorie III : Revenus financiers
RDS_DICT_INDICATORS_NSO,Indicateurs,28280659,Catégorie IV: Revenus du domaine d'état
RDS_DICT_INDICATORS_NSO,Indicateurs,28280669,Total Recettes (du Titre I)
RDS_DICT_INDICATORS_NSO,Indicateurs,28280679,Recettes ordinaires du budget de l'Etat par article
RDS_DICT_INDICATORS_NSO,Indicateurs,28280689,Catégorie I: impôts directs
RDS_DICT_INDICATORS_NSO,Indicateurs,28280699,Section 1.1: IRPP[1] et IS[2] : Avances et retenues à la source sur:
RDS_DICT_INDICATORS_NSO,Indicateurs,28280709,Traitements et salaires
RDS_DICT_INDICATORS_NSO,Indicateurs,28280719,"Intérêts, dépôts Compte spécial épargne bancaire (CSEB)"
RDS_DICT_INDICATORS_NSO,Indicateurs,28280729,Revenus des capitaux mobiliers
RDS_DICT_INDICATORS_NSO,Indicateurs,28280739,"Honoraires, commissions courtages, vacation et loyers"
RDS_DICT_INDICATORS_NSO,Indicateurs,28280749,Redevances servies aux non-résidents
RDS_DICT_INDICATORS_NSO,Indicateurs,28280759,Impôts sur les plus values mobilières
RDS_DICT_INDICATORS_NSO,Indicateurs,28280769,Avances au titre des importations
RDS_DICT_INDICATORS_NSO,Indicateurs,28280779,"Avances de 1,5 % sur les marchés"
RDS_DICT_INDICATORS_NSO,Indicateurs,28280789,Valeurs mobilières des non résidents
RDS_DICT_INDICATORS_NSO,Indicateurs,28280799,Section 1.2: IRPP et IS: Avances et Acomptes provisionnels
RDS_DICT_INDICATORS_NSO,Indicateurs,28280809,Personnes physiques : Bénéfice Industrielle et Commerciale (BIC)
RDS_DICT_INDICATORS_NSO,Indicateurs,28280819,Personnes physiques : Bénéfice non Commerciale (BNC)
RDS_DICT_INDICATORS_NSO,Indicateurs,28280829,Personnes morales : Sociétés Pétrolières
RDS_DICT_INDICATORS_NSO,Indicateurs,28280839,Personnes morales : Hors Sociétés Pétrolières
RDS_DICT_INDICATORS_NSO,Indicateurs,28280849,Section 1.3: IRPP et IS la régularisation
RDS_DICT_INDICATORS_NSO,Indicateurs,28280859,Régularisations personnes physiques
RDS_DICT_INDICATORS_NSO,Indicateurs,28280869,Sociétés pétrolières soumises à l'IS
RDS_DICT_INDICATORS_NSO,Indicateurs,28280879,Sociétés pétrolières non soumises à l'IS
RDS_DICT_INDICATORS_NSO,Indicateurs,28280889,Impôts sur le revenu des sociétés de personnes
RDS_DICT_INDICATORS_NSO,Indicateurs,28280899,Plus-values immobiliers des Personnes Physiques (PP)
RDS_DICT_INDICATORS_NSO,Indicateurs,28280909,Redevances en espèces  due à l'exploitation petrol.
RDS_DICT_INDICATORS_NSO,Indicateurs,28280919,Impôts complémentaires  à la charge des Société Petrolières
RDS_DICT_INDICATORS_NSO,Indicateurs,28280929,Amnestie
RDS_DICT_INDICATORS_NSO,Indicateurs,28280939,Section 1.4: Contributions Exceptionnelles
RDS_DICT_INDICATORS_NSO,Indicateurs,28280949,Salariés
RDS_DICT_INDICATORS_NSO,Indicateurs,28280959,Personnes Physiques (BIC / BNC)
RDS_DICT_INDICATORS_NSO,Indicateurs,28280969,Sociétés pétrolières
RDS_DICT_INDICATORS_NSO,Indicateurs,28280979,Sociétés non pétrolières
RDS_DICT_INDICATORS_NSO,Indicateurs,28285229,Catégories II: Impôts indirects
RDS_DICT_INDICATORS_NSO,Indicateurs,28280999,Section 2.1:  Droits de douane
RDS_DICT_INDICATORS_NSO,Indicateurs,28281009,Droits de douane à l'importation
RDS_DICT_INDICATORS_NSO,Indicateurs,28281029,Redevances sur prestations douanières à l'import
RDS_DICT_INDICATORS_NSO,Indicateurs,28281049,Redevances sur prestations douanières à l'export
RDS_DICT_INDICATORS_NSO,Indicateurs,28281039,Section 2.2: T.V.A
RDS_DICT_INDICATORS_NSO,Indicateurs,28281059,T.V.A  : régime importation
RDS_DICT_INDICATORS_NSO,Indicateurs,28281079,T.V.A  : régime intérieur
RDS_DICT_INDICATORS_NSO,Indicateurs,28281069,Section 2.3: Droits de consommation
RDS_DICT_INDICATORS_NSO,Indicateurs,28281089,Droit de Consommation régime import
RDS_DICT_INDICATORS_NSO,Indicateurs,28281099,Droit de Consommation régime Intérieur sur les essences et huile
RDS_DICT_INDICATORS_NSO,Indicateurs,28281109,Droit de consommation régime Intérieur sur le tabac et les allumettes
RDS_DICT_INDICATORS_NSO,Indicateurs,28281119,Droit de consommation rég.Intérieur sur les alcools et autres prod.alcooliques
RDS_DICT_INDICATORS_NSO,Indicateurs,28281139,Droit de consommation régime Intérieur sur autres produits divers
RDS_DICT_INDICATORS_NSO,Indicateurs,28281129,Section 2.4: Droit sur les actes et les transactions (enregistrés)
RDS_DICT_INDICATORS_NSO,Indicateurs,28281149,Timbres débités; autres droits de Timbres
RDS_DICT_INDICATORS_NSO,Indicateurs,28281159,Droit sur les mutations mobilières et immobilières
RDS_DICT_INDICATORS_NSO,Indicateurs,28281169,Autres Droits d'enregistrements
RDS_DICT_INDICATORS_NSO,Indicateurs,28281179,Taxes unique sur les assurances
RDS_DICT_INDICATORS_NSO,Indicateurs,28281199,Autres Taxes pour formalités administratives
RDS_DICT_INDICATORS_NSO,Indicateurs,28281189,Section 2.5: Droits sur les Transports et autres produits
RDS_DICT_INDICATORS_NSO,Indicateurs,28281209,Taxe de compensation sur les transports
RDS_DICT_INDICATORS_NSO,Indicateurs,28281219,Taxes de circulation sur les véhicules automobiles
RDS_DICT_INDICATORS_NSO,Indicateurs,28281239,Droit de garanti/platine or et argent
RDS_DICT_INDICATORS_NSO,Indicateurs,28281229,Section 2.6: Taxes
RDS_DICT_INDICATORS_NSO,Indicateurs,28281249,Amendes et condamnations PM* fiscales
RDS_DICT_INDICATORS_NSO,Indicateurs,28281259,Retenue sur les remises des débitants des produits monopolisés
RDS_DICT_INDICATORS_NSO,Indicateurs,28281269,Recouvrement d'arriérés d'Impôts supprimés
RDS_DICT_INDICATORS_NSO,Indicateurs,28281279,Droits de chancelleries
RDS_DICT_INDICATORS_NSO,Indicateurs,28281289,Taxes de vérification des poids et mesures
RDS_DICT_INDICATORS_NSO,Indicateurs,28281299,Transferts Fonds Spéciaux du Trésor
RDS_DICT_INDICATORS_NSO,Indicateurs,28281579,Autres taxes divers
RDS_DICT_INDICATORS_NSO,Indicateurs,28281319,Catégorie III: Revenus Financiers Ordinaires
RDS_DICT_INDICATORS_NSO,Indicateurs,28281329,Transferts des entreprises publiques et bénéfices de la BCT
RDS_DICT_INDICATORS_NSO,Indicateurs,28281339,Amendes et condamnations
RDS_DICT_INDICATORS_NSO,Indicateurs,28281349,Reversements de fonds et reversements  FRPDM
RDS_DICT_INDICATORS_NSO,Indicateurs,28281359,Frais administratifs et majoration de 5% frais de poursuite
RDS_DICT_INDICATORS_NSO,Indicateurs,28281369,Remboursements des intérêts sur emprunts
RDS_DICT_INDICATORS_NSO,Indicateurs,28281379,Remises sur crédit d'enlèvements et des droits
RDS_DICT_INDICATORS_NSO,Indicateurs,28281389,Recettes accidentelles à divers titres
RDS_DICT_INDICATORS_NSO,Indicateurs,28281399,Versements organismes de sécurité sociale
RDS_DICT_INDICATORS_NSO,Indicateurs,28281409,Contribution Exceptionnelle Volontaire
RDS_DICT_INDICATORS_NSO,Indicateurs,28281419,Catégorie IV: Revenus du  Domaine de l'état  ordinaires.
RDS_DICT_INDICATORS_NSO,Indicateurs,28281429,Versement de l'ETAP au titre de commercialisation
RDS_DICT_INDICATORS_NSO,Indicateurs,28281439,Redevance en espèces  due à l'exploitation petrol.
RDS_DICT_INDICATORS_NSO,Indicateurs,28281449,Impôts complémentaires  à la charge des Soc Petr
RDS_DICT_INDICATORS_NSO,Indicateurs,28281459,Redevance Gazoduc
RDS_DICT_INDICATORS_NSO,Indicateurs,28281469,ATK (Aviation Transport Kérosène)
RDS_DICT_INDICATORS_NSO,Indicateurs,28281479,Revenus gaz miskar
RDS_DICT_INDICATORS_NSO,Indicateurs,28281489,Revenus confisqués
RDS_DICT_INDICATORS_NSO,Indicateurs,28281499,Autres produits du domaine
RDS_DICT_INDICATORS_NSO,Indicateurs,28281509,Total Recettes Ordinaires du Titre I
RDS_DICT_INDICATORS_NSO,Indicateurs,28281519,1ère partie : Recettes fiscales ordinaires
RDS_DICT_INDICATORS_NSO,Indicateurs,28281529,Catégorie I : Impôts directs
RDS_DICT_INDICATORS_NSO,Indicateurs,28281539,Catégorie II : Impôts indirects
RDS_DICT_INDICATORS_NSO,Indicateurs,28281549,2ème  partie :  Recettes non fiscales ordinaires
RDS_DICT_INDICATORS_NSO,Indicateurs,28281559,Catégorie III : Revenus Financiers
RDS_DICT_INDICATORS_NSO,Indicateurs,28281569,Catégorie IV: Revenus du domaine de l'Etat
RDS_DICT_INDICATORS_NSO,Indicateurs,28281589,Recettes du titre II (Equipement)
RDS_DICT_INDICATORS_NSO,Indicateurs,28281599,Recettes propres
RDS_DICT_INDICATORS_NSO,Indicateurs,28281609,Ressources d'emprunts
RDS_DICT_INDICATORS_NSO,Indicateurs,28281619,Emprunts Intérieurs  (Bons de trésor)
RDS_DICT_INDICATORS_NSO,Indicateurs,28281629,Emprunts extérieurs
RDS_DICT_INDICATORS_NSO,Indicateurs,28281639,Emprunts extérieurs affectés
RDS_DICT_INDICATORS_NSO,Indicateurs,28281649,Emprunts Extérieurs Affectés aux projets de l'Etat
RDS_DICT_INDICATORS_NSO,Indicateurs,28281669,Prêts rétrocédés aux entreprises
RDS_DICT_INDICATORS_NSO,Indicateurs,28281659,Recettes des fonds de concours par département
RDS_DICT_INDICATORS_NSO,Indicateurs,28281689,Présidence de la République
RDS_DICT_INDICATORS_NSO,Indicateurs,28281699,Présidence du Gouvernement
RDS_DICT_INDICATORS_NSO,Indicateurs,28281709,Intérieur
RDS_DICT_INDICATORS_NSO,Indicateurs,28281719,Justice
RDS_DICT_INDICATORS_NSO,Indicateurs,28281729,Affaires Etrangéres
RDS_DICT_INDICATORS_NSO,Indicateurs,28281739,Défense Nationale
RDS_DICT_INDICATORS_NSO,Indicateurs,28281749,Finances
RDS_DICT_INDICATORS_NSO,Indicateurs,28281759,Domaines de l'Etat
RDS_DICT_INDICATORS_NSO,Indicateurs,28281769,Développement Economique
RDS_DICT_INDICATORS_NSO,Indicateurs,28281779,Agriculture
RDS_DICT_INDICATORS_NSO,Indicateurs,28281789,Industrie
RDS_DICT_INDICATORS_NSO,Indicateurs,28281799,Equipement
RDS_DICT_INDICATORS_NSO,Indicateurs,28281809,Environnement et Aménagement
RDS_DICT_INDICATORS_NSO,Indicateurs,28281819,Technologies de la Communication
RDS_DICT_INDICATORS_NSO,Indicateurs,28281829,Transport
RDS_DICT_INDICATORS_NSO,Indicateurs,28281839,"Affaires de la Femme, de la Famille"
RDS_DICT_INDICATORS_NSO,Indicateurs,28281849,"Jeunesse, Enfance et Sports"
RDS_DICT_INDICATORS_NSO,Indicateurs,28281859,Culture et de la Sauvegarde du Patrimoine
RDS_DICT_INDICATORS_NSO,Indicateurs,28281869,Santé Publique
RDS_DICT_INDICATORS_NSO,Indicateurs,28281879,Affaires Sociales
RDS_DICT_INDICATORS_NSO,Indicateurs,28281889,Education
RDS_DICT_INDICATORS_NSO,Indicateurs,28281899,Enseignement Supérieur
RDS_DICT_INDICATORS_NSO,Indicateurs,28281909,Total des recettes
RDS_DICT_INDICATORS_NSO,Indicateurs,28281919,Mouvement internes
RDS_DICT_INDICATORS_NSO,Indicateurs,28281929,Total des Recettes hors mouvements internes
RDS_DICT_INDICATORS_NSO,Indicateurs,28281939,Recettes des fonds spéciaux du trésor
RDS_DICT_INDICATORS_NSO,Indicateurs,28281969,Compte Jetons de Presence et Tantieme Revenant à l'état
RDS_DICT_INDICATORS_NSO,Indicateurs,28281979,Fonds de protection civile et securité routière
RDS_DICT_INDICATORS_NSO,Indicateurs,28281989,Fonds du Service National
RDS_DICT_INDICATORS_NSO,Indicateurs,28281999,Fonds de la Protection et de l'Esthétique de l'Environnement
RDS_DICT_INDICATORS_NSO,Indicateurs,28282009,Compte de Caution des Comptes Publics
RDS_DICT_INDICATORS_NSO,Indicateurs,28282019,Fonds de Restructuration du Capital des Entreprises Publiques (FREP)
RDS_DICT_INDICATORS_NSO,Indicateurs,28282029,Fonds de la garantie Automobile
RDS_DICT_INDICATORS_NSO,Indicateurs,28282039,Fonds de développement de la compétitivité dans le secteur de l'agriculture et de la pêche (FODCAP)
RDS_DICT_INDICATORS_NSO,Indicateurs,28282049,Fonds de développement de la compétitivité industrielle (FODECI)
RDS_DICT_INDICATORS_NSO,Indicateurs,28282059,Caisse Générale de Compensation
RDS_DICT_INDICATORS_NSO,Indicateurs,28282069,Fonds de Promotion des Exportations
RDS_DICT_INDICATORS_NSO,Indicateurs,28282079,Fonds National d'Amélioration de l'Habitat
RDS_DICT_INDICATORS_NSO,Indicateurs,28282089,Fonds de Promotion de logements  pour les Salariés (FOPROLOS)
RDS_DICT_INDICATORS_NSO,Indicateurs,28282099,Fonds de dépollution
RDS_DICT_INDICATORS_NSO,Indicateurs,28282109,Fonds de Protection des zones touristiques
RDS_DICT_INDICATORS_NSO,Indicateurs,28282119,Fonds de développement de comptes touristiques
RDS_DICT_INDICATORS_NSO,Indicateurs,28282129,Fonds National pour la Promotion du Sport
RDS_DICT_INDICATORS_NSO,Indicateurs,28282139,Compte National de Solidarité Sociale
RDS_DICT_INDICATORS_NSO,Indicateurs,28282149,Fonds de délimitation du patrimoine foncier
RDS_DICT_INDICATORS_NSO,Indicateurs,28282159,Fonds de développement autoroute
RDS_DICT_INDICATORS_NSO,Indicateurs,28282169,Fonds de télécommunication
RDS_DICT_INDICATORS_NSO,Indicateurs,28282179,Fonds National de l’emploi 21-21
RDS_DICT_INDICATORS_NSO,Indicateurs,28282189,Fonds de la formation professionnelle
RDS_DICT_INDICATORS_NSO,Indicateurs,28282199,Fonds de soutien pour entretien des établissements scolaires
RDS_DICT_INDICATORS_NSO,Indicateurs,28282209,Fonds National de maitrise de l'Energie
RDS_DICT_INDICATORS_NSO,Indicateurs,28282219,Fonds de Transition énergétique
RDS_DICT_INDICATORS_NSO,Indicateurs,28282229,Fonds de Prévention des accidents de la circulation
RDS_DICT_INDICATORS_NSO,Indicateurs,28282239,Fonds de Promotion de l'huile d'olive conditionné
RDS_DICT_INDICATORS_NSO,Indicateurs,28282249,Fonds Promotion Dattes
RDS_DICT_INDICATORS_NSO,Indicateurs,28282259,Fonds de promotion de la Créativité Littéraire et Artistique
RDS_DICT_INDICATORS_NSO,Indicateurs,28282269,Compte de financement des mesures exceptionnelles de mise en retraite
RDS_DICT_INDICATORS_NSO,Indicateurs,28282279,Fonds de Financement de la Repos Biologique dans le Secteur de Pêche
RDS_DICT_INDICATORS_NSO,Indicateurs,28282289,Fonds Coopération des Collectivités locales
RDS_DICT_INDICATORS_NSO,Indicateurs,28282299,Total  des Recettes
RDS_DICT_INDICATORS_NSO,Indicateurs,28285239,Mouvement internes
RDS_DICT_INDICATORS_NSO,Indicateurs,28282319,Total des Recettes hors mouvements internes
RDS_DICT_INDICATORS_NSO,Indicateurs,28282329,Dépenses de l'Etat
RDS_DICT_INDICATORS_NSO,Indicateurs,28282349,Dépenses du titre II
RDS_DICT_INDICATORS_NSO,Indicateurs,28282359,Dépenses des fonds spéciaux du Trésor
RDS_DICT_INDICATORS_NSO,Indicateurs,28282369,Dépenses des fonds de concours
RDS_DICT_INDICATORS_NSO,Indicateurs,28282379,Prêts
RDS_DICT_INDICATORS_NSO,Indicateurs,28282389,Prêts Extérieurs Rétrocédés aux Entreprises Publiques
RDS_DICT_INDICATORS_NSO,Indicateurs,28282399,Prêts et Avances Nets du Trésor
RDS_DICT_INDICATORS_NSO,Indicateurs,28282409,Total des Dépenses
RDS_DICT_INDICATORS_NSO,Indicateurs,28282419,Dépenses du titre I par chapitre
RDS_DICT_INDICATORS_NSO,Indicateurs,28282429,Section 1: les dépenses de gestion
RDS_DICT_INDICATORS_NSO,Indicateurs,28282449,Chambre des Députés
RDS_DICT_INDICATORS_NSO,Indicateurs,28282459,Chambre des Conseillers
RDS_DICT_INDICATORS_NSO,Indicateurs,28282469,Présidence de la République
RDS_DICT_INDICATORS_NSO,Indicateurs,28282479,Présidence du Gouvernement
RDS_DICT_INDICATORS_NSO,Indicateurs,28282489,Premier Ministère
RDS_DICT_INDICATORS_NSO,Indicateurs,28282499,Intérieur
RDS_DICT_INDICATORS_NSO,Indicateurs,28282509,Justice et Droits de l'Homme
RDS_DICT_INDICATORS_NSO,Indicateurs,28282519,Justice
RDS_DICT_INDICATORS_NSO,Indicateurs,28282529,Droits de l'homme et justice transitionelle
RDS_DICT_INDICATORS_NSO,Indicateurs,28282539,Affaires Etrangères
RDS_DICT_INDICATORS_NSO,Indicateurs,28282549,Défense Nationale
RDS_DICT_INDICATORS_NSO,Indicateurs,28282559,Affaires Religieuses
RDS_DICT_INDICATORS_NSO,Indicateurs,28282569,Finances
RDS_DICT_INDICATORS_NSO,Indicateurs,28282579,Développement et Coopération Internationale
RDS_DICT_INDICATORS_NSO,Indicateurs,28282589,Investissement et de Coopération Internationale
RDS_DICT_INDICATORS_NSO,Indicateurs,28282599,Domaine de l'Etat
RDS_DICT_INDICATORS_NSO,Indicateurs,28282609,Communications
RDS_DICT_INDICATORS_NSO,Indicateurs,28282619,Agriculture et des Ressources hydrauliques
RDS_DICT_INDICATORS_NSO,Indicateurs,28282629,Environnement
RDS_DICT_INDICATORS_NSO,Indicateurs,28282639,Affaires locales
RDS_DICT_INDICATORS_NSO,Indicateurs,28282649,Industrie
RDS_DICT_INDICATORS_NSO,Indicateurs,28282659,Equipement
RDS_DICT_INDICATORS_NSO,Indicateurs,28282669,Tourisme
RDS_DICT_INDICATORS_NSO,Indicateurs,28282679,Commerce et d'Artisanat
RDS_DICT_INDICATORS_NSO,Indicateurs,28282689,Technologies de la Communication
RDS_DICT_INDICATORS_NSO,Indicateurs,28282699,Transports
RDS_DICT_INDICATORS_NSO,Indicateurs,28282709,"Affaires de la Femme, de la Famille"
RDS_DICT_INDICATORS_NSO,Indicateurs,28282719,Enfance
RDS_DICT_INDICATORS_NSO,Indicateurs,28282729,Jeunesse
RDS_DICT_INDICATORS_NSO,Indicateurs,28282739,Sports
RDS_DICT_INDICATORS_NSO,Indicateurs,28282749,Culture
RDS_DICT_INDICATORS_NSO,Indicateurs,28282759,Santé publique
RDS_DICT_INDICATORS_NSO,Indicateurs,28282769,Affaire Sociales et Solidarité
RDS_DICT_INDICATORS_NSO,Indicateurs,28282779,Education
RDS_DICT_INDICATORS_NSO,Indicateurs,28282789,Formation Professionnelle
RDS_DICT_INDICATORS_NSO,Indicateurs,28282799,Enseignement supérieur
RDS_DICT_INDICATORS_NSO,Indicateurs,28282809,Recherche scientifique
RDS_DICT_INDICATORS_NSO,Indicateurs,28282819,Emploi
RDS_DICT_INDICATORS_NSO,Indicateurs,28282829,Total des dépenses de gestion
RDS_DICT_INDICATORS_NSO,Indicateurs,28282839,Section 2: Intérêts de la dette
RDS_DICT_INDICATORS_NSO,Indicateurs,28282849,Total des dépenses de Titre I
RDS_DICT_INDICATORS_NSO,Indicateurs,28282859,Dépenses du titre I par catégorie et départements
RDS_DICT_INDICATORS_NSO,Indicateurs,28282869,Rémunération
RDS_DICT_INDICATORS_NSO,Indicateurs,28282879,Assemblé Nationale Constituante
RDS_DICT_INDICATORS_NSO,Indicateurs,28282889,Chambre des Députés
RDS_DICT_INDICATORS_NSO,Indicateurs,28282899,Chambres des conseillers
RDS_DICT_INDICATORS_NSO,Indicateurs,28282909,Présidence de la République
RDS_DICT_INDICATORS_NSO,Indicateurs,28282919,Présidence du Gouvernement
RDS_DICT_INDICATORS_NSO,Indicateurs,28282929,Premier Ministère
RDS_DICT_INDICATORS_NSO,Indicateurs,28282939,Intérieur
RDS_DICT_INDICATORS_NSO,Indicateurs,28282949,Justice et Droits de l'Homme
RDS_DICT_INDICATORS_NSO,Indicateurs,28282959,Justice
RDS_DICT_INDICATORS_NSO,Indicateurs,28282969,Droit de l'Homme et justice transitionnelle
RDS_DICT_INDICATORS_NSO,Indicateurs,28282979,Affaires Etrangères
RDS_DICT_INDICATORS_NSO,Indicateurs,28282989,Défense Nationale
RDS_DICT_INDICATORS_NSO,Indicateurs,28282999,Affaires Religieuses
RDS_DICT_INDICATORS_NSO,Indicateurs,28283009,Finances
RDS_DICT_INDICATORS_NSO,Indicateurs,28283019,Développement et Coopération Internationale
RDS_DICT_INDICATORS_NSO,Indicateurs,28283029,Développement Regional et Planification
RDS_DICT_INDICATORS_NSO,Indicateurs,28283039,Investissement et Coopération Internationale
RDS_DICT_INDICATORS_NSO,Indicateurs,28283049,Domaine de l'Etat
RDS_DICT_INDICATORS_NSO,Indicateurs,28283059,Communications et relations
RDS_DICT_INDICATORS_NSO,Indicateurs,28283069,Agriculture et Environnement
RDS_DICT_INDICATORS_NSO,Indicateurs,28283079,Agriculture et Ressources hydrauliques
RDS_DICT_INDICATORS_NSO,Indicateurs,28283089,Environnement et Développement durable
RDS_DICT_INDICATORS_NSO,Indicateurs,28285259,Affaires locales
RDS_DICT_INDICATORS_NSO,Indicateurs,28283109,Industrie
RDS_DICT_INDICATORS_NSO,Indicateurs,28283119,Equipement et Aménagement du Territoire
RDS_DICT_INDICATORS_NSO,Indicateurs,28283099,"Tourisme, Commerce et Artisanat"
RDS_DICT_INDICATORS_NSO,Indicateurs,28285269,Tourisme
RDS_DICT_INDICATORS_NSO,Indicateurs,28285279,Commerce et d'Artisanat
RDS_DICT_INDICATORS_NSO,Indicateurs,28285289,Technologies de la Communication et Transport
RDS_DICT_INDICATORS_NSO,Indicateurs,28285299,Technologie de la Communication
RDS_DICT_INDICATORS_NSO,Indicateurs,28285309,Transports
RDS_DICT_INDICATORS_NSO,Indicateurs,28285319,"Affaires de la Femme, de la Famille, de l'Enfance et des Personnes âgées"
RDS_DICT_INDICATORS_NSO,Indicateurs,28285329,Affaire de la Femme et de la Famille
RDS_DICT_INDICATORS_NSO,Indicateurs,28285339,Enfance
RDS_DICT_INDICATORS_NSO,Indicateurs,28285349,"Culture, Jeunesse et Loisir"
RDS_DICT_INDICATORS_NSO,Indicateurs,28285359,Culture et Sauvegarde du patrimoine
RDS_DICT_INDICATORS_NSO,Indicateurs,28285369,"Jeunesse, Sports et Education phyisique"
RDS_DICT_INDICATORS_NSO,Indicateurs,28285379,Jeunesse
RDS_DICT_INDICATORS_NSO,Indicateurs,28285389,Sport et Education physique
RDS_DICT_INDICATORS_NSO,Indicateurs,28285399,Santé publique
RDS_DICT_INDICATORS_NSO,Indicateurs,28285409,Affaire Sociales et Solidarité
RDS_DICT_INDICATORS_NSO,Indicateurs,28285419,Education et Formation Professionnelle
RDS_DICT_INDICATORS_NSO,Indicateurs,28285429,Education
RDS_DICT_INDICATORS_NSO,Indicateurs,28285439,Formation Professionnelle
RDS_DICT_INDICATORS_NSO,Indicateurs,28285449,Enseignement Supérieur et recherche scientifique
RDS_DICT_INDICATORS_NSO,Indicateurs,28285459,Enseignement supérieur
RDS_DICT_INDICATORS_NSO,Indicateurs,28285469,"Recherche scientifique, technologie et Dévelopment de compétences"
RDS_DICT_INDICATORS_NSO,Indicateurs,28285479,Emploi
RDS_DICT_INDICATORS_NSO,Indicateurs,28283129,Biens et services
RDS_DICT_INDICATORS_NSO,Indicateurs,28283139,Assemblé Nationale Constituante
RDS_DICT_INDICATORS_NSO,Indicateurs,28283149,Chambre des Députés
RDS_DICT_INDICATORS_NSO,Indicateurs,28283159,Chambres des conseillers
RDS_DICT_INDICATORS_NSO,Indicateurs,28283169,Présidence de la République
RDS_DICT_INDICATORS_NSO,Indicateurs,28283179,Présidence du Gouvernement
RDS_DICT_INDICATORS_NSO,Indicateurs,28283189,Premier Ministère
RDS_DICT_INDICATORS_NSO,Indicateurs,28283199,Intérieur
RDS_DICT_INDICATORS_NSO,Indicateurs,28283209,Justice et Droits de l'Homme
RDS_DICT_INDICATORS_NSO,Indicateurs,28283219,Justice
RDS_DICT_INDICATORS_NSO,Indicateurs,28283229,Droit de l'Homme et justice transitionnelle
RDS_DICT_INDICATORS_NSO,Indicateurs,28283239,Affaires Etrangères
RDS_DICT_INDICATORS_NSO,Indicateurs,28283249,Défense Nationale
RDS_DICT_INDICATORS_NSO,Indicateurs,28283259,Affaires Religieuses
RDS_DICT_INDICATORS_NSO,Indicateurs,28283269,Finances
RDS_DICT_INDICATORS_NSO,Indicateurs,28283279,Développement et Coopération Internationale
RDS_DICT_INDICATORS_NSO,Indicateurs,28283289,Développement Regional et Planification
RDS_DICT_INDICATORS_NSO,Indicateurs,28283299,Investissement et Coopération Internationale
RDS_DICT_INDICATORS_NSO,Indicateurs,28283309,Domaine de l'Etat
RDS_DICT_INDICATORS_NSO,Indicateurs,28283319,Communications et relations
RDS_DICT_INDICATORS_NSO,Indicateurs,28283329,Agriculture et Environnement
RDS_DICT_INDICATORS_NSO,Indicateurs,28283339,Agriculture et Ressources hydrauliques
RDS_DICT_INDICATORS_NSO,Indicateurs,28283349,Environnement et Développement durable
RDS_DICT_INDICATORS_NSO,Indicateurs,28283359,Affaires locales
RDS_DICT_INDICATORS_NSO,Indicateurs,28283369,Industrie
RDS_DICT_INDICATORS_NSO,Indicateurs,28283379,Equipement et Aménagement du Territoire
RDS_DICT_INDICATORS_NSO,Indicateurs,28285489,"Tourisme, Commerce et Artisanat"
RDS_DICT_INDICATORS_NSO,Indicateurs,28285499,Tourisme
RDS_DICT_INDICATORS_NSO,Indicateurs,28285509,Commerce et d'Artisanat
RDS_DICT_INDICATORS_NSO,Indicateurs,28285519,Technologies de la Communication et Transport
RDS_DICT_INDICATORS_NSO,Indicateurs,28285529,Technologie de la Communication
RDS_DICT_INDICATORS_NSO,Indicateurs,28285539,Transports
RDS_DICT_INDICATORS_NSO,Indicateurs,28285549,"Affaires de la Femme, de la Famille, de l'Enfance et des Personnes âgées"
RDS_DICT_INDICATORS_NSO,Indicateurs,28285559,Affaire de la Femme et de la Famille
RDS_DICT_INDICATORS_NSO,Indicateurs,28285569,Enfance
RDS_DICT_INDICATORS_NSO,Indicateurs,28285579,"Culture, Jeunesse et Loisir"
RDS_DICT_INDICATORS_NSO,Indicateurs,28285589,Culture et Sauvegarde du patrimoine
RDS_DICT_INDICATORS_NSO,Indicateurs,28285599,"Jeunesse, Sports et Education phyisique"
RDS_DICT_INDICATORS_NSO,Indicateurs,28285609,Jeunesse
RDS_DICT_INDICATORS_NSO,Indicateurs,28285619,Sport et Education physique
RDS_DICT_INDICATORS_NSO,Indicateurs,28285629,Santé publique
RDS_DICT_INDICATORS_NSO,Indicateurs,28285639,Affaire Sociales et Solidarité
RDS_DICT_INDICATORS_NSO,Indicateurs,28285649,Education et Formation Professionnelle
RDS_DICT_INDICATORS_NSO,Indicateurs,28285659,Education
RDS_DICT_INDICATORS_NSO,Indicateurs,28285669,Formation Professionnelle
RDS_DICT_INDICATORS_NSO,Indicateurs,28285679,Enseignement Supérieur et recherche scientifique
RDS_DICT_INDICATORS_NSO,Indicateurs,28285689,Enseignement supérieur
RDS_DICT_INDICATORS_NSO,Indicateurs,28285699,"Recherche scientifique, technologie et Dévelopment de compétences"
RDS_DICT_INDICATORS_NSO,Indicateurs,28285709,Emploi
RDS_DICT_INDICATORS_NSO,Indicateurs,28283389,Autres dépenses
RDS_DICT_INDICATORS_NSO,Indicateurs,28283399,Assemblé Nationale Constituante
RDS_DICT_INDICATORS_NSO,Indicateurs,28283409,Chambre des Députés
RDS_DICT_INDICATORS_NSO,Indicateurs,28283419,Chambres des conseillers
RDS_DICT_INDICATORS_NSO,Indicateurs,28283429,Présidence de la République
RDS_DICT_INDICATORS_NSO,Indicateurs,28283439,Présidence du Gouvernement
RDS_DICT_INDICATORS_NSO,Indicateurs,28283449,Premier Ministère
RDS_DICT_INDICATORS_NSO,Indicateurs,28283459,Intérieur
RDS_DICT_INDICATORS_NSO,Indicateurs,28283469,Justice et Droits de l'Homme
RDS_DICT_INDICATORS_NSO,Indicateurs,28283479,Justice
RDS_DICT_INDICATORS_NSO,Indicateurs,28283489,Droit de l'Homme et justice transitionnelle
RDS_DICT_INDICATORS_NSO,Indicateurs,28283499,Affaires Etrangères
RDS_DICT_INDICATORS_NSO,Indicateurs,28283509,Défense Nationale
RDS_DICT_INDICATORS_NSO,Indicateurs,28283519,Affaires Religieuses
RDS_DICT_INDICATORS_NSO,Indicateurs,28283529,Finances
RDS_DICT_INDICATORS_NSO,Indicateurs,28283539,Développement et Coopération Internationale
RDS_DICT_INDICATORS_NSO,Indicateurs,28283549,Développement Regional et Planification
RDS_DICT_INDICATORS_NSO,Indicateurs,28283559,Investissement et Coopération Internationale
RDS_DICT_INDICATORS_NSO,Indicateurs,28283569,Domaine de l'Etat
RDS_DICT_INDICATORS_NSO,Indicateurs,28283579,Communications et relations
RDS_DICT_INDICATORS_NSO,Indicateurs,28283589,Agriculture et Environnement
RDS_DICT_INDICATORS_NSO,Indicateurs,28283599,Agriculture et Ressources hydrauliques
RDS_DICT_INDICATORS_NSO,Indicateurs,28283609,Environnement et Développement durable
RDS_DICT_INDICATORS_NSO,Indicateurs,28283619,Affaires locales
RDS_DICT_INDICATORS_NSO,Indicateurs,28283629,Industrie
RDS_DICT_INDICATORS_NSO,Indicateurs,28283639,Equipement et Aménagement du Territoire
RDS_DICT_INDICATORS_NSO,Indicateurs,28285719,"Tourisme, Commerce et Artisanat"
RDS_DICT_INDICATORS_NSO,Indicateurs,28285729,Tourisme
RDS_DICT_INDICATORS_NSO,Indicateurs,28285739,Commerce et d'Artisanat
RDS_DICT_INDICATORS_NSO,Indicateurs,28285749,Technologies de la Communication et Transport
RDS_DICT_INDICATORS_NSO,Indicateurs,28285759,Technologie de la Communication
RDS_DICT_INDICATORS_NSO,Indicateurs,28285769,Transports
RDS_DICT_INDICATORS_NSO,Indicateurs,28285779,"Affaires de la Femme, de la Famille, de l'Enfance et des Personnes âgées"
RDS_DICT_INDICATORS_NSO,Indicateurs,28285789,Affaire de la Femme et de la Famille
RDS_DICT_INDICATORS_NSO,Indicateurs,28285799,Enfance
RDS_DICT_INDICATORS_NSO,Indicateurs,28285809,"Culture, Jeunesse et Loisir"
RDS_DICT_INDICATORS_NSO,Indicateurs,28285819,Culture et Sauvegarde du patrimoine
RDS_DICT_INDICATORS_NSO,Indicateurs,28285829,"Jeunesse, Sports et Education phyisique"
RDS_DICT_INDICATORS_NSO,Indicateurs,28285839,Jeunesse
RDS_DICT_INDICATORS_NSO,Indicateurs,28285849,Sport et Education physique
RDS_DICT_INDICATORS_NSO,Indicateurs,28285859,Santé publique
RDS_DICT_INDICATORS_NSO,Indicateurs,28285869,Affaire Sociales et Solidarité
RDS_DICT_INDICATORS_NSO,Indicateurs,28285879,Education et Formation Professionnelle
RDS_DICT_INDICATORS_NSO,Indicateurs,28285889,Education
RDS_DICT_INDICATORS_NSO,Indicateurs,28285899,Formation Professionnelle
RDS_DICT_INDICATORS_NSO,Indicateurs,28285909,Enseignement Supérieur et recherche scientifique
RDS_DICT_INDICATORS_NSO,Indicateurs,28285919,Enseignement supérieur
RDS_DICT_INDICATORS_NSO,Indicateurs,28285929,"Recherche scientifique, technologie et Dévelopment de compétences"
RDS_DICT_INDICATORS_NSO,Indicateurs,28285939,Emploi
RDS_DICT_INDICATORS_NSO,Indicateurs,28283649,Inétrêt de la dette
RDS_DICT_INDICATORS_NSO,Indicateurs,28283789,Finances
RDS_DICT_INDICATORS_NSO,Indicateurs,28283909,Total
RDS_DICT_INDICATORS_NSO,Indicateurs,28283919,Assemblé Nationale Constituante
RDS_DICT_INDICATORS_NSO,Indicateurs,28283929,Chambre des Députés
RDS_DICT_INDICATORS_NSO,Indicateurs,28283939,Chambres des conseillers
RDS_DICT_INDICATORS_NSO,Indicateurs,28283949,Présidence de la République
RDS_DICT_INDICATORS_NSO,Indicateurs,28283959,Présidence du Gouvernement
RDS_DICT_INDICATORS_NSO,Indicateurs,28283969,Premier Ministère
RDS_DICT_INDICATORS_NSO,Indicateurs,28283979,Intérieur
RDS_DICT_INDICATORS_NSO,Indicateurs,28283989,Justice et Droits de l'Homme
RDS_DICT_INDICATORS_NSO,Indicateurs,28283999,Justice
RDS_DICT_INDICATORS_NSO,Indicateurs,28284009,Droit de l'Homme et justice transitionnelle
RDS_DICT_INDICATORS_NSO,Indicateurs,28284019,Affaires Etrangères
RDS_DICT_INDICATORS_NSO,Indicateurs,28284029,Défense Nationale
RDS_DICT_INDICATORS_NSO,Indicateurs,28284039,Affaires Religieuses
RDS_DICT_INDICATORS_NSO,Indicateurs,28284049,Finances
RDS_DICT_INDICATORS_NSO,Indicateurs,28284059,Développement et Coopération Internationale
RDS_DICT_INDICATORS_NSO,Indicateurs,28284069,Développement Regional et Planification
RDS_DICT_INDICATORS_NSO,Indicateurs,28284079,Investissement et Coopération Internationale
RDS_DICT_INDICATORS_NSO,Indicateurs,28284089,Domaine de l'Etat
RDS_DICT_INDICATORS_NSO,Indicateurs,28284099,Communications et relations
RDS_DICT_INDICATORS_NSO,Indicateurs,28284109,Agriculture et Environnement
RDS_DICT_INDICATORS_NSO,Indicateurs,28284119,Agriculture et Ressources hydrauliques
RDS_DICT_INDICATORS_NSO,Indicateurs,28284129,Environnement et Développement durable
RDS_DICT_INDICATORS_NSO,Indicateurs,28284139,Affaires locales
RDS_DICT_INDICATORS_NSO,Indicateurs,28284149,Industrie
RDS_DICT_INDICATORS_NSO,Indicateurs,28284159,Equipement et Aménagement du Territoire
RDS_DICT_INDICATORS_NSO,Indicateurs,28286179,"Tourisme, Commerce et Artisanat"
RDS_DICT_INDICATORS_NSO,Indicateurs,28286189,Tourisme
RDS_DICT_INDICATORS_NSO,Indicateurs,28286199,Commerce et d'Artisanat
RDS_DICT_INDICATORS_NSO,Indicateurs,28286209,Technologies de la Communication et Transport
RDS_DICT_INDICATORS_NSO,Indicateurs,28286219,Technologie de la Communication
RDS_DICT_INDICATORS_NSO,Indicateurs,28286229,Transports
RDS_DICT_INDICATORS_NSO,Indicateurs,28286239,"Affaires de la Femme, de la Famille, de l'Enfance et des Personnes âgées"
RDS_DICT_INDICATORS_NSO,Indicateurs,28286249,Affaire de la Femme et de la Famille
RDS_DICT_INDICATORS_NSO,Indicateurs,28286259,Enfance
RDS_DICT_INDICATORS_NSO,Indicateurs,28286269,"Culture, Jeunesse et Loisir"
RDS_DICT_INDICATORS_NSO,Indicateurs,28286279,Culture et Sauvegarde du patrimoine
RDS_DICT_INDICATORS_NSO,Indicateurs,28286289,"Jeunesse, Sports et Education phyisique"
RDS_DICT_INDICATORS_NSO,Indicateurs,28286299,Jeunesse
RDS_DICT_INDICATORS_NSO,Indicateurs,28286309,Sport et Education physique
RDS_DICT_INDICATORS_NSO,Indicateurs,28286319,Santé publique
RDS_DICT_INDICATORS_NSO,Indicateurs,28286329,Affaire Sociales et Solidarité
RDS_DICT_INDICATORS_NSO,Indicateurs,28286339,Education et Formation Professionnelle
RDS_DICT_INDICATORS_NSO,Indicateurs,28286349,Education
RDS_DICT_INDICATORS_NSO,Indicateurs,28286359,Formation Professionnelle
RDS_DICT_INDICATORS_NSO,Indicateurs,28286369,Enseignement Supérieur et recherche scientifique
RDS_DICT_INDICATORS_NSO,Indicateurs,28286379,Enseignement supérieur
RDS_DICT_INDICATORS_NSO,Indicateurs,28286389,"Recherche scientifique, technologie et Dévelopment de compétences"
RDS_DICT_INDICATORS_NSO,Indicateurs,28286399,Emploi
RDS_DICT_INDICATORS_NSO,Indicateurs,28284169,Dépenses du titre II par chapitre
RDS_DICT_INDICATORS_NSO,Indicateurs,28284179,Section 3: Dépenses de developpement
RDS_DICT_INDICATORS_NSO,Indicateurs,28284189,Assemblée Nationale Constituante
RDS_DICT_INDICATORS_NSO,Indicateurs,28284199,Chambre des Députés
RDS_DICT_INDICATORS_NSO,Indicateurs,28284209,Chambre des Conseillers
RDS_DICT_INDICATORS_NSO,Indicateurs,28284219,Présidence de la République
RDS_DICT_INDICATORS_NSO,Indicateurs,28284229,Présidence du Gouvernement
RDS_DICT_INDICATORS_NSO,Indicateurs,28284239,Premier Ministère
RDS_DICT_INDICATORS_NSO,Indicateurs,28284249,Minstère de l'Intérieur
RDS_DICT_INDICATORS_NSO,Indicateurs,28284259,Justice et Droits de l'Homme
RDS_DICT_INDICATORS_NSO,Indicateurs,28284269,Justice
RDS_DICT_INDICATORS_NSO,Indicateurs,28284279,Droits de l'homme et justice transitionelle
RDS_DICT_INDICATORS_NSO,Indicateurs,28284289,Affaires Etrangères
RDS_DICT_INDICATORS_NSO,Indicateurs,28284299,Défense Nationale
RDS_DICT_INDICATORS_NSO,Indicateurs,28284309,Affaires Religieuses
RDS_DICT_INDICATORS_NSO,Indicateurs,28284319,Finances
RDS_DICT_INDICATORS_NSO,Indicateurs,28284329,Développement et Coopération Internationale
RDS_DICT_INDICATORS_NSO,Indicateurs,28284339,Investissement et Coopération Internationale
RDS_DICT_INDICATORS_NSO,Indicateurs,28284349,Domaine de l'Etat
RDS_DICT_INDICATORS_NSO,Indicateurs,28284359,Communications
RDS_DICT_INDICATORS_NSO,Indicateurs,28284369,Agriculture et Ressources hydrauliques
RDS_DICT_INDICATORS_NSO,Indicateurs,28284379,Environnement et Développement durable
RDS_DICT_INDICATORS_NSO,Indicateurs,28284389,Affaires locales
RDS_DICT_INDICATORS_NSO,Indicateurs,28284399,Industrie
RDS_DICT_INDICATORS_NSO,Indicateurs,28284409,Equipement et Aménagement du Territoire
RDS_DICT_INDICATORS_NSO,Indicateurs,28284419,Tourisme
RDS_DICT_INDICATORS_NSO,Indicateurs,28284429,Commerce
RDS_DICT_INDICATORS_NSO,Indicateurs,28284439,Technologies de la Communication
RDS_DICT_INDICATORS_NSO,Indicateurs,28284449,Transports
RDS_DICT_INDICATORS_NSO,Indicateurs,28284459,"Affaires de la Femme, de la Famille"
RDS_DICT_INDICATORS_NSO,Indicateurs,28284469,Enfance
RDS_DICT_INDICATORS_NSO,Indicateurs,28284479,Jeunesse
RDS_DICT_INDICATORS_NSO,Indicateurs,28284489,Sports et Education physique
RDS_DICT_INDICATORS_NSO,Indicateurs,28284499,Culture et Sauvegarde du patrimoine
RDS_DICT_INDICATORS_NSO,Indicateurs,28284509,Santé publique
RDS_DICT_INDICATORS_NSO,Indicateurs,28284519,Affaire Sociales et Solidarité
RDS_DICT_INDICATORS_NSO,Indicateurs,28284529,Education
RDS_DICT_INDICATORS_NSO,Indicateurs,28284539,Formation Professionnelle
RDS_DICT_INDICATORS_NSO,Indicateurs,28284549,Enseignement supérieur
RDS_DICT_INDICATORS_NSO,Indicateurs,28284559,Recherche scientifique
RDS_DICT_INDICATORS_NSO,Indicateurs,28286429,Emploi
RDS_DICT_INDICATORS_NSO,Indicateurs,28286439,Total des dépenses de developpement
RDS_DICT_INDICATORS_NSO,Indicateurs,28284569,Section 4: Principal de la dette
RDS_DICT_INDICATORS_NSO,Indicateurs,28284579,Total des dépenses de Titre II
RDS_DICT_INDICATORS_NSO,Indicateurs,28284589,Evolution des dépenses des fonds spéciaux du trésor
RDS_DICT_INDICATORS_NSO,Indicateurs,28284599,Fonds de Solidarité Nationale
RDS_DICT_INDICATORS_NSO,Indicateurs,28284609,"Compte d'emploi de frais de contrôle financier, des  jetons de presence et tantième revenant à l'état"
RDS_DICT_INDICATORS_NSO,Indicateurs,28284619,Fonds de la protection civile et sécurité  routière
RDS_DICT_INDICATORS_NSO,Indicateurs,28284629,Fonds du Service National
RDS_DICT_INDICATORS_NSO,Indicateurs,28284639,Fonds de la Protection et de l'Esthétique de l'Environnement
RDS_DICT_INDICATORS_NSO,Indicateurs,28284649,Compte de caution des comptabilité publics
RDS_DICT_INDICATORS_NSO,Indicateurs,28284659,Fonds de Restructuration du Capital des Entreprises Publiques: FREP
RDS_DICT_INDICATORS_NSO,Indicateurs,28284669,Fonds de la garantie Automobile
RDS_DICT_INDICATORS_NSO,Indicateurs,28284679,Fonds du développement de la Compétitivité dans le secteur de l'agriculture et de la pêche : FODCAP
RDS_DICT_INDICATORS_NSO,Indicateurs,28284689,Fonds de développement de la compétitivité industrielle : FODECI
RDS_DICT_INDICATORS_NSO,Indicateurs,28284699,Caisse Générale de Compensation
RDS_DICT_INDICATORS_NSO,Indicateurs,28284709,Fonds de Promotion des Exportations
RDS_DICT_INDICATORS_NSO,Indicateurs,28284719,Fonds National d'Amélioration de l'Habitation
RDS_DICT_INDICATORS_NSO,Indicateurs,28284729,Fonds de Promotion de logements  pour les Salariés (FOPROLOS)
RDS_DICT_INDICATORS_NSO,Indicateurs,28284739,Fonds de dépollution
RDS_DICT_INDICATORS_NSO,Indicateurs,28284749,Fonds de protection des zones touristiques
RDS_DICT_INDICATORS_NSO,Indicateurs,28284759,Fonds de développement du secteur touristique
RDS_DICT_INDICATORS_NSO,Indicateurs,28284769,Fonds National pour la Promotion du Sport et de la jeunesse
RDS_DICT_INDICATORS_NSO,Indicateurs,28284779,Compte National de Solidarité Sociale
RDS_DICT_INDICATORS_NSO,Indicateurs,28284789,Fonds de délimitation patrimoine foncier
RDS_DICT_INDICATORS_NSO,Indicateurs,28284799,Fonds de développement des autoroutes
RDS_DICT_INDICATORS_NSO,Indicateurs,28284809,Fonds de développement communication
RDS_DICT_INDICATORS_NSO,Indicateurs,28284819,Fonds National de l’emploi 21-21
RDS_DICT_INDICATORS_NSO,Indicateurs,28284829,Fonds de la formation professionnelle
RDS_DICT_INDICATORS_NSO,Indicateurs,28284839,"Fonds de soutien , d'entretien des établissements scolaires"
RDS_DICT_INDICATORS_NSO,Indicateurs,28284849,Fonds National de maîtrise de l'Energie
RDS_DICT_INDICATORS_NSO,Indicateurs,28284859,Fonds de transition énergétique
RDS_DICT_INDICATORS_NSO,Indicateurs,28284869,Fonds de Prévention des accidents de la circulation
RDS_DICT_INDICATORS_NSO,Indicateurs,28284879,Fonds de Promotion de l'huile d'olive conditionné
RDS_DICT_INDICATORS_NSO,Indicateurs,28284889,Fonds Promotion Dattes
RDS_DICT_INDICATORS_NSO,Indicateurs,28284899,Fonds Promotion Créativité Littéraire et Artistique
RDS_DICT_INDICATORS_NSO,Indicateurs,28284909,Compte de financement des mesures exceptionnelles de mise en retraite
RDS_DICT_INDICATORS_NSO,Indicateurs,28284919,Fonds de financement du repos biologique dans le secteur de la pêche
RDS_DICT_INDICATORS_NSO,Indicateurs,28284929,Fonds de coopération entre les collectivités locales
RDS_DICT_INDICATORS_NSO,Indicateurs,28284939,Autres fonds
RDS_DICT_INDICATORS_NSO,Indicateurs,28285249,Dépenses des fonds de concours
RDS_DICT_INDICATORS_NSO,Indicateurs,28284959,Chambre des Députés
RDS_DICT_INDICATORS_NSO,Indicateurs,28284969,Présidence de la République/ Presidence de gouvernement
RDS_DICT_INDICATORS_NSO,Indicateurs,28284979,Premier Ministère
RDS_DICT_INDICATORS_NSO,Indicateurs,28284989,Ministère de Intérieur
RDS_DICT_INDICATORS_NSO,Indicateurs,28284999,Droits de l'homme et justice transitionelle
RDS_DICT_INDICATORS_NSO,Indicateurs,28285009,Affaires Etrangères
RDS_DICT_INDICATORS_NSO,Indicateurs,28285019,Défense Nationale
RDS_DICT_INDICATORS_NSO,Indicateurs,28285029,Finances
RDS_DICT_INDICATORS_NSO,Indicateurs,28285039,Développement et Coopération Internationale
RDS_DICT_INDICATORS_NSO,Indicateurs,28285049,Domaine de l'Etat
RDS_DICT_INDICATORS_NSO,Indicateurs,28285059,Communications et relations
RDS_DICT_INDICATORS_NSO,Indicateurs,28285069,Agriculture et Ressources hydrauliques
RDS_DICT_INDICATORS_NSO,Indicateurs,28285079,Environnement et Développement durable
RDS_DICT_INDICATORS_NSO,Indicateurs,28285089,Industrie
RDS_DICT_INDICATORS_NSO,Indicateurs,28285099,Equipement et Aménagement du Territoire
RDS_DICT_INDICATORS_NSO,Indicateurs,28285109,Technologies de la Communication
RDS_DICT_INDICATORS_NSO,Indicateurs,28285119,Transports
RDS_DICT_INDICATORS_NSO,Indicateurs,28285129,"Affaires de la Femme, de la Famille et del'Enfance"
RDS_DICT_INDICATORS_NSO,Indicateurs,28286419,Enfance
RDS_DICT_INDICATORS_NSO,Indicateurs,28285139,Jeunesse
RDS_DICT_INDICATORS_NSO,Indicateurs,28285149,Sports et Education physique
RDS_DICT_INDICATORS_NSO,Indicateurs,28285159,Culture et Sauvegarde du patrimoine
RDS_DICT_INDICATORS_NSO,Indicateurs,28285169,Santé publique
RDS_DICT_INDICATORS_NSO,Indicateurs,28285179,Affaire Sociales et Solidarité
RDS_DICT_INDICATORS_NSO,Indicateurs,28285189,Education
RDS_DICT_INDICATORS_NSO,Indicateurs,28285199,Enseignement supérieur
RDS_DICT_INDICATORS_NSO,Indicateurs,28285209,Recherche scientifique
RDS_DICT_INDICATORS_NSO,Indicateurs,28275489,Climatologie
RDS_DICT_INDICATORS_NSO,Indicateurs,28275499,Température minimum absolu par principale station
RDS_DICT_INDICATORS_NSO,Indicateurs,28275509,Nord
RDS_DICT_INDICATORS_NSO,Indicateurs,28275519,Bizerte
RDS_DICT_INDICATORS_NSO,Indicateurs,28275529,Tunis Carthage
RDS_DICT_INDICATORS_NSO,Indicateurs,28275539,Kelibia
RDS_DICT_INDICATORS_NSO,Indicateurs,28275549,Nabeul
RDS_DICT_INDICATORS_NSO,Indicateurs,28275559,Zaghouan-Mogran
RDS_DICT_INDICATORS_NSO,Indicateurs,28275569,Beja
RDS_DICT_INDICATORS_NSO,Indicateurs,28275579,Jendouba
RDS_DICT_INDICATORS_NSO,Indicateurs,28275589,Tabarka
RDS_DICT_INDICATORS_NSO,Indicateurs,28275599,Le-kef
RDS_DICT_INDICATORS_NSO,Indicateurs,28275609,Siliana
RDS_DICT_INDICATORS_NSO,Indicateurs,28275619,Centre
RDS_DICT_INDICATORS_NSO,Indicateurs,28275629,Kairouan
RDS_DICT_INDICATORS_NSO,Indicateurs,28275639,Kasserine
RDS_DICT_INDICATORS_NSO,Indicateurs,28275649,Thala
RDS_DICT_INDICATORS_NSO,Indicateurs,28275659,Sidi-bouzid
RDS_DICT_INDICATORS_NSO,Indicateurs,28275669,Monastir
RDS_DICT_INDICATORS_NSO,Indicateurs,28275679,Mahdia
RDS_DICT_INDICATORS_NSO,Indicateurs,28275689,Sfax
RDS_DICT_INDICATORS_NSO,Indicateurs,28275699,Sud
RDS_DICT_INDICATORS_NSO,Indicateurs,28275709,Gabes
RDS_DICT_INDICATORS_NSO,Indicateurs,28275719,Medenine
RDS_DICT_INDICATORS_NSO,Indicateurs,28275729,Jerba
RDS_DICT_INDICATORS_NSO,Indicateurs,28275739,Tataouine
RDS_DICT_INDICATORS_NSO,Indicateurs,28275749,Remada
RDS_DICT_INDICATORS_NSO,Indicateurs,28275759,El-Borma
RDS_DICT_INDICATORS_NSO,Indicateurs,28275769,Gafsa
RDS_DICT_INDICATORS_NSO,Indicateurs,28275779,Tozeur
RDS_DICT_INDICATORS_NSO,Indicateurs,28275789,Kebili
RDS_DICT_INDICATORS_NSO,Indicateurs,28275799,Température maximum absolu par principale station
RDS_DICT_INDICATORS_NSO,Indicateurs,28277299,Nord
RDS_DICT_INDICATORS_NSO,Indicateurs,28277339,Nabeul
RDS_DICT_INDICATORS_NSO,Indicateurs,28277349,Zaghouan-Mogran
RDS_DICT_INDICATORS_NSO,Indicateurs,28277359,Beja
RDS_DICT_INDICATORS_NSO,Indicateurs,28277369,Jendouba
RDS_DICT_INDICATORS_NSO,Indicateurs,28277379,Tabarka
RDS_DICT_INDICATORS_NSO,Indicateurs,28277389,Le-kef
RDS_DICT_INDICATORS_NSO,Indicateurs,28277399,Siliana
RDS_DICT_INDICATORS_NSO,Indicateurs,28277409,Centre
RDS_DICT_INDICATORS_NSO,Indicateurs,28277419,Kairouan
RDS_DICT_INDICATORS_NSO,Indicateurs,28277429,Kasserine
RDS_DICT_INDICATORS_NSO,Indicateurs,28277439,Thala
RDS_DICT_INDICATORS_NSO,Indicateurs,28277449,Sidi-bouzid
RDS_DICT_INDICATORS_NSO,Indicateurs,28277459,Monastir
RDS_DICT_INDICATORS_NSO,Indicateurs,28277469,Mahdia
RDS_DICT_INDICATORS_NSO,Indicateurs,28277479,Sfax
RDS_DICT_INDICATORS_NSO,Indicateurs,28277489,Sud
RDS_DICT_INDICATORS_NSO,Indicateurs,28277499,Gabes
RDS_DICT_INDICATORS_NSO,Indicateurs,28277509,Medenine
RDS_DICT_INDICATORS_NSO,Indicateurs,28277519,Jerba
RDS_DICT_INDICATORS_NSO,Indicateurs,28277529,Tataouine
RDS_DICT_INDICATORS_NSO,Indicateurs,28277539,Remada
RDS_DICT_INDICATORS_NSO,Indicateurs,28277549,El-Borma
RDS_DICT_INDICATORS_NSO,Indicateurs,28277559,Gafsa
RDS_DICT_INDICATORS_NSO,Indicateurs,28277569,Tozeur
RDS_DICT_INDICATORS_NSO,Indicateurs,28277579,Kebili
RDS_DICT_INDICATORS_NSO,Indicateurs,28276099,Température moyenne par principale station
RDS_DICT_INDICATORS_NSO,Indicateurs,28280209,Nord
RDS_DICT_INDICATORS_NSO,Indicateurs,28279049,Bizerte
RDS_DICT_INDICATORS_NSO,Indicateurs,28279059,Tunis Carthage
RDS_DICT_INDICATORS_NSO,Indicateurs,28279069,Kelibia
RDS_DICT_INDICATORS_NSO,Indicateurs,28279079,Nabeul
RDS_DICT_INDICATORS_NSO,Indicateurs,28279089,Zaghouan-Mogran
RDS_DICT_INDICATORS_NSO,Indicateurs,28279099,Beja
RDS_DICT_INDICATORS_NSO,Indicateurs,28279109,Jendouba
RDS_DICT_INDICATORS_NSO,Indicateurs,28279119,Tabarka
RDS_DICT_INDICATORS_NSO,Indicateurs,28279129,Le-kef
RDS_DICT_INDICATORS_NSO,Indicateurs,28279139,Siliana
RDS_DICT_INDICATORS_NSO,Indicateurs,28279149,Centre
RDS_DICT_INDICATORS_NSO,Indicateurs,28279159,Kairouan
RDS_DICT_INDICATORS_NSO,Indicateurs,28279169,Kasserine
RDS_DICT_INDICATORS_NSO,Indicateurs,28279179,Thala
RDS_DICT_INDICATORS_NSO,Indicateurs,28279189,Sidi-bouzid
RDS_DICT_INDICATORS_NSO,Indicateurs,28279199,Monastir
RDS_DICT_INDICATORS_NSO,Indicateurs,28279209,Mahdia
RDS_DICT_INDICATORS_NSO,Indicateurs,28279219,Sfax
RDS_DICT_INDICATORS_NSO,Indicateurs,28279229,Sud
RDS_DICT_INDICATORS_NSO,Indicateurs,28279239,Gabes
RDS_DICT_INDICATORS_NSO,Indicateurs,28279249,Medenine
RDS_DICT_INDICATORS_NSO,Indicateurs,28279259,Jerba
RDS_DICT_INDICATORS_NSO,Indicateurs,28279269,Tataouine
RDS_DICT_INDICATORS_NSO,Indicateurs,28279279,Remada
RDS_DICT_INDICATORS_NSO,Indicateurs,28279289,El-Borma
RDS_DICT_INDICATORS_NSO,Indicateurs,28279299,Gafsa
RDS_DICT_INDICATORS_NSO,Indicateurs,28279309,Tozeur
RDS_DICT_INDICATORS_NSO,Indicateurs,28279319,Kebili
RDS_DICT_INDICATORS_NSO,Indicateurs,28276399,Pluviométrie en millimètre par principale station (Année civile)
RDS_DICT_INDICATORS_NSO,Indicateurs,28277879,Nord
RDS_DICT_INDICATORS_NSO,Indicateurs,28277889,Bizerte
RDS_DICT_INDICATORS_NSO,Indicateurs,28277899,Tunis Carthage
RDS_DICT_INDICATORS_NSO,Indicateurs,28277909,Kelibia
RDS_DICT_INDICATORS_NSO,Indicateurs,28277919,Nabeul
RDS_DICT_INDICATORS_NSO,Indicateurs,28277929,Zaghouan-Mogran
RDS_DICT_INDICATORS_NSO,Indicateurs,28277939,Beja
RDS_DICT_INDICATORS_NSO,Indicateurs,28277949,Jendouba
RDS_DICT_INDICATORS_NSO,Indicateurs,28277959,Tabarka
RDS_DICT_INDICATORS_NSO,Indicateurs,28277969,Le-kef
RDS_DICT_INDICATORS_NSO,Indicateurs,28277979,Siliana
RDS_DICT_INDICATORS_NSO,Indicateurs,28277989,Centre
RDS_DICT_INDICATORS_NSO,Indicateurs,28277999,Kairouan
RDS_DICT_INDICATORS_NSO,Indicateurs,28278009,Kasserine
RDS_DICT_INDICATORS_NSO,Indicateurs,28278019,Thala
RDS_DICT_INDICATORS_NSO,Indicateurs,28278029,Sidi-bouzid
RDS_DICT_INDICATORS_NSO,Indicateurs,28278039,Monastir
RDS_DICT_INDICATORS_NSO,Indicateurs,28278049,Mahdia
RDS_DICT_INDICATORS_NSO,Indicateurs,28278059,Sfax
RDS_DICT_INDICATORS_NSO,Indicateurs,28278069,Sud
RDS_DICT_INDICATORS_NSO,Indicateurs,28278079,Gabes
RDS_DICT_INDICATORS_NSO,Indicateurs,28278089,Medenine
RDS_DICT_INDICATORS_NSO,Indicateurs,28278099,Jerba
RDS_DICT_INDICATORS_NSO,Indicateurs,28278109,Tataouine
RDS_DICT_INDICATORS_NSO,Indicateurs,28278119,Remada
RDS_DICT_INDICATORS_NSO,Indicateurs,28278129,El-Borma
RDS_DICT_INDICATORS_NSO,Indicateurs,28278139,Gafsa
RDS_DICT_INDICATORS_NSO,Indicateurs,28278149,Tozeur
RDS_DICT_INDICATORS_NSO,Indicateurs,28278159,Kebili
RDS_DICT_INDICATORS_NSO,Indicateurs,28276699,Pluviométrie en mellimètre par principale station (Année Agricole)
RDS_DICT_INDICATORS_NSO,Indicateurs,28278169,Nord
RDS_DICT_INDICATORS_NSO,Indicateurs,28278179,Bizerte
RDS_DICT_INDICATORS_NSO,Indicateurs,28278189,Tunis Carthage
RDS_DICT_INDICATORS_NSO,Indicateurs,28278199,Kelibia
RDS_DICT_INDICATORS_NSO,Indicateurs,28278209,Nabeul
RDS_DICT_INDICATORS_NSO,Indicateurs,28278219,Zaghouan-Mogran
RDS_DICT_INDICATORS_NSO,Indicateurs,28278229,Beja
RDS_DICT_INDICATORS_NSO,Indicateurs,28278239,Jendouba
RDS_DICT_INDICATORS_NSO,Indicateurs,28278249,Tabarka
RDS_DICT_INDICATORS_NSO,Indicateurs,28278259,Le-kef
RDS_DICT_INDICATORS_NSO,Indicateurs,28278269,Siliana
RDS_DICT_INDICATORS_NSO,Indicateurs,28278279,Centre
RDS_DICT_INDICATORS_NSO,Indicateurs,28278289,Kairouan
RDS_DICT_INDICATORS_NSO,Indicateurs,28278299,Kasserine
RDS_DICT_INDICATORS_NSO,Indicateurs,28278309,Thala
RDS_DICT_INDICATORS_NSO,Indicateurs,28278319,Sidi-bouzid
RDS_DICT_INDICATORS_NSO,Indicateurs,28278329,Monastir
RDS_DICT_INDICATORS_NSO,Indicateurs,28278339,Mahdia
RDS_DICT_INDICATORS_NSO,Indicateurs,28278349,Sfax
RDS_DICT_INDICATORS_NSO,Indicateurs,28278359,Sud
RDS_DICT_INDICATORS_NSO,Indicateurs,28278369,Gabes
RDS_DICT_INDICATORS_NSO,Indicateurs,28278379,Medenine
RDS_DICT_INDICATORS_NSO,Indicateurs,28278389,Jerba
RDS_DICT_INDICATORS_NSO,Indicateurs,28278399,Tataouine
RDS_DICT_INDICATORS_NSO,Indicateurs,28278409,Remada
RDS_DICT_INDICATORS_NSO,Indicateurs,28278419,El-Borma
RDS_DICT_INDICATORS_NSO,Indicateurs,28278429,Gafsa
RDS_DICT_INDICATORS_NSO,Indicateurs,28278439,Tozeur
RDS_DICT_INDICATORS_NSO,Indicateurs,28278449,Kebili
RDS_DICT_INDICATORS_NSO,Indicateurs,28276999,Nombre de jours de pluie par station (Année Agricole)
RDS_DICT_INDICATORS_NSO,Indicateurs,28278459,Nord
RDS_DICT_INDICATORS_NSO,Indicateurs,28278469,Bizerte
RDS_DICT_INDICATORS_NSO,Indicateurs,28278479,Tunis Carthage
RDS_DICT_INDICATORS_NSO,Indicateurs,28278489,Kelibia
RDS_DICT_INDICATORS_NSO,Indicateurs,28278499,Nabeul
RDS_DICT_INDICATORS_NSO,Indicateurs,28278509,Zaghouan-Mogran
RDS_DICT_INDICATORS_NSO,Indicateurs,28278519,Beja
RDS_DICT_INDICATORS_NSO,Indicateurs,28278529,Jendouba
RDS_DICT_INDICATORS_NSO,Indicateurs,28278539,Tabarka
RDS_DICT_INDICATORS_NSO,Indicateurs,28278549,Le-kef
RDS_DICT_INDICATORS_NSO,Indicateurs,28278559,Siliana
RDS_DICT_INDICATORS_NSO,Indicateurs,28278569,Centre
RDS_DICT_INDICATORS_NSO,Indicateurs,28278579,Kairouan
RDS_DICT_INDICATORS_NSO,Indicateurs,28278589,Kasserine
RDS_DICT_INDICATORS_NSO,Indicateurs,28278599,Thala
RDS_DICT_INDICATORS_NSO,Indicateurs,28278609,Sidi-bouzid
RDS_DICT_INDICATORS_NSO,Indicateurs,28278619,Monastir
RDS_DICT_INDICATORS_NSO,Indicateurs,28278629,Mahdia
RDS_DICT_INDICATORS_NSO,Indicateurs,28278639,Sfax
RDS_DICT_INDICATORS_NSO,Indicateurs,28278649,Sud
RDS_DICT_INDICATORS_NSO,Indicateurs,28278659,Gabes
RDS_DICT_INDICATORS_NSO,Indicateurs,28278669,Medenine
RDS_DICT_INDICATORS_NSO,Indicateurs,28278679,Jerba
RDS_DICT_INDICATORS_NSO,Indicateurs,28278689,Tataouine
RDS_DICT_INDICATORS_NSO,Indicateurs,28278699,Remada
RDS_DICT_INDICATORS_NSO,Indicateurs,28278709,El-Borma
RDS_DICT_INDICATORS_NSO,Indicateurs,28278719,Gafsa
RDS_DICT_INDICATORS_NSO,Indicateurs,28278729,Tozeur
RDS_DICT_INDICATORS_NSO,Indicateurs,28278739,Kebili
RDS_DICT_INDICATORS_NSO,Indicateurs,11921616,Prix
RDS_DICT_INDICATORS_NSO,Indicateurs,28228379,Indice des prix à la consommation familiale (IPC) (2015 = 100)
RDS_DICT_INDICATORS_NSO,Indicateurs,28228409,Produits alimentaires et boissons non alcoolisées
RDS_DICT_INDICATORS_NSO,Indicateurs,28228419,Produits alimentaires
RDS_DICT_INDICATORS_NSO,Indicateurs,28228429,Pain et céréales
RDS_DICT_INDICATORS_NSO,Indicateurs,28228439,Viandes
RDS_DICT_INDICATORS_NSO,Indicateurs,28228449,Poissons
RDS_DICT_INDICATORS_NSO,Indicateurs,28228459,"Lait, fromage et œufs"
RDS_DICT_INDICATORS_NSO,Indicateurs,28228469,Huiles alimentaires
RDS_DICT_INDICATORS_NSO,Indicateurs,28228479,Fruits
RDS_DICT_INDICATORS_NSO,Indicateurs,28228489,Légumes
RDS_DICT_INDICATORS_NSO,Indicateurs,28228499,"Sucre, confiture, miel, chocolat et confiserie"
RDS_DICT_INDICATORS_NSO,Indicateurs,28228509,Boissons non alcoolisées
RDS_DICT_INDICATORS_NSO,Indicateurs,28228519,"Café, thé et cacao"
RDS_DICT_INDICATORS_NSO,Indicateurs,28228529,"Eaux minérales, boissons gazeuses et jus de fruits"
RDS_DICT_INDICATORS_NSO,Indicateurs,28228539,Boissons alcoolisées et tabac
RDS_DICT_INDICATORS_NSO,Indicateurs,28228549,Boissons alcoolisées
RDS_DICT_INDICATORS_NSO,Indicateurs,28228559,Tabac
RDS_DICT_INDICATORS_NSO,Indicateurs,28228569,Articles d'habillement et chaussures
RDS_DICT_INDICATORS_NSO,Indicateurs,28228579,Articles d'habillement
RDS_DICT_INDICATORS_NSO,Indicateurs,28228589,Tissus pour habillement
RDS_DICT_INDICATORS_NSO,Indicateurs,28228599,Vêtements
RDS_DICT_INDICATORS_NSO,Indicateurs,28228609,Accessoires d'habillement
RDS_DICT_INDICATORS_NSO,Indicateurs,28228619,Chaussures
RDS_DICT_INDICATORS_NSO,Indicateurs,28228629,"Logement, eau, gaz, électricité et autres combustibles"
RDS_DICT_INDICATORS_NSO,Indicateurs,28228639,Loyers effectifs
RDS_DICT_INDICATORS_NSO,Indicateurs,28228649,Entretien et réparation des logements
RDS_DICT_INDICATORS_NSO,Indicateurs,28228659,Alimentation en eau et services divers liés au logement
RDS_DICT_INDICATORS_NSO,Indicateurs,28228669,"Electricité, gaz et autres combustibles"
RDS_DICT_INDICATORS_NSO,Indicateurs,28228679,"Meubles, articles de ménage et entretien courant du foyer"
RDS_DICT_INDICATORS_NSO,Indicateurs,28228689,"Meubles, articles d'ameublement, tapis et autres revêtements de sol"
RDS_DICT_INDICATORS_NSO,Indicateurs,28228699,Articles de ménage en textiles
RDS_DICT_INDICATORS_NSO,Indicateurs,28228709,Appareils ménagers
RDS_DICT_INDICATORS_NSO,Indicateurs,28228719,"Verrerie, vaisselle et ustensiles de ménage"
RDS_DICT_INDICATORS_NSO,Indicateurs,28228729,Outillage et autre matériel pour la maison et le jardin
RDS_DICT_INDICATORS_NSO,Indicateurs,28228739,Biens et services liés à l'entretien courant du foyer
RDS_DICT_INDICATORS_NSO,Indicateurs,28228749,Santé
RDS_DICT_INDICATORS_NSO,Indicateurs,28228759,"Produits, appareils et matériels médicaux"
RDS_DICT_INDICATORS_NSO,Indicateurs,28228769,Services ambulatoires
RDS_DICT_INDICATORS_NSO,Indicateurs,28228779,Services hospitaliers
RDS_DICT_INDICATORS_NSO,Indicateurs,28228789,Transports
RDS_DICT_INDICATORS_NSO,Indicateurs,28228799,Achat de véhicules
RDS_DICT_INDICATORS_NSO,Indicateurs,28228809,Dépenses d'utilisation des véhicules
RDS_DICT_INDICATORS_NSO,Indicateurs,28228819,Services de transport
RDS_DICT_INDICATORS_NSO,Indicateurs,28228829,Communications
RDS_DICT_INDICATORS_NSO,Indicateurs,28228839,Services postaux
RDS_DICT_INDICATORS_NSO,Indicateurs,28228849,Matériel de téléphonie
RDS_DICT_INDICATORS_NSO,Indicateurs,28228859,Services de téléphonie
RDS_DICT_INDICATORS_NSO,Indicateurs,28228869,Loisirs et culture
RDS_DICT_INDICATORS_NSO,Indicateurs,28228879,"Matériel audiovisuel, photographique et de traitement de l'information"
RDS_DICT_INDICATORS_NSO,Indicateurs,28228889,Autres biens durables à fonction récréative et culturelle
RDS_DICT_INDICATORS_NSO,Indicateurs,28228899,"Autres articles et matériel de loisirs, de jardinage et animaux de compagnie"
RDS_DICT_INDICATORS_NSO,Indicateurs,28228909,Services récréatifs et culturels
RDS_DICT_INDICATORS_NSO,Indicateurs,28228919,"Journaux, livres et articles de papeterie"
RDS_DICT_INDICATORS_NSO,Indicateurs,28228929,Enseignement
RDS_DICT_INDICATORS_NSO,Indicateurs,28228939,Enseignement préélémentaire et primaire
RDS_DICT_INDICATORS_NSO,Indicateurs,28228949,Enseignement secondaire
RDS_DICT_INDICATORS_NSO,Indicateurs,28228959,Fournitures Scolaires
RDS_DICT_INDICATORS_NSO,Indicateurs,28228969,Livres Scolaires
RDS_DICT_INDICATORS_NSO,Indicateurs,28228979,Enseignement non défini par niveau
RDS_DICT_INDICATORS_NSO,Indicateurs,28228989,Restaurants et hôtels
RDS_DICT_INDICATORS_NSO,Indicateurs,28228999,Restaurants et Cafés
RDS_DICT_INDICATORS_NSO,Indicateurs,28229009,Services d'hébergement
RDS_DICT_INDICATORS_NSO,Indicateurs,28229019,Biens et services divers
RDS_DICT_INDICATORS_NSO,Indicateurs,28229029,Soins personnels
RDS_DICT_INDICATORS_NSO,Indicateurs,28229039,Effets personnels
RDS_DICT_INDICATORS_NSO,Indicateurs,28229049,Assurance
RDS_DICT_INDICATORS_NSO,Indicateurs,28229059,Services financiers
RDS_DICT_INDICATORS_NSO,Indicateurs,28229069,Ensemble
RDS_DICT_INDICATORS_NSO,Indicateurs,28228389,Variations mensuelles de l'Indice de Prix à la Consommation Familiale ( Base 100 en 2015 )
RDS_DICT_INDICATORS_NSO,Indicateurs,28231759,Produits alimentaires et boissons non alcoolisées
RDS_DICT_INDICATORS_NSO,Indicateurs,28231769,Produits alimentaires
RDS_DICT_INDICATORS_NSO,Indicateurs,28231779,Pain et céréales
RDS_DICT_INDICATORS_NSO,Indicateurs,28231789,Viandes
RDS_DICT_INDICATORS_NSO,Indicateurs,28231799,Poissons
RDS_DICT_INDICATORS_NSO,Indicateurs,28231809,"Lait, fromage et œufs"
RDS_DICT_INDICATORS_NSO,Indicateurs,28231819,Huiles alimentaires
RDS_DICT_INDICATORS_NSO,Indicateurs,28231829,Fruits
RDS_DICT_INDICATORS_NSO,Indicateurs,28231839,Légumes
RDS_DICT_INDICATORS_NSO,Indicateurs,28231849,"Sucre, confiture, miel, chocolat et confiserie"
RDS_DICT_INDICATORS_NSO,Indicateurs,28231859,Boissons non alcoolisées
RDS_DICT_INDICATORS_NSO,Indicateurs,28231869,"Café, thé"
RDS_DICT_INDICATORS_NSO,Indicateurs,28231879,"Eaux minérales, boissons gazeuses et jus de fruits"
RDS_DICT_INDICATORS_NSO,Indicateurs,28231889,Boissons alcoolisées et tabac
RDS_DICT_INDICATORS_NSO,Indicateurs,28231899,Boissons alcoolisées
RDS_DICT_INDICATORS_NSO,Indicateurs,28231909,Tabac
RDS_DICT_INDICATORS_NSO,Indicateurs,28231919,Articles d'habillement et chaussures
RDS_DICT_INDICATORS_NSO,Indicateurs,28231929,Articles d'habillement
RDS_DICT_INDICATORS_NSO,Indicateurs,28231939,Tissus pour habillement
RDS_DICT_INDICATORS_NSO,Indicateurs,28231949,Vêtements
RDS_DICT_INDICATORS_NSO,Indicateurs,28231959,Accessoires d'habillement
RDS_DICT_INDICATORS_NSO,Indicateurs,28231969,Chaussures
RDS_DICT_INDICATORS_NSO,Indicateurs,28231979,"Logement, eau, gaz, électricité et autres combustibles"
RDS_DICT_INDICATORS_NSO,Indicateurs,28231989,Loyers effectifs
RDS_DICT_INDICATORS_NSO,Indicateurs,28231999,Entretien et réparation des logements
RDS_DICT_INDICATORS_NSO,Indicateurs,28232009,Alimentation en eau et services divers liés au logement
RDS_DICT_INDICATORS_NSO,Indicateurs,28232019,"lectricité, gaz et autres combustibles"
RDS_DICT_INDICATORS_NSO,Indicateurs,28232029,"Meubles, articles de ménage et entretien courant du foyer"
RDS_DICT_INDICATORS_NSO,Indicateurs,28232039,"Meubles, articles d'ameublement, tapis et autres revêtements de sol"
RDS_DICT_INDICATORS_NSO,Indicateurs,28232049,Articles de ménage en textiles
RDS_DICT_INDICATORS_NSO,Indicateurs,28232059,Appareils ménagers
RDS_DICT_INDICATORS_NSO,Indicateurs,28232069,"Verrerie, vaisselle et ustensiles de ménage"
RDS_DICT_INDICATORS_NSO,Indicateurs,28232079,Outillage et autre matériel pour la maison et le jardin
RDS_DICT_INDICATORS_NSO,Indicateurs,28232089,Biens et services liés à l'entretien courant du foyer
RDS_DICT_INDICATORS_NSO,Indicateurs,28232099,Santé
RDS_DICT_INDICATORS_NSO,Indicateurs,28232109,"Produits, appareils et matériels médicaux"
RDS_DICT_INDICATORS_NSO,Indicateurs,28232119,Services ambulatoires
RDS_DICT_INDICATORS_NSO,Indicateurs,28232129,Services hospitaliers
RDS_DICT_INDICATORS_NSO,Indicateurs,28232139,Transports
RDS_DICT_INDICATORS_NSO,Indicateurs,28232149,Achat de véhicules
RDS_DICT_INDICATORS_NSO,Indicateurs,28232159,Dépenses d'utilisation des véhicules
RDS_DICT_INDICATORS_NSO,Indicateurs,28232169,Services de transport
RDS_DICT_INDICATORS_NSO,Indicateurs,28232179,Communications
RDS_DICT_INDICATORS_NSO,Indicateurs,28232189,Services postaux
RDS_DICT_INDICATORS_NSO,Indicateurs,28232199,Matériel de téléphonie
RDS_DICT_INDICATORS_NSO,Indicateurs,28232209,Services de téléphonie
RDS_DICT_INDICATORS_NSO,Indicateurs,28232219,Loisirs et culture
RDS_DICT_INDICATORS_NSO,Indicateurs,28232229,"Matériel audiovisuel, photographique et de traitement de l'information"
RDS_DICT_INDICATORS_NSO,Indicateurs,28232239,Autres biens durables à fonction récréative et culturelle
RDS_DICT_INDICATORS_NSO,Indicateurs,28232249,"Autres articles et matériel de loisirs, de jardinage et animaux de compagnie"
RDS_DICT_INDICATORS_NSO,Indicateurs,28232259,Services récréatifs et culturels
RDS_DICT_INDICATORS_NSO,Indicateurs,28232269,"Journaux, livres et articles de papeterie"
RDS_DICT_INDICATORS_NSO,Indicateurs,28232279,Enseignement
RDS_DICT_INDICATORS_NSO,Indicateurs,28232289,Enseignement préélémentaire et primaire
RDS_DICT_INDICATORS_NSO,Indicateurs,28232299,Enseignement secondaire
RDS_DICT_INDICATORS_NSO,Indicateurs,28232309,Fournitures Scolaires
RDS_DICT_INDICATORS_NSO,Indicateurs,28232319,Livres Scolaires
RDS_DICT_INDICATORS_NSO,Indicateurs,28232329,Enseignement non défini par niveau
RDS_DICT_INDICATORS_NSO,Indicateurs,28232339,Restaurants et hôtels
RDS_DICT_INDICATORS_NSO,Indicateurs,28232349,Restaurants et Cafés
RDS_DICT_INDICATORS_NSO,Indicateurs,28232359,Services d'hébergement
RDS_DICT_INDICATORS_NSO,Indicateurs,28232369,Biens et services divers
RDS_DICT_INDICATORS_NSO,Indicateurs,28232379,Soins personnels
RDS_DICT_INDICATORS_NSO,Indicateurs,28232389,Effets personnels
RDS_DICT_INDICATORS_NSO,Indicateurs,28232399,Assurance
RDS_DICT_INDICATORS_NSO,Indicateurs,28232409,Services financiers
RDS_DICT_INDICATORS_NSO,Indicateurs,28232419,Ensemble
RDS_DICT_INDICATORS_NSO,Indicateurs,28228399,Glissement annuel de l'Indice de Prix à la Consommation Familiale (Base 100 en 2015)
RDS_DICT_INDICATORS_NSO,Indicateurs,28232429,Produits alimentaires et boissons non alcoolisées
RDS_DICT_INDICATORS_NSO,Indicateurs,28232439,Produits alimentaires
RDS_DICT_INDICATORS_NSO,Indicateurs,28232449,Pain et céréales
RDS_DICT_INDICATORS_NSO,Indicateurs,28232459,Viandes
RDS_DICT_INDICATORS_NSO,Indicateurs,28232469,Poissons
RDS_DICT_INDICATORS_NSO,Indicateurs,28232479,"Lait, fromage et œufs"
RDS_DICT_INDICATORS_NSO,Indicateurs,28232489,Huiles alimentaires
RDS_DICT_INDICATORS_NSO,Indicateurs,28232499,Fruits
RDS_DICT_INDICATORS_NSO,Indicateurs,28232509,Légumes
RDS_DICT_INDICATORS_NSO,Indicateurs,28232519,"Sucre, confiture, miel, chocolat et confiserie"
RDS_DICT_INDICATORS_NSO,Indicateurs,28232529,Boissons non alcoolisées
RDS_DICT_INDICATORS_NSO,Indicateurs,28232539,"Café, thé"
RDS_DICT_INDICATORS_NSO,Indicateurs,28232549,"Eaux minérales, boissons gazeuses et jus de fruits"
RDS_DICT_INDICATORS_NSO,Indicateurs,28232559,Boissons alcoolisées et tabac
RDS_DICT_INDICATORS_NSO,Indicateurs,28232569,Boissons alcoolisées
RDS_DICT_INDICATORS_NSO,Indicateurs,28232579,Tabac
RDS_DICT_INDICATORS_NSO,Indicateurs,28232589,Articles d'habillement et chaussures
RDS_DICT_INDICATORS_NSO,Indicateurs,28232599,Articles d'habillement
RDS_DICT_INDICATORS_NSO,Indicateurs,28232609,Tissus pour habillement
RDS_DICT_INDICATORS_NSO,Indicateurs,28232619,Vêtements
RDS_DICT_INDICATORS_NSO,Indicateurs,28232629,Accessoires d'habillement
RDS_DICT_INDICATORS_NSO,Indicateurs,28232639,Chaussures
RDS_DICT_INDICATORS_NSO,Indicateurs,28232649,"Logement, eau, gaz, électricité et autres combustibles"
RDS_DICT_INDICATORS_NSO,Indicateurs,28232659,Loyers effectifs
RDS_DICT_INDICATORS_NSO,Indicateurs,28232669,Entretien et réparation des logements
RDS_DICT_INDICATORS_NSO,Indicateurs,28232679,Alimentation en eau et services divers liés au logement
RDS_DICT_INDICATORS_NSO,Indicateurs,28232689,"Electricité, gaz et autres combustibles"
RDS_DICT_INDICATORS_NSO,Indicateurs,28232699,"Meubles, articles de ménage et entretien courant du foyer"
RDS_DICT_INDICATORS_NSO,Indicateurs,28232709,"Meubles, articles d'ameublement, tapis et autres revêtements de sol"
RDS_DICT_INDICATORS_NSO,Indicateurs,28232719,Articles de ménage en textiles
RDS_DICT_INDICATORS_NSO,Indicateurs,28232729,Appareils ménagers
RDS_DICT_INDICATORS_NSO,Indicateurs,28232739,"Verrerie, vaisselle et ustensiles de ménage"
RDS_DICT_INDICATORS_NSO,Indicateurs,28232749,Outillage et autre matériel pour la maison et le jardin
RDS_DICT_INDICATORS_NSO,Indicateurs,28232759,Biens et services liés à l'entretien courant du foyer
RDS_DICT_INDICATORS_NSO,Indicateurs,28232769,Santé
RDS_DICT_INDICATORS_NSO,Indicateurs,28232779,"Produits, appareils et matériels médicaux"
RDS_DICT_INDICATORS_NSO,Indicateurs,28232789,Services ambulatoires
RDS_DICT_INDICATORS_NSO,Indicateurs,28232799,Services hospitaliers
RDS_DICT_INDICATORS_NSO,Indicateurs,28232809,Transports
RDS_DICT_INDICATORS_NSO,Indicateurs,28232819,Achat de véhicules
RDS_DICT_INDICATORS_NSO,Indicateurs,28232829,Dépenses d'utilisation des véhicules
RDS_DICT_INDICATORS_NSO,Indicateurs,28232839,Services de transport
RDS_DICT_INDICATORS_NSO,Indicateurs,28232849,Communications
RDS_DICT_INDICATORS_NSO,Indicateurs,28232859,Services postaux
RDS_DICT_INDICATORS_NSO,Indicateurs,28232869,Matériel de téléphonie
RDS_DICT_INDICATORS_NSO,Indicateurs,28232879,Services de téléphonie
RDS_DICT_INDICATORS_NSO,Indicateurs,28232889,Loisirs et culture
RDS_DICT_INDICATORS_NSO,Indicateurs,28232899,"Matériel audiovisuel, photographique et de traitement de l'information"
RDS_DICT_INDICATORS_NSO,Indicateurs,28232909,Autres biens durables à fonction récréative et culturelle
RDS_DICT_INDICATORS_NSO,Indicateurs,28232919,"Autres articles et matériel de loisirs, de jardinage et animaux de compagnie"
RDS_DICT_INDICATORS_NSO,Indicateurs,28232929,Services récréatifs et culturels
RDS_DICT_INDICATORS_NSO,Indicateurs,28232939,"Journaux, livres et articles de papeterie"
RDS_DICT_INDICATORS_NSO,Indicateurs,28232949,Enseignement
RDS_DICT_INDICATORS_NSO,Indicateurs,28232959,Enseignement préélémentaire et primaire
RDS_DICT_INDICATORS_NSO,Indicateurs,28232969,Enseignement secondaire
RDS_DICT_INDICATORS_NSO,Indicateurs,28232979,Fournitures Scolaires
RDS_DICT_INDICATORS_NSO,Indicateurs,28232989,Livres Scolaires
RDS_DICT_INDICATORS_NSO,Indicateurs,28232999,Enseignement non défini par niveau
RDS_DICT_INDICATORS_NSO,Indicateurs,28233009,Restaurants et hôtels
RDS_DICT_INDICATORS_NSO,Indicateurs,28233019,Restaurants et Cafés
RDS_DICT_INDICATORS_NSO,Indicateurs,28233029,Services d'hébergement
RDS_DICT_INDICATORS_NSO,Indicateurs,28233039,Biens et services divers
RDS_DICT_INDICATORS_NSO,Indicateurs,28233049,Soins personnels
RDS_DICT_INDICATORS_NSO,Indicateurs,28233059,Effets personnels
RDS_DICT_INDICATORS_NSO,Indicateurs,28233069,Assurance
RDS_DICT_INDICATORS_NSO,Indicateurs,28233079,Services financiers
RDS_DICT_INDICATORS_NSO,Indicateurs,28233089,Ensemble
RDS_DICT_INDICATORS_NSO,Indicateurs,27665429,Evolution de l'Indice des prix à la consommation familiale selon l'année de base
RDS_DICT_INDICATORS_NSO,Indicateurs,27665439,Base (1962=100)
RDS_DICT_INDICATORS_NSO,Indicateurs,27665449,Base (1970=100)
RDS_DICT_INDICATORS_NSO,Indicateurs,27665459,Base (1977=100)
RDS_DICT_INDICATORS_NSO,Indicateurs,27665469,Base (1983=100)
RDS_DICT_INDICATORS_NSO,Indicateurs,27665479,Base (1990=100)
RDS_DICT_INDICATORS_NSO,Indicateurs,27665489,Base (2000=100)
RDS_DICT_INDICATORS_NSO,Indicateurs,27665499,Base (2005=100)
RDS_DICT_INDICATORS_NSO,Indicateurs,27701139,Base (2010=100)
RDS_DICT_INDICATORS_NSO,Indicateurs,28233099,Base (2015=100)
RDS_DICT_INDICATORS_NSO,Indicateurs,27936089,Indice des Prix à la Vente Industrielle (IPVI) (2010 = 100)
RDS_DICT_INDICATORS_NSO,Indicateurs,27936099,INDUSTRIE MANUFACTURIERE
RDS_DICT_INDICATORS_NSO,Indicateurs,27936109,INDUSTRIES AGRO-ALIMENTAIRES
RDS_DICT_INDICATORS_NSO,Indicateurs,27936119,Industrie des viandes
RDS_DICT_INDICATORS_NSO,Indicateurs,27936129,Industrie du poisson
RDS_DICT_INDICATORS_NSO,Indicateurs,27936139,Industrie des fruits et légumes
RDS_DICT_INDICATORS_NSO,Indicateurs,27936149,Industrie des huiles et des corps gras
RDS_DICT_INDICATORS_NSO,Indicateurs,27936159,Industrie laitière
RDS_DICT_INDICATORS_NSO,Indicateurs,27936169,"Travail des grains, fabrication de produits amylacés"
RDS_DICT_INDICATORS_NSO,Indicateurs,27936179,Fabrication d'aliments pour animaux
RDS_DICT_INDICATORS_NSO,Indicateurs,27936189,Autres industries alimentaires
RDS_DICT_INDICATORS_NSO,Indicateurs,27936199,Industrie des boissons
RDS_DICT_INDICATORS_NSO,Indicateurs,27936209,Industrie du tabac
RDS_DICT_INDICATORS_NSO,Indicateurs,27936219,"MATERIAUX DE CONSTRUCTION, CERAMIQUE ET VERRE"
RDS_DICT_INDICATORS_NSO,Indicateurs,27936229,Extraction de pierres
RDS_DICT_INDICATORS_NSO,Indicateurs,27936239,Extraction de sables et d'argiles
RDS_DICT_INDICATORS_NSO,Indicateurs,27936249,Fabrication de verre et d'articles en verre
RDS_DICT_INDICATORS_NSO,Indicateurs,27936259,"Fabrication de produits céramiques, autres que pour la construction"
RDS_DICT_INDICATORS_NSO,Indicateurs,27936269,Fabrication de carreaux en céramique
RDS_DICT_INDICATORS_NSO,Indicateurs,27936279,Fabrication de tuiles et briques en terre cuite
RDS_DICT_INDICATORS_NSO,Indicateurs,27936289,"Fabrication de ciment, chaux et plâtre"
RDS_DICT_INDICATORS_NSO,Indicateurs,27936299,Fabrication d'ouvrages en béton ou en plâtre
RDS_DICT_INDICATORS_NSO,Indicateurs,27936309,Travail de la pierre
RDS_DICT_INDICATORS_NSO,Indicateurs,27936319,INDUSTRIES MECANIQUES ET ELECTRIQUES
RDS_DICT_INDICATORS_NSO,Indicateurs,27936329,Metallurgie
RDS_DICT_INDICATORS_NSO,Indicateurs,27936339,Travail des metaux
RDS_DICT_INDICATORS_NSO,Indicateurs,27936349,Fabrication de machines et equipements
RDS_DICT_INDICATORS_NSO,Indicateurs,27936359,Fabrication de machines et appareils electriques
RDS_DICT_INDICATORS_NSO,Indicateurs,27936369,"Fabrication d'equipements de radio, television et communication"
RDS_DICT_INDICATORS_NSO,Indicateurs,27936379,"Fabrication d'instruments medicaux, de precision, d'optique et d'horlogerie"
RDS_DICT_INDICATORS_NSO,Indicateurs,27936389,Industrie automobile
RDS_DICT_INDICATORS_NSO,Indicateurs,27936399,Fabrication d'autres materiels de transport
RDS_DICT_INDICATORS_NSO,Indicateurs,27936409,CHIMIE
RDS_DICT_INDICATORS_NSO,Indicateurs,27936419,Industrie chimique de base
RDS_DICT_INDICATORS_NSO,Indicateurs,27936429,Fabrication de peintures et vernis
RDS_DICT_INDICATORS_NSO,Indicateurs,27936439,Industrie pharmaceutique
RDS_DICT_INDICATORS_NSO,Indicateurs,27936449,"Fabrication de savons, de parfums et de produits d'entretien"
RDS_DICT_INDICATORS_NSO,Indicateurs,27936459,Fabrication d'autres produits chimiques
RDS_DICT_INDICATORS_NSO,Indicateurs,27936469,Industrie du caoutchouc
RDS_DICT_INDICATORS_NSO,Indicateurs,27936479,TEXTILE
RDS_DICT_INDICATORS_NSO,Indicateurs,27936489,Industrie textile
RDS_DICT_INDICATORS_NSO,Indicateurs,27936499,Industrie d'habillement et des fourrures
RDS_DICT_INDICATORS_NSO,Indicateurs,27936509,Industrie du cuir et de la chaussure
RDS_DICT_INDICATORS_NSO,Indicateurs,27936519,INDUSTRIES DIVERS
RDS_DICT_INDICATORS_NSO,Indicateurs,27936529,Travail du bois et fabrication d'articles en bois
RDS_DICT_INDICATORS_NSO,Indicateurs,27936539,Industrie du papier et du carton
RDS_DICT_INDICATORS_NSO,Indicateurs,27936549,"Edition, imprimerie, reproduction"
RDS_DICT_INDICATORS_NSO,Indicateurs,27936559,Transformation des matières plastiques
RDS_DICT_INDICATORS_NSO,Indicateurs,27936569,Fabrication de meubles; industries diverses
RDS_DICT_INDICATORS_NSO,Indicateurs,27936579,MINES
RDS_DICT_INDICATORS_NSO,Indicateurs,27936589,Extraction de minéraux pour l'industrie chimique et d'engrais naturels
RDS_DICT_INDICATORS_NSO,Indicateurs,27936599,Production de sel
RDS_DICT_INDICATORS_NSO,Indicateurs,27936609,ENERGIE
RDS_DICT_INDICATORS_NSO,Indicateurs,27936619,Extraction d'hydrocarbures
RDS_DICT_INDICATORS_NSO,Indicateurs,27936629,Raffinage de pétrole
RDS_DICT_INDICATORS_NSO,Indicateurs,27936639,Production et distribution d'électricité
RDS_DICT_INDICATORS_NSO,Indicateurs,27936649,"Captage, traitement et distribution d'eau"
RDS_DICT_INDICATORS_NSO,Indicateurs,27936659,Indice d'ensemble
RDS_DICT_INDICATORS_NSO,Indicateurs,27995149,Indice des prix de l'immobilier (2015 = 100)
RDS_DICT_INDICATORS_NSO,Indicateurs,27995159,Terrain nu
RDS_DICT_INDICATORS_NSO,Indicateurs,27995169,Appartement
RDS_DICT_INDICATORS_NSO,Indicateurs,27995179,Maison
RDS_DICT_INDICATORS_NSO,Indicateurs,27995199,Glissement annuel de l'indice des prix de l'immobilier
RDS_DICT_INDICATORS_NSO,Indicateurs,27995209,Terrain nus
RDS_DICT_INDICATORS_NSO,Indicateurs,27995219,Appartement
RDS_DICT_INDICATORS_NSO,Indicateurs,27995229,Maisons
RDS_DICT_INDICATORS_NSO,Indicateurs,27995239,Glissement annuel général
